Unnamed: 0,Rk,Squad,MP,W,D,L,GF,GA,GD,Pts,Attendance,Top Team Scorer,Goalkeeper,Notes,Market Value,xG,xGA,xGD,xGD/90,Years
0,1,Juventus FC,38,26,8,4,67,27,40,86,22.936,Zlatan IbrahimoviÄ‡ - 16,Gianluigi Buffon,â†’ UEFA Champions League via league finish,304.9,,,,,2004-05
1,2,AC Milan,38,23,10,5,63,28,35,79,63.551,Andriy Shevchenko - 17,Dida,â†’ UEFA Champions League via league finish,273.7,,,,,2004-05
2,3,Inter Milan,38,18,18,2,65,37,28,72,50.097,Adriano - 16,Francesco Toldo,â†’ UEFA Champions League via league finish,240.63,,,,,2004-05
3,4,Udinese Calcio,38,17,11,10,56,40,16,62,16.514,David Di Michele - 15,Morgan De Sanctis,â†’ UEFA Champions League via league finish,83.95,,,,,2004-05
4,5,UC Sampdoria,38,17,10,11,42,29,13,61,24.517,Francesco Flachi - 14,Francesco Antonioli,â†’ UEFA Cup via league finish,51.0,,,,,2004-05
5,6,US Palermo,38,12,17,9,48,44,4,53,31.63,Luca Toni - 20,Matteo Guardalben,â†’ UEFA Cup via league finish,78.75,,,,,2004-05
6,7,FC Messina Peloro,38,12,12,14,44,52,-8,48,27.652,Riccardo Zampagna - 12,Marco Storari,,32.65,,,,,2004-05
7,8,AS Roma,38,11,12,15,54,58,-4,45,45.073,Vincenzo Montella - 21,Ivan Pelizzoli,â†’ UEFA Cup via cup loss 1,187.6,,,,,2004-05
8,9,AS Livorno,38,11,12,15,49,60,-11,45,14.327,Cristiano Lucarelli - 24,Marco Amelia,,25.0,,,,,2004-05
9,10,Reggina Calcio,38,10,14,14,36,45,-9,44,17.67,Emiliano Bonazzoli - 8,Nicola Pavarini,,29.3,,,,,2004-05
10,11,US Lecce,38,10,14,14,66,73,-7,44,14.985,Mirko VuÄiniÄ‡ - 19,Vincenzo Sicignano,,44.9,,,,,2004-05
11,12,Cagliari Calcio,38,10,14,14,51,60,-9,44,16.09,Mauro Esposito - 16,Gennaro Iezzo,,23.9,,,,,2004-05
12,13,SS Lazio,38,11,11,16,48,52,-4,44,36.146,Tommaso Rocchi - 13,Matteo Sereni,â†’ UEFA Inter Milantoto Cup via league finish,77.05,,,,,2004-05
13,14,AC Siena,38,9,16,13,44,55,-11,43,8.344,Enrico Chiesa - 11,"Marco Fortin, Alex Manninger",,54.9,,,,,2004-05
14,15,Chievo Verona,38,11,10,17,32,49,-17,43,11.009,Sergio Pellissier - 7,Luca Marchegiani,,46.28,,,,,2004-05
15,16,ACF Fiorentina,38,9,15,14,42,50,-8,42,31.919,Fabrizio Miccoli - 12,Cristiano Lupatelli,,111.83,,,,,2004-05
16,17,Parma FC,38,10,12,16,48,65,-17,42,15.748,Alberto Gilardino - 23,SÃ©bastien Frey,â†’ Relegation play-off,110.05,,,,,2004-05
17,18,Bologna FC 1909,38,9,15,14,33,36,-3,42,16.998,Claudio Bellucci - 10,Gianluca Pagliuca,"Relegated, â†’ Relegation play-off",29.94,,,,,2004-05
18,19,Brescia Calcio,38,11,8,19,37,54,-17,41,8.798,Andrea Caracciolo - 12,Luca Castellazzi,Relegated,45.25,,,,,2004-05
19,20,Atalanta BC,38,8,11,19,34,45,-11,35,14.851,Stephen Makinwa - 6,Massimo Taibi,Relegated,41.7,,,,,2004-05
0,1,Inter Milan,38,23,7,8,68,30,38,76,52.497,Julio Ricardo Cruz - 15,JÃºlio CÃ©sar,â†’ UEFA Champions League via league finish,234.9,,,,,2005-06
1,2,AS Roma,38,19,12,7,70,42,28,69,36.133,Francesco Totti - 15,Doni,â†’ UEFA Champions League via league finish,179.2,,,,,2005-06
2,3,AC Milan,38,28,4,6,85,31,54,58,58.525,Andriy Shevchenko - 19,Dida,"30-point deduction 1, â†’ UEFA Champions League via league finish",269.75,,,,,2005-06
3,4,Chievo Verona,38,13,15,10,54,49,5,54,10.44,Sergio Pellissier - 13,Alberto Fontana,â†’ UEFA Champions League via league finish,49.55,,,,,2005-06
4,5,US Palermo,38,13,13,12,50,52,-2,52,28.22,Andrea Caracciolo - 9,Cristiano Lupatelli,â†’ UEFA Cup via league finish,94.2,,,,,2005-06
5,6,AS Livorno,38,12,13,13,37,44,-7,49,12.692,Cristiano Lucarelli - 19,Marco Amelia,â†’ UEFA Cup via league finish,56.38,,,,,2005-06
6,7,Parma FC,38,12,9,17,46,60,-14,45,14.984,"FÃ¡bio SimplÃ­cio, Bernardo Corradi - 10",Luca Bucci,â†’ UEFA Cup via league finish 2,57.05,,,,,2005-06
7,8,Empoli FC,38,13,6,19,47,61,-14,45,7.17,Francesco Tavano - 18,Gianluca Berti,,37.0,,,,,2005-06
8,9,ACF Fiorentina,38,22,8,8,66,41,25,44,32.988,Luca Toni - 31,SÃ©bastien Frey,30-point deduction 3,138.68,,,,,2005-06
9,10,Ascoli Calcio 1898,38,9,16,13,43,53,-10,43,12.435,Marco Ferrante - 8,Ferdinando Coppola,,24.55,,,,,2005-06
10,11,Udinese Calcio,38,11,10,17,40,54,-14,43,16.611,Vincenzo Iaquinta - 9,Morgan De Sanctis,,89.6,,,,,2005-06
11,12,UC Sampdoria,38,10,11,17,47,51,-4,41,23.338,Francesco Flachi - 11,Francesco Antonioli,,61.5,,,,,2005-06
12,13,Reggina Calcio,38,11,8,19,39,65,-26,41,15.675,Nicola Amoruso - 11,Ivan Pelizzoli,,43.65,,,,,2005-06
13,14,Cagliari Calcio,38,8,15,15,42,55,-13,39,12.75,David Suazo - 22,Antonio Chimenti,,35.65,,,,,2005-06
14,15,AC Siena,38,9,12,17,42,60,-18,39,9.506,"Enrico Chiesa, Erjon Bogdani - 11",Antonio Mirante,,35.98,,,,,2005-06
15,16,SS Lazio,38,16,14,8,57,47,10,32,28.863,Tommaso Rocchi - 16,Angelo Peruzzi,30-point deduction 4,83.55,,,,,2005-06
16,17,FC Messina Peloro,38,6,13,19,33,59,-26,31,25.0,Arturo Di SSC Napoli - 13,Marco Storari,,39.98,,,,,2005-06
17,18,US Lecce,38,7,8,23,30,57,-27,29,11.895,Mirko VuÄiniÄ‡ - 9,Vincenzo Sicignano,Relegated,52.15,,,,,2005-06
18,19,Treviso FBC 1993,38,3,12,23,24,56,-32,21,7.697,"Reginaldo, Marco Borriello - 5",Adriano ZancopÃ¨,Relegated,23.53,,,,,2005-06
19,20,Juventus FC,38,27,10,1,71,24,47,91,30.836,David Trezeguet - 23,Gianluigi Buffon,"Assigned last place 5, Relegated",308.9,,,,,2005-06
0,1,Inter Milan,38,30,7,1,80,34,46,97,48.284,Zlatan IbrahimoviÄ‡ - 15,JÃºlio CÃ©sar,â†’ UEFA Champions League via league finish,267.23,,,,,2006-07
1,2,AS Roma,38,22,9,7,74,34,40,75,38.719,Francesco Totti - 26,Doni,â†’ UEFA Champions League via league finish,206.65,,,,,2006-07
2,3,SS Lazio,38,18,11,9,59,33,26,62,25.048,Tommaso Rocchi - 16,Angelo Peruzzi,"3-point deduction 1, â†’ UEFA Champions League via league finish",105.35,,,,,2006-07
3,4,AC Milan,38,19,12,7,57,36,21,61,47.147,Alberto Gilardino - 12,Dida,"8-point deduction 2, â†’ UEFA Champions League via Champions League win",274.35,,,,,2006-07
4,5,US Palermo,38,16,10,12,58,51,7,58,23.8,Eugenio Corini - 10,Alberto Fontana,â†’ UEFA Cup via league finish,127.28,,,,,2006-07
5,6,ACF Fiorentina,38,21,10,7,62,31,31,58,28.307,"Adrian Mutu, Luca Toni - 16",SÃ©bastien Frey,"15-point deduction 3, â†’ UEFA Cup via league finish",160.1,,,,,2006-07
6,7,Empoli FC,38,14,12,12,42,43,-1,54,5.069,Luca Saudati - 14,Daniele Balli,â†’ UEFA Cup via league finish 4,44.3,,,,,2006-07
7,8,Atalanta BC,38,12,14,12,56,54,2,50,11.601,Cristiano Doni - 13,Alex Calderoni,,53.48,,,,,2006-07
8,9,UC Sampdoria,38,13,10,15,44,48,-4,49,19.036,Fabio Quagliarella - 13,Luca Castellazzi,â†’ UEFA Inter Milantoto Cup via league finish,69.45,,,,,2006-07
9,10,Udinese Calcio,38,12,10,16,49,55,-6,46,14.646,Vincenzo Iaquinta - 14,Morgan De Sanctis,,104.58,,,,,2006-07
10,11,AS Livorno,38,10,13,15,41,54,-13,43,8.026,Cristiano Lucarelli - 20,Marco Amelia,,68.33,,,,,2006-07
11,12,Parma FC,38,10,12,16,41,56,-15,42,14.644,Igor Budan - 13,Luca Bucci,,46.9,,,,,2006-07
12,13,Calcio Catania,38,10,11,17,46,68,-22,41,9.37,Gionatha Spinesi - 17,Armando Pantanelli,,36.6,,,,,2006-07
13,14,Reggina Calcio,38,12,15,11,52,50,2,40,12.579,Rolando Bianchi - 18,Ivan Pelizzoli,11-point deduction 5,50.1,,,,,2006-07
14,15,AC Siena,38,9,14,15,35,45,-10,40,7.994,"Massimo Maccarone, Mario Frick - 6",Alex Manninger,1-point deduction 6,46.05,,,,,2006-07
15,16,Torino FC,38,10,10,18,27,47,-20,40,20.576,Alessandro Rosina - 9,Christian Abbiati,,55.55,,,,,2006-07
16,17,Cagliari Calcio,38,9,13,16,35,46,-11,40,10.52,David Suazo - 14,Antonio Chimenti,,45.1,,,,,2006-07
17,18,Chievo Verona,38,9,12,17,38,48,-10,39,6.366,Sergio Pellissier - 9,Lorenzo Squizzi,Relegated,83.5,,,,,2006-07
18,19,Ascoli Calcio 1898,38,5,12,21,36,67,-31,27,6.829,"SaÅ¡a BjelanoviÄ‡, Andrea Soncin - 7",Gianluca Pagliuca,Relegated,25.8,,,,,2006-07
19,20,FC Messina Peloro,38,5,11,22,37,69,-32,26,10.934,Christian RiganÃ² - 19,Gabriele Paoletti,Relegated,41.08,,,,,2006-07
0,1,Inter Milan,38,25,10,3,69,26,43,85,52.01,Zlatan IbrahimoviÄ‡ - 17,JÃºlio CÃ©sar,â†’ UEFA Champions League via league finish,310.0,,,,,2007-08
1,2,AS Roma,38,24,10,4,72,37,35,82,37.613,Francesco Totti - 14,Doni,â†’ UEFA Champions League via league finish,244.4,,,,,2007-08
2,3,Juventus FC,38,20,12,6,72,37,35,72,21.081,Alessandro Del Piero - 21,Gianluigi Buffon,â†’ UEFA Champions League via league finish,236.85,,,,,2007-08
3,4,ACF Fiorentina,38,19,9,10,55,39,16,66,29.462,Adrian Mutu - 17,SÃ©bastien Frey,â†’ UEFA Champions League via league finish,171.35,,,,,2007-08
4,5,AC Milan,38,18,10,10,66,38,28,64,56.579,KakÃ¡ - 15,Zeljko Kalac,â†’ UEFA Cup via league finish,279.4,,,,,2007-08
5,6,UC Sampdoria,38,17,9,12,56,46,10,60,22.218,Claudio Bellucci - 12,Luca Castellazzi,â†’ UEFA Cup via league finish,75.7,,,,,2007-08
6,7,Udinese Calcio,38,16,9,13,48,53,-5,57,16.384,Antonio Di Natale - 17,Samir HandanoviÄ‡,â†’ UEFA Cup via league finish 1,115.05,,,,,2007-08
7,8,SSC Napoli,38,14,8,16,50,53,-3,50,46.739,Marek HamÅ¡Ã­k - 9,Gennaro Iezzo,â†’ UEFA Inter Milantoto Cup via league finish,76.95,,,,,2007-08
8,9,Atalanta BC,38,12,12,14,52,56,-4,48,11.172,Cristiano Doni - 12,Ferdinando Coppola,,54.8,,,,,2007-08
9,10,Genoa CFC,38,13,9,16,44,52,-8,48,25.248,Marco Borriello - 19,Rubinho,,63.25,,,,,2007-08
10,11,US Palermo,38,12,11,15,47,57,-10,47,24.352,Amauri - 15,Alberto Fontana,,104.8,,,,,2007-08
11,12,SS Lazio,38,11,13,14,47,51,-4,46,20.456,"Tommaso Rocchi, Goran Pandev - 14",Marco Ballotta,,110.8,,,,,2007-08
12,13,AC Siena,38,9,17,12,40,45,-5,44,14.106,Massimo Maccarone - 13,Alex Manninger,,42.78,,,,,2007-08
13,14,Cagliari Calcio,38,11,9,18,40,56,-16,42,14.2,Robert Acquafresca - 10,Marco Storari,,41.25,,,,,2007-08
14,15,Torino FC,38,8,16,14,36,49,-13,40,18.799,Alessandro Rosina - 8,Matteo Sereni,,60.05,,,,,2007-08
15,16,Reggina Calcio,38,9,13,16,37,56,-19,40,17.183,Nicola Amoruso - 12,Andrea Campagnolo,,44.23,,,,,2007-08
16,17,Calcio Catania,38,8,13,17,33,45,-12,37,18.529,Jorge MartÃ­nez - 8,Ciro Polito,,58.4,,,,,2007-08
17,18,Empoli FC,38,9,9,20,29,52,-23,36,7.921,Nicola Pozzi - 7,Daniele Balli,Relegated,49.5,,,,,2007-08
18,19,Parma FC,38,7,13,18,42,62,-20,34,16.373,Igor Budan - 7,Luca Bucci,Relegated,52.5,,,,,2007-08
19,20,AS Livorno,38,6,12,20,35,60,-25,30,11.104,Francesco Tavano - 10,Marco Amelia,Relegated,48.35,,,,,2007-08
0,1,Inter Milan,38,25,9,4,70,32,38,84,55.52,Zlatan IbrahimoviÄ‡ - 25,JÃºlio CÃ©sar,â†’ UEFA Champions League via league finish,327.9,,,,,2008-09
1,2,Juventus FC,38,21,11,6,69,37,32,74,21.228,Alessandro Del Piero - 13,Gianluigi Buffon,â†’ UEFA Champions League via league finish,256.85,,,,,2008-09
2,3,AC Milan,38,22,8,8,70,35,35,74,59.757,KakÃ¡ - 16,Christian Abbiati,â†’ UEFA Champions League via league finish,319.4,,,,,2008-09
3,4,ACF Fiorentina,38,21,5,12,53,38,15,68,31.509,Alberto Gilardino - 19,SÃ©bastien Frey,â†’ UEFA Champions League via league finish,197.1,,,,,2008-09
4,5,Genoa CFC,38,19,11,8,56,39,17,68,26.688,Diego Milito - 24,Rubinho,â†’ UEFA Europa League via league finish,91.7,,,,,2008-09
5,6,AS Roma,38,18,9,11,64,61,3,63,39.492,Francesco Totti - 13,Doni,â†’ UEFA Europa League via league finish,266.8,,,,,2008-09
6,7,Udinese Calcio,38,16,10,12,61,50,11,58,16.791,Fabio Quagliarella - 13,Samir HandanoviÄ‡,,124.15,,,,,2008-09
7,8,US Palermo,38,17,6,15,57,50,7,57,23.499,"Edinson Cavani, Fabrizio Miccoli - 14",Marco Amelia,,106.35,,,,,2008-09
8,9,Cagliari Calcio,38,15,8,15,49,50,-1,53,13.35,Robert Acquafresca - 14,Federico Marchetti,,45.68,,,,,2008-09
9,10,SS Lazio,38,15,5,18,46,55,-9,50,35.401,Mauro ZÃ¡rate - 13,Juan Pablo Carrizo,â†’ UEFA Europa League via cup win 1,109.65,,,,,2008-09
10,11,Atalanta BC,38,13,8,17,45,48,-3,47,12.459,Sergio Floccari - 12,Ferdinando Coppola,,64.2,,,,,2008-09
11,12,SSC Napoli,38,12,10,16,43,45,-2,46,40.303,Marek HamÅ¡Ã­k - 9,NicolÃ¡s Navarro,,101.5,,,,,2008-09
12,13,UC Sampdoria,38,11,13,14,49,52,-3,46,23.416,Antonio Cassano - 12,Luca Castellazzi,,94.3,,,,,2008-09
13,14,AC Siena,38,12,8,18,33,44,-11,44,11.13,Massimo Maccarone - 9,Gianluca Curci,,45.3,,,,,2008-09
14,15,Calcio Catania,38,12,7,19,41,51,-10,43,18.453,Giuseppe Mascara - 12,Albano Bizzarri,,49.9,,,,,2008-09
15,16,Chievo Verona,38,8,14,16,35,49,-14,38,13.354,Sergio Pellissier - 13,Stefano Sorrentino,,38.25,,,,,2008-09
16,17,Bologna FC 1909,38,9,10,19,43,62,-19,37,20.807,Marco Di Vaio - 24,Francesco Antonioli,,40.3,,,,,2008-09
17,18,Torino FC,38,8,10,20,37,61,-24,34,17.638,Rolando Bianchi - 9,Matteo Sereni,Relegated,64.9,,,,,2008-09
18,19,Reggina Calcio,38,6,13,19,30,62,-32,31,12.249,Bernardo Corradi - 10,Andrea Campagnolo,Relegated,35.85,,,,,2008-09
19,20,US Lecce,38,5,15,18,37,67,-30,30,11.891,Simone Tiribocchi - 11,Francesco Benussi,Relegated,45.78,,,,,2008-09
0,1,Inter Milan,38,24,10,4,75,34,41,82,56.368,Diego Milito - 22,JÃºlio CÃ©sar,â†’ UEFA Champions League via Champions League win,396.5,,,,,2009-10
1,2,AS Roma,38,24,8,6,68,41,27,80,40.909,"Mirko VuÄiniÄ‡, Francesco Totti - 14",JÃºlio SÃ©rgio,â†’ UEFA Champions League via league finish,245.15,,,,,2009-10
2,3,AC Milan,38,20,10,8,60,39,21,70,42.988,Marco Borriello - 14,Dida,â†’ UEFA Champions League via league finish,256.45,,,,,2009-10
3,4,UC Sampdoria,38,19,10,9,49,41,8,67,25.239,Giampaolo Pazzini - 19,Marco Storari,â†’ UEFA Champions League via league finish,111.9,,,,,2009-10
4,5,US Palermo,38,18,11,9,59,47,12,65,25.138,Fabrizio Miccoli - 19,Salvatore Sirigu,â†’ UEFA Europa League via league finish,119.95,,,,,2009-10
5,6,SSC Napoli,38,15,14,9,50,43,7,59,45.812,Marek HamÅ¡Ã­k - 12,Morgan De Sanctis,â†’ UEFA Europa League via league finish 1,145.63,,,,,2009-10
6,7,Juventus FC,38,16,7,15,55,56,-1,55,23.339,Alessandro Del Piero - 9,Gianluigi Buffon,â†’ UEFA Europa League via league finish,273.1,,,,,2009-10
7,8,Parma FC,38,14,10,14,46,51,-5,52,17.057,Valeri Bojinov - 8,Antonio Mirante,,82.83,,,,,2009-10
8,9,Genoa CFC,38,14,9,15,57,61,-4,51,25.35,Rodrigo Palacio - 7,Marco Amelia,,135.85,,,,,2009-10
9,10,AS Bari,38,13,11,14,49,49,0,50,25.393,Paulo Vitor Barreto - 14,Jean-FranÃ§ois Gillet,,69.3,,,,,2009-10
10,11,ACF Fiorentina,38,13,8,17,48,47,1,47,27.431,Alberto Gilardino - 15,SÃ©bastien Frey,,209.3,,,,,2009-10
11,12,SS Lazio,38,11,13,14,39,43,-4,46,36.551,Sergio Floccari - 8,Fernando Muslera,,140.6,,,,,2009-10
12,13,Calcio Catania,38,10,15,13,44,45,-1,45,15.342,Maxi LÃ³pez - 11,Mariano AndÃºjar,,63.05,,,,,2009-10
13,14,Chievo Verona,38,12,8,18,37,42,-5,44,11.917,Sergio Pellissier - 11,Stefano Sorrentino,,41.28,,,,,2009-10
14,15,Udinese Calcio,38,11,11,16,54,59,-5,44,17.028,Antonio Di Natale - 29,Samir HandanoviÄ‡,,135.58,,,,,2009-10
15,16,Cagliari Calcio,38,11,11,16,56,58,-2,44,15.342,Alessandro Matri - 13,Federico Marchetti,,71.8,,,,,2009-10
16,17,Bologna FC 1909,38,10,12,16,42,55,-13,42,20.144,Marco Di Vaio - 12,Emiliano Viviano,,53.1,,,,,2009-10
17,18,Atalanta BC,38,9,8,21,37,53,-16,35,12.989,Simone Tiribocchi - 11,Andrea Consigli,Relegated,62.05,,,,,2009-10
18,19,AC Siena,38,7,10,21,40,67,-27,31,11.071,Massimo Maccarone - 12,Gianluca Curci,Relegated,45.83,,,,,2009-10
19,20,AS Livorno,38,7,8,23,27,61,-34,29,10.668,Cristiano Lucarelli - 10,Alfonso De Lucia,Relegated,46.8,,,,,2009-10
0,1,AC Milan,38,24,10,4,65,24,41,82,53.916,"Zlatan IbrahimoviÄ‡, Alexandre Pato... - 14",Christian Abbiati,â†’ UEFA Champions League via league finish,288.08,,,,,2010-11
1,2,Inter Milan,38,23,7,8,69,42,27,76,59.697,Samuel Eto'o - 21,JÃºlio CÃ©sar,â†’ UEFA Champions League via league finish,346.95,,,,,2010-11
2,3,SSC Napoli,38,21,7,10,59,39,20,70,45.608,Edinson Cavani - 26,Morgan De Sanctis,â†’ UEFA Champions League via league finish,170.43,,,,,2010-11
3,4,Udinese Calcio,38,20,6,12,65,43,22,66,17.554,Antonio Di Natale - 28,Samir HandanoviÄ‡,â†’ UEFA Champions League via league finish,137.05,,,,,2010-11
4,5,SS Lazio,38,20,6,12,55,39,16,66,29.122,Hernanes - 11,Fernando Muslera,â†’ UEFA Europa League via league finish,111.73,,,,,2010-11
5,6,AS Roma,38,18,9,11,59,52,7,63,33.952,Francesco Totti - 15,JÃºlio SÃ©rgio,â†’ UEFA Europa League via league finish 1,172.98,,,,,2010-11
6,7,Juventus FC,38,15,13,10,57,47,10,58,21.966,"Alessandro Matri, Fabio Quagliarella - 9",Marco Storari,,258.93,,,,,2010-11
7,8,US Palermo,38,17,5,16,58,63,-5,56,24.812,Javier Pastore - 11,Salvatore Sirigu,â†’ UEFA Europa League via cup loss 2,123.03,,,,,2010-11
8,9,ACF Fiorentina,38,12,15,11,49,44,5,51,23.608,Alberto Gilardino - 12,Artur Boruc,,175.48,,,,,2010-11
9,10,Genoa CFC,38,14,9,15,45,47,-2,51,23.466,Antonio Floro Flores - 10,Eduardo Carvalho,,168.18,,,,,2010-11
10,11,Chievo Verona,38,11,13,14,38,40,-2,46,12.676,Sergio Pellissier - 11,Stefano Sorrentino,,48.95,,,,,2010-11
11,12,Parma FC,38,11,13,14,39,47,-8,46,14.524,HernÃ¡n Crespo - 9,Antonio Mirante,,86.05,,,,,2010-11
12,13,Calcio Catania,38,12,10,16,40,52,-12,46,13.731,Maxi LÃ³pez - 8,Mariano AndÃºjar,,60.68,,,,,2010-11
13,14,Cagliari Calcio,38,12,9,17,44,51,-7,45,13.0,Alessandro Matri - 11,Michael Agazzi,,85.03,,,,,2010-11
14,15,AC Cesena,38,11,10,17,38,50,-12,43,16.469,Luis JimÃ©nez - 9,Francesco Antonioli,,64.23,,,,,2010-11
15,16,Bologna FC 1909,38,11,12,15,35,52,-17,42,19.81,Marco Di Vaio - 19,Emiliano Viviano,3-point deduction 3,63.05,,,,,2010-11
16,17,US Lecce,38,11,8,19,46,66,-20,41,10.729,David Di Michele - 8,Antonio Rosati,,32.7,,,,,2010-11
17,18,UC Sampdoria,38,8,12,18,33,49,-16,36,23.33,"Giampaolo Pazzini, Nicola Pozzi - 6",Gianluca Curci,Relegated,125.05,,,,,2010-11
18,19,Brescia Calcio,38,7,11,20,34,52,-18,32,8.403,Andrea Caracciolo - 12,Michele Arcari,Relegated,38.05,,,,,2010-11
19,20,AS Bari,38,5,9,24,27,56,-29,24,19.752,Paulo Vitor Barreto - 4,Jean-FranÃ§ois Gillet,Relegated,51.5,,,,,2010-11
0,1,Juventus FC,38,23,15,0,68,20,48,84,37.57,Alessandro Matri - 10,Gianluigi Buffon,â†’ UEFA Champions League via league finish,262.28,,,,,2011-12
1,2,AC Milan,38,24,8,6,74,33,41,80,49.359,Zlatan IbrahimoviÄ‡ - 28,Christian Abbiati,â†’ UEFA Champions League via league finish,273.53,,,,,2011-12
2,3,Udinese Calcio,38,18,10,10,52,35,17,64,18.068,Antonio Di Natale - 23,Samir HandanoviÄ‡,â†’ UEFA Champions League via league finish,140.13,,,,,2011-12
3,4,SS Lazio,38,18,8,12,56,47,9,62,32.51,Miroslav Klose - 13,Federico Marchetti,â†’ UEFA Europa League via league finish,113.68,,,,,2011-12
4,5,SSC Napoli,38,16,13,9,66,46,20,61,40.623,Edinson Cavani - 23,Morgan De Sanctis,â†’ UEFA Europa League via cup win 1,204.75,,,,,2011-12
5,6,Inter Milan,38,17,7,14,58,55,3,58,45.664,Diego Milito - 24,JÃºlio CÃ©sar,â†’ UEFA Europa League via league finish,303.05,,,,,2011-12
6,7,AS Roma,38,16,8,14,60,54,6,56,35.757,Dani Osvaldo - 11,Maarten Stekelenburg,,172.78,,,,,2011-12
7,8,Parma FC,38,15,11,12,54,53,1,56,13.256,Sebastian Giovinco - 15,Antonio Mirante,,82.35,,,,,2011-12
8,9,Bologna FC 1909,38,13,12,13,41,43,-2,51,18.997,Marco Di Vaio - 10,Jean-FranÃ§ois Gillet,,63.9,,,,,2011-12
9,10,Chievo Verona,38,12,13,13,35,45,-10,49,9.843,Sergio Pellissier - 8,Stefano Sorrentino,,44.8,,,,,2011-12
10,11,Calcio Catania,38,11,15,12,47,52,-5,48,15.244,Francesco Lodi - 9,Mariano AndÃºjar,,59.25,,,,,2011-12
11,12,Atalanta BC,38,13,13,12,41,43,-2,46,15.648,GermÃ¡n Denis - 16,Andrea Consigli,6-point deduction 2,67.58,,,,,2011-12
12,13,ACF Fiorentina,38,11,13,14,37,43,-6,46,21.477,Stevan JovetiÄ‡ - 14,Artur Boruc,,130.83,,,,,2011-12
13,14,AC Siena,38,11,11,16,45,45,0,44,10.459,Mattia Destro - 12,Gianluca Pegolo,,39.33,,,,,2011-12
14,15,Cagliari Calcio,38,10,13,15,37,46,-9,43,9.929,Mauricio Pinilla - 8,Michael Agazzi,,71.65,,,,,2011-12
15,16,US Palermo,38,11,10,17,52,62,-10,43,19.238,Fabrizio Miccoli - 16,Emiliano Viviano,,119.05,,,,,2011-12
16,17,Genoa CFC,38,11,9,18,50,69,-19,42,18.794,Rodrigo Palacio - 19,SÃ©bastien Frey,,104.3,,,,,2011-12
17,18,US Lecce,38,8,12,18,40,56,-16,36,10.017,David Di Michele - 11,Massimiliano Benassi,Relegated 3,37.53,,,,,2011-12
18,19,Novara Calcio,38,7,11,20,35,65,-30,32,10.995,Marco Rigoni - 11,Samir Ujkani,Relegated,28.43,,,,,2011-12
19,20,AC Cesena,38,4,10,24,24,60,-36,22,16.41,Adrian Mutu - 8,Francesco Antonioli,Relegated,39.03,,,,,2011-12
0,1,Juventus FC,38,27,6,5,71,24,47,87,38.6,"Arturo Vidal, Mirko Vuanyaj - 10",Gianluigi Buffon,â†’ UEFA Champions League via league finish,337.9,,,,,2012-13
1,2,SSC Napoli,38,23,9,6,73,36,37,78,39.636,Edinson Cavani - 29,Morgan De Sanctis,â†’ UEFA Champions League via league finish,237.25,,,,,2012-13
2,3,AC Milan,38,21,9,8,67,39,28,72,43.651,Stephan El Shaarawy - 16,Christian Abbiati,â†’ UEFA Champions League via league finish,238.53,,,,,2012-13
3,4,ACF Fiorentina,38,21,7,10,72,44,28,70,25.665,Stevan JovetiÄ‡ - 13,Emiliano Viviano,â†’ UEFA Europa League via league finish,213.65,,,,,2012-13
4,5,Udinese Calcio,38,18,12,8,59,45,14,66,15.506,Antonio Di Natale - 23,Å½eljko BrkiÄ‡,â†’ UEFA Europa League via league finish,121.0,,,,,2012-13
5,6,AS Roma,38,18,8,12,71,56,15,62,40.179,Dani Osvaldo - 16,Maarten Stekelenburg,,173.4,,,,,2012-13
6,7,SS Lazio,38,18,7,13,51,42,9,61,31.992,Miroslav Klose - 15,Federico Marchetti,â†’ UEFA Europa League via cup win 1,143.28,,,,,2012-13
7,8,Calcio Catania,38,15,11,12,50,46,4,56,13.862,Gonzalo Bergessio - 13,Mariano AndÃºjar,,76.48,,,,,2012-13
8,9,Inter Milan,38,16,6,16,55,57,-2,54,46.551,Rodrigo Palacio - 12,Samir HandanoviÄ‡,,242.8,,,,,2012-13
9,10,Parma FC,38,13,10,15,45,46,-1,49,12.74,Amauri - 10,Antonio Mirante,,85.78,,,,,2012-13
10,11,Cagliari Calcio,38,12,11,15,43,55,-12,47,8.551,Marco Sau - 12,Michael Agazzi,,76.38,,,,,2012-13
11,12,Chievo Verona,38,12,9,17,37,52,-15,45,11.553,Cyril Thacracau - 11,Stefano Sorrentino,,55.1,,,,,2012-13
12,13,Bologna FC 1909,38,11,11,16,46,52,-6,44,21.436,Alberto Gilardino - 13,Federico Agliardi,,78.55,,,,,2012-13
13,14,UC Sampdoria,38,11,10,17,43,51,-8,42,23.123,Mauro Icardi - 10,Sergio Romero,1-point deduction 2,85.93,,,,,2012-13
14,15,Atalanta BC,38,11,9,18,39,56,-17,40,15.396,GermÃ¡n Denis - 15,Andrea Consigli,2-point deduction 3,74.1,,,,,2012-13
15,16,Torino FC,38,8,16,14,46,55,-9,39,15.615,Rolando Bianchi - 11,Jean-FranÃ§ois Gillet,1-point deduction 4,61.6,,,,,2012-13
16,17,Genoa CFC,38,8,14,16,38,52,-14,38,19.74,Marco Borriello - 12,SÃ©bastien Frey,,98.5,,,,,2012-13
17,18,US Palermo,38,6,14,18,34,54,-20,32,18.287,Josip Ilicic - 10,Samir Ujkani,Relegated,80.95,,,,,2012-13
18,19,AC Siena,38,9,9,20,36,57,-21,30,9.582,Innocent Emeghara - 7,Gianluca Pegolo,"6-point deduction 5, Relegated",47.48,,,,,2012-13
19,20,Delfino Pescara 1936,38,6,4,28,27,84,-57,22,12.236,"VladimÃ­r Weiss, Mervan Aelik - 4",Mattia Perin,Relegated,47.8,,,,,2012-13
0,1,Juventus FC,38,33,3,2,80,23,57,102,38.328,Carlos Tevez - 19,Gianluigi Buffon,â†’ UEFA Champions League via league finish,391.45,,,,,2013-14
1,2,AS Roma,38,26,7,5,72,25,47,85,40.436,Mattia Destro - 13,Morgan De Sanctis,â†’ UEFA Champions League via league finish,246.4,,,,,2013-14
2,3,SSC Napoli,38,23,9,6,77,39,38,78,40.632,Gonzalo HiguaÃ­n - 17,Pepe Reina,â†’ UEFA Champions League via league finish,276.6,,,,,2013-14
3,4,ACF Fiorentina,38,19,8,11,65,44,21,65,32.057,Giuseppe Rossi - 16,Neto,â†’ UEFA Europa League via league finish 1,249.13,,,,,2013-14
4,5,Inter Milan,38,15,15,8,62,39,23,60,46.246,Rodrigo Palacio - 17,Samir HandanoviÄ‡,â†’ UEFA Europa League via league finish,292.65,,,,,2013-14
5,6,Parma FC,38,15,13,10,58,46,12,58,13.451,Antonio Cassano - 12,Antonio Mirante,,89.78,,,,,2013-14
6,7,Torino FC,38,15,12,11,58,48,10,57,17.024,Ciro Immobile - 22,Daniele Padelli,â†’ UEFA Europa League via league finish,80.25,,,,,2013-14
7,8,AC Milan,38,16,9,13,57,49,8,57,39.874,Mario Balotelli - 14,Christian Abbiati,,263.95,,,,,2013-14
8,9,SS Lazio,38,15,11,12,54,54,0,56,31.905,Antonio Candreva - 12,Federico Marchetti,,162.95,,,,,2013-14
9,10,Hellas Verona,38,16,6,16,62,68,-6,54,21.172,Luca Toni - 20,Rafael,,67.13,,,,,2013-14
10,11,Atalanta BC,38,15,5,18,43,51,-8,50,14.194,GermÃ¡n Denis - 13,Andrea Consigli,,73.93,,,,,2013-14
11,12,UC Sampdoria,38,12,9,17,48,62,-14,45,22.158,Ã‰der - 12,Angelo da Costa JÃºnior,,83.48,,,,,2013-14
12,13,Udinese Calcio,38,12,8,18,46,57,-11,44,14.252,Antonio Di Natale - 17,Simone Scuffet,,123.95,,,,,2013-14
13,14,Genoa CFC,38,11,11,16,41,50,-9,44,20.055,Alberto Gilardino - 15,Mattia Perin,,102.1,,,,,2013-14
14,15,Cagliari Calcio,38,9,12,17,34,53,-19,39,4.194,Mauricio Pinilla - 7,Vlada Avramov,,86.2,,,,,2013-14
15,16,Chievo Verona,38,10,6,22,34,54,-20,36,9.149,Alberto Paloschi - 13,Christian Puggioni,,69.08,,,,,2013-14
16,17,US Sassuolo,38,9,7,22,43,72,-29,34,13.753,Domenico Berardi - 16,Gianluca Pegolo,,87.85,,,,,2013-14
17,18,Calcio Catania,38,8,8,22,34,66,-32,32,15.197,Gonzalo Bergessio - 10,Mariano AndÃºjar,Relegated,78.98,,,,,2013-14
18,19,Bologna FC 1909,38,5,14,19,28,58,-30,29,21.145,"Panagiotis Kone, Alessandro Diamanti - 5",Gianluca Curci,Relegated,69.83,,,,,2013-14
19,20,AS Livorno,38,6,7,25,39,77,-38,25,10.982,Paulinho - 15,Francesco Bardi,Relegated,71.18,,,,,2013-14
0,1,Juventus FC,38,26,9,3,72,24,48,87,38.553,Carlos Tevez - 20,Gianluigi Buffon,â†’ UEFA Champions League via league finish,329.0,,,,,2014-15
1,2,AS Roma,38,19,13,6,54,31,23,70,40.135,"Francesco Totti, Adem LjajiÄ‡ - 8",Morgan De Sanctis,â†’ UEFA Champions League via league finish,276.78,,,,,2014-15
2,3,SS Lazio,38,21,6,11,71,38,33,69,34.949,Miroslav Klose - 13,Federico Marchetti,â†’ UEFA Champions League via league finish,167.55,,,,,2014-15
3,4,ACF Fiorentina,38,18,10,10,61,46,15,64,30.309,Josip Ilicic - 8,Neto,â†’ UEFA Europa League via league finish,216.13,,,,,2014-15
4,5,SSC Napoli,38,18,9,11,70,54,16,63,32.266,Gonzalo HiguaÃ­n - 18,Rafael Cabral,â†’ UEFA Europa League via league finish 1,262.18,,,,,2014-15
5,6,Genoa CFC,38,16,11,11,62,47,15,59,20.045,Iago Falque - 13,Mattia Perin,,117.33,,,,,2014-15
6,7,UC Sampdoria,38,13,17,8,48,42,6,56,21.745,Ã‰der - 9,Emiliano Viviano,â†’ UEFA Europa League via league finish,132.23,,,,,2014-15
7,8,Inter Milan,38,14,13,11,59,48,11,55,37.27,Mauro Icardi - 22,Samir HandanoviÄ‡,,260.7,,,,,2014-15
8,9,Torino FC,38,14,12,12,48,45,3,54,16.689,Fabio Quagliarella - 13,Daniele Padelli,,82.58,,,,,2014-15
9,10,AC Milan,38,13,13,12,56,50,6,52,36.661,JÃ©rÃ©my MÃ©nez - 16,Diego LÃ³pez,,236.13,,,,,2014-15
10,11,US Palermo,38,12,13,13,53,55,-2,49,17.481,Paulo Dybala - 13,Stefano Sorrentino,,92.6,,,,,2014-15
11,12,US Sassuolo,38,12,13,13,49,57,-8,49,12.831,Domenico Berardi - 15,Andrea Consigli,,91.03,,,,,2014-15
12,13,Hellas Verona,38,11,13,14,49,65,-16,46,19.299,Luca Toni - 22,Rafael,,41.8,,,,,2014-15
13,14,Chievo Verona,38,10,13,15,28,41,-13,43,10.652,Alberto Paloschi - 9,Albano Bizzarri,,62.05,,,,,2014-15
14,15,Empoli FC,38,8,18,12,46,52,-6,42,9.229,Massimo Maccarone - 10,Luigi Sepe,,54.03,,,,,2014-15
15,16,Udinese Calcio,38,10,11,17,43,56,-13,41,8.912,Antonio Di Natale - 14,Orestis Karnezis,,107.18,,,,,2014-15
16,17,Atalanta BC,38,7,16,15,38,57,-19,37,15.16,GermÃ¡n Denis - 8,Marco Sportiello,,83.48,,,,,2014-15
17,18,Cagliari Calcio,38,8,10,20,48,68,-20,34,10.793,Marco Sau - 7,Å½eljko BrkiÄ‡,Relegated,74.7,,,,,2014-15
18,19,AC Cesena,38,4,12,22,36,73,-37,24,16.26,GrÃ©goire Defrel - 9,Nicola Leali,Relegated,34.15,,,,,2014-15
19,20,Parma FC,38,6,8,24,33,75,-42,19,11.904,Antonio Cassano - 5,Antonio Mirante,"7-point deduction 2, Relegated 3",65.95,,,,,2014-15
0,1,Juventus FC,38,29,4,5,75,20,55,91,38.662,Paulo Dybala - 19,Gianluigi Buffon,â†’ UEFA Champions League via league finish,440.0,,,,,2015-16
1,2,SSC Napoli,38,25,7,6,80,32,48,82,38.76,Gonzalo HiguaÃ­n - 36,Pepe Reina,â†’ UEFA Champions League via league finish,321.93,,,,,2015-16
2,3,AS Roma,38,23,11,4,83,41,42,80,35.182,Mohamed Salah - 14,Wojciech SzczÄ™sny,â†’ UEFA Champions League via league finish,332.9,,,,,2015-16
3,4,Inter Milan,38,20,7,11,50,38,12,67,45.538,Mauro Icardi - 16,Samir HandanoviÄ‡,â†’ UEFA Europa League via league finish,294.28,,,,,2015-16
4,5,ACF Fiorentina,38,18,10,10,60,42,18,64,28.734,Josip Ilicic - 13,Ciprian TÄƒtÄƒruÈ™anu,â†’ UEFA Europa League via league finish 1,190.53,,,,,2015-16
5,6,US Sassuolo,38,16,13,9,49,40,9,61,11.437,"Domenico Berardi, Nicola Sansone... - 7",Andrea Consigli,â†’ UEFA Europa League via league finish,97.0,,,,,2015-16
6,7,AC Milan,38,15,12,11,49,43,6,57,37.861,Carlos Bacca - 18,Gianluigi Donnarumma,,213.83,,,,,2015-16
7,8,SS Lazio,38,15,9,14,52,52,0,54,21.025,Antonio Candreva - 10,Federico Marchetti,,175.3,,,,,2015-16
8,9,Chievo Verona,38,13,11,14,43,45,-2,50,11.247,Alberto Paloschi - 8,Albano Bizzarri,,49.78,,,,,2015-16
9,10,Empoli FC,38,12,10,16,40,49,-9,46,9.51,Massimo Maccarone - 13,Åukasz Skorupski,,74.6,,,,,2015-16
10,11,Genoa CFC,38,13,7,18,45,48,-3,46,21.359,Leonardo Pavoletti - 14,Mattia Perin,,117.55,,,,,2015-16
11,12,Torino FC,38,12,9,17,52,55,-3,45,19.392,Andrea Belotti - 12,Daniele Padelli,,89.83,,,,,2015-16
12,13,Atalanta BC,38,11,12,15,41,47,-6,45,15.945,Papu GÃ³mez - 7,Marco Sportiello,,78.45,,,,,2015-16
13,14,Bologna FC 1909,38,11,9,18,33,45,-12,42,18.899,Mattia Destro - 8,Antonio Mirante,,75.23,,,,,2015-16
14,15,UC Sampdoria,38,10,10,18,48,61,-13,40,21.974,Ã‰der - 12,Emiliano Viviano,,126.53,,,,,2015-16
15,16,US Palermo,38,10,9,19,38,65,-27,39,17.065,Alberto Gilardino - 10,Stefano Sorrentino,,68.68,,,,,2015-16
16,17,Udinese Calcio,38,10,9,19,35,60,-25,39,16.209,Cyril ThÃ©rÃ©au - 11,Orestis Karnezis,,93.0,,,,,2015-16
17,18,Carpi FC 1909,38,9,11,18,37,57,-20,38,8.968,Kevin Lasagna - 5,Vid Belec,Relegated,52.05,,,,,2015-16
18,19,Frosinone Calcio,38,8,7,23,35,76,-41,31,7.288,"Federico Dionisi, Daniel Ciofani - 9",Nicola Leali,Relegated,38.3,,,,,2015-16
19,20,Hellas Verona,38,5,13,20,34,63,-29,28,18.194,"Giampaolo Pazzini, Luca Toni - 6",Pierluigi Gollini,Relegated,47.73,,,,,2015-16
0,1,Juventus FC,38,29,4,5,77,27,50,91,39.936,Gonzalo HiguaÃ­n - 24,Gianluigi Buffon,â†’ UEFA Champions League via league finish,497.18,,,,,2016-17
1,2,AS Roma,38,28,3,7,90,38,52,87,32.638,Edin Dzeko - 29,Wojciech Szczesny,â†’ UEFA Champions League via league finish,353.68,,,,,2016-17
2,3,SSC Napoli,38,26,8,4,94,39,55,86,36.601,Dries Mertens - 28,Pepe Reina,â†’ UEFA Champions League via league finish,387.38,,,,,2016-17
3,4,Atalanta BC,38,21,9,8,62,41,21,72,16.948,Papu Gomez - 16,Etrit Berisha,â†’ UEFA Europa League via league finish,161.7,,,,,2016-17
4,5,SS Lazio,38,21,7,10,74,51,23,70,20.453,Ciro Immobile - 23,Thomas Strakosha,â†’ UEFA Europa League via league finish 1,226.45,,,,,2016-17
5,6,AC Milan,38,18,9,11,57,45,12,63,40.326,Carlos Bacca - 13,Gianluigi Donnarumma,â†’ UEFA Europa League via league finish,254.33,,,,,2016-17
6,7,Inter Milan,38,19,5,14,72,49,23,62,46.622,Mauro Icardi - 24,Samir HandanoviÄ‡,,328.3,,,,,2016-17
7,8,ACF Fiorentina,38,16,12,10,63,57,6,60,26.47,Nikola Kaliniaj - 15,Ciprian TÄƒtÄƒruÈ™anu,,217.08,,,,,2016-17
8,9,Torino FC,38,13,14,11,71,66,5,53,19.327,Andrea Belotti - 26,Joe Hart,,162.35,,,,,2016-17
9,10,UC Sampdoria,38,12,12,14,49,55,-6,48,19.852,Fabio Quagliarella - 12,Christian Puggioni,,117.58,,,,,2016-17
10,11,Cagliari Calcio,38,14,5,19,55,76,-21,47,12.998,Marco Borriello - 16,Rafael,,61.08,,,,,2016-17
11,12,US Sassuolo,38,13,7,18,58,63,-5,46,12.362,GrÃ©goire Defrel - 12,Andrea Consigli,,145.25,,,,,2016-17
12,13,Udinese Calcio,38,12,9,17,47,56,-9,45,17.878,Cyril ThÃ©rÃ©au - 12,Orestis Karnezis,,101.95,,,,,2016-17
13,14,Chievo Verona,38,12,7,19,43,61,-18,43,11.632,Roberto Inglese - 10,Stefano Sorrentino,,45.88,,,,,2016-17
14,15,Bologna FC 1909,38,11,8,19,40,58,-18,41,21.189,Mattia Destro - 11,Antonio Mirante,,95.0,,,,,2016-17
15,16,Genoa CFC,38,9,9,20,38,64,-26,36,21.335,Giovanni Simeone - 12,Eugenio Lamanna,,108.18,,,,,2016-17
16,17,FC Crotone,38,9,7,22,34,58,-24,34,8.212,Diego Falcinelli - 13,Alex Cordaz,,36.7,,,,,2016-17
17,18,Empoli FC,38,8,8,22,29,61,-32,32,9.409,Levan Mchedlidze - 6,Aukasz Skorupski,Relegated,55.45,,,,,2016-17
18,19,US Palermo,38,6,8,24,33,77,-44,26,13.204,Ilija Nestorovski - 11,Josip Posavec,Relegated,41.1,,,,,2016-17
19,20,Delfino Pescara 1936,38,3,9,26,37,81,-44,18,13.543,Gianluca Caprari - 9,Albano Bizzarri,Relegated,48.1,,,,,2016-17
0,1,Juventus FC,38,30,5,3,86,24,62,95,39.316,Paulo Dybala - 22,Gianluigi Buffon,â†’ UEFA Champions League via league finish,653.15,59.8,28.7,31.0,0.82,2017-18
1,2,SSC Napoli,38,28,7,3,77,29,48,91,43.05,Dries Mertens - 18,Pepe Reina,â†’ UEFA Champions League via league finish,504.25,66.6,25.4,41.2,1.08,2017-18
2,3,AS Roma,38,23,8,7,61,28,33,77,37.45,Edin Dzeko - 16,Alisson,â†’ UEFA Champions League via league finish,469.1,69.3,39.9,29.4,0.77,2017-18
3,4,Inter Milan,38,20,12,6,66,30,36,72,57.529,Mauro Icardi - 29,Samir HandanoviÄ‡,â†’ UEFA Champions League via league finish,487.28,60.8,35.3,25.6,0.67,2017-18
4,5,SS Lazio,38,21,9,8,89,49,40,72,30.99,Ciro Immobile - 29,Thomas Strakosha,â†’ UEFA Europa League via league finish,408.78,63.5,44.4,19.0,0.5,2017-18
5,6,AC Milan,38,18,10,10,56,42,14,64,52.69,Patrick Cutrone - 10,Gianluigi Donnarumma,â†’ UEFA Europa League via league finish 1,407.05,54.2,39.4,14.8,0.39,2017-18
6,7,Atalanta BC,38,16,12,10,57,39,18,60,17.921,Josip Ilicic - 11,Etrit Berisha,â†’ UEFA Europa League via league finish,207.95,67.4,37.2,30.2,0.8,2017-18
7,8,ACF Fiorentina,38,16,9,13,54,46,8,57,26.092,Giovanni Simeone - 14,Marco Sportiello,,237.33,57.2,42.5,14.7,0.39,2017-18
8,9,Torino FC,38,13,15,10,54,46,8,54,18.596,Iago Falque - 12,Salvatore Sirigu,,175.53,47.1,52.4,-5.3,-0.14,2017-18
9,10,UC Sampdoria,38,16,6,16,56,60,-4,54,20.156,Fabio Quagliarella - 19,Emiliano Viviano,,190.45,51.3,63.2,-12.0,-0.31,2017-18
10,11,US Sassuolo,38,11,10,17,29,59,-30,43,11.237,Matteo Politano - 10,Andrea Consigli,,126.78,49.4,49.3,0.1,0.0,2017-18
11,12,Genoa CFC,38,11,8,19,33,43,-10,41,20.941,Gianluca Lapadula - 6,Mattia Perin,,135.13,43.3,45.6,-2.2,-0.06,2017-18
12,13,Chievo Verona,38,10,10,18,36,59,-23,40,12.54,Roberto Inglese - 12,Stefano Sorrentino,,55.23,32.3,54.3,-22.0,-0.58,2017-18
13,14,Udinese Calcio,38,12,4,22,48,63,-15,40,17.906,Kevin Lasagna - 12,Albano Bizzarri,,108.03,43.6,50.8,-7.2,-0.19,2017-18
14,15,Bologna FC 1909,38,11,6,21,40,52,-12,39,20.903,Simone Verdi - 10,Antonio Mirante,,103.55,37.1,53.7,-16.6,-0.44,2017-18
15,16,Cagliari Calcio,38,11,6,21,33,61,-28,39,14.685,Leonardo Pavoletti - 11,Alessio Cragno,,98.58,40.1,58.7,-18.7,-0.49,2017-18
16,17,SPAL 2013,38,8,14,16,39,59,-20,38,12.067,Mirco Antenucci - 11,Alfred Gomis,,63.55,37.9,60.1,-22.2,-0.59,2017-18
17,18,FC Crotone,38,9,8,21,40,66,-26,35,10.581,"Simeon Nwankwo, Marcello Trotta - 7",Alex Cordaz,Relegated,47.88,36.2,59.0,-22.8,-0.6,2017-18
18,19,Hellas Verona,38,7,4,27,30,78,-48,25,17.333,"Moise Kean, Giampaolo Pazzini - 4",NÃ­colas Andrade,Relegated,56.5,34.5,76.1,-41.6,-1.09,2017-18
19,20,Benevento Calcio,38,6,3,29,33,84,-51,21,12.132,Cheick DiabatÃ© - 8,Christian Puggioni,Relegated,57.83,39.1,74.7,-35.6,-0.94,2017-18
0,1,Juventus FC,38,28,6,4,70,30,40,90,37.799,Cristiano Ronaldo - 21,Wojciech SzczÄ™sny,â†’ UEFA Champions League via league finish,871.05,58.2,36.1,22.1,0.58,2018-19
1,2,SSC Napoli,38,24,7,7,74,36,38,79,29.003,Arkadiusz Milik - 17,David Ospina,â†’ UEFA Champions League via league finish,646.8,68.1,34.5,33.7,0.89,2018-19
2,3,Atalanta BC,38,20,9,9,77,46,31,69,18.301,Duvan Zapata - 23,Pierluigi Gollini,â†’ UEFA Champions League via league finish,367.68,66.9,41.2,25.7,0.68,2018-19
3,4,Inter Milan,38,20,9,9,57,33,24,69,57.405,Mauro Icardi - 11,Samir HandanoviÄ‡,â†’ UEFA Champions League via league finish,617.93,64.1,38.2,25.9,0.68,2018-19
4,5,AC Milan,38,19,11,8,55,36,19,68,54.651,Krzysztof Piatek - 9,Gianluigi Donnarumma,Ineligible for continental competition 1,578.48,48.1,40.0,8.1,0.21,2018-19
5,6,AS Roma,38,18,12,8,66,48,18,66,38.622,Stephan El Shaarawy - 11,Robin Olsen,â†’ UEFA Europa League via league finish,459.05,64.3,54.4,9.9,0.26,2018-19
6,7,Torino FC,38,16,15,7,52,37,15,63,21.323,Andrea Belotti - 15,Salvatore Sirigu,â†’ UEFA Europa League via league finish,239.23,49.3,48.0,1.3,0.04,2018-19
7,8,SS Lazio,38,17,8,13,56,46,10,59,33.997,Ciro Immobile - 15,Thomas Strakosha,â†’ UEFA Europa League via cup win 2,291.15,56.4,42.7,13.7,0.36,2018-19
8,9,UC Sampdoria,38,15,8,15,60,51,9,53,20.263,Fabio Quagliarella - 26,Emil Audero,,216.75,49.8,52.7,-2.9,-0.08,2018-19
9,10,Bologna FC 1909,38,11,11,16,48,56,-8,44,21.237,"Federico Santander, Riccardo Orsolini - 8",Aukasz Skorupski,,119.68,47.4,46.7,0.7,0.02,2018-19
10,11,US Sassuolo,38,9,16,13,53,60,-7,43,12.369,Domenico Berardi - 8,Andrea Consigli,,242.05,46.4,57.2,-10.8,-0.28,2018-19
11,12,Udinese Calcio,38,11,10,17,39,53,-14,43,20.414,Rodrigo De Paul - 9,Juan Musso,,201.2,41.5,57.7,-16.2,-0.43,2018-19
12,13,SPAL 2013,38,11,9,18,44,56,-12,42,14.745,Andrea Petagna - 16,Alfred Gomis,,97.4,41.5,48.6,-7.0,-0.19,2018-19
13,14,Parma FC,38,10,11,17,41,61,-20,41,16.522,Gervinho - 11,Luigi Sepe,,95.75,38.6,65.2,-26.6,-0.7,2018-19
14,15,Cagliari Calcio,38,10,11,17,36,54,-18,41,15.396,Leonardo Pavoletti - 16,Alessio Cragno,,155.38,39.1,58.5,-19.4,-0.51,2018-19
15,16,ACF Fiorentina,38,8,17,13,47,45,2,41,31.178,Marco Benassi - 7,Alban Lafont,,315.33,52.4,42.3,10.2,0.27,2018-19
16,17,Genoa CFC,38,8,14,16,39,57,-18,38,20.95,Krzysztof Piatek - 13,IonuÈ› Radu,,191.73,43.6,53.8,-10.2,-0.27,2018-19
17,18,Empoli FC,38,10,8,20,51,70,-19,38,9.62,Francesco Caputo - 16,Ivan Provedel,Relegated,105.6,52.0,61.0,-8.9,-0.24,2018-19
18,19,Frosinone Calcio,38,5,10,23,29,69,-40,25,12.656,Camillo Ciano - 7,Marco Sportiello,Relegated,54.53,35.5,60.8,-25.3,-0.67,2018-19
19,20,Chievo Verona,38,2,14,22,25,75,-50,17,12.142,Mariusz StÄ™piÅ„ski - 6,Stefano Sorrentino,"3-point deduction 3, Relegated",54.7,35.6,59.6,-23.9,-0.63,2018-19
0,1,Juventus FC,38,26,5,7,76,43,33,83,25.102,Cristiano Ronaldo - 31,Wojciech SzczÄ™sny,â†’ UEFA Champions League via league finish,661.88,68.7,41.8,26.9,0.71,2019-20
1,2,Inter Milan,38,24,10,4,81,36,45,82,41.558,Romelu Lukaku - 23,Samir HandanoviÄ‡,â†’ UEFA Champions League via league finish,606.05,72.3,40.6,31.6,0.83,2019-20
2,3,Atalanta BC,38,23,9,6,98,48,50,78,11.167,"Duvan Zapata, Luis Muriel - 18",Pierluigi Gollini,â†’ UEFA Champions League via league finish,291.43,81.8,41.4,40.5,1.07,2019-20
3,4,SS Lazio,38,24,6,8,79,42,37,78,26.363,Ciro Immobile - 36,Thomas Strakosha,â†’ UEFA Champions League via league finish,303.88,68.4,49.5,18.9,0.5,2019-20
4,5,AS Roma,38,21,7,10,77,51,26,70,26.956,Edin Dzeko - 16,Pau LÃ³pez,â†’ UEFA Europa League via league finish,392.73,72.6,48.3,24.3,0.64,2019-20
5,6,AC Milan,38,19,9,10,63,46,17,66,34.078,Ante Rebic - 11,Gianluigi Donnarumma,â†’ UEFA Europa League via league finish,404.33,59.5,47.1,12.4,0.33,2019-20
6,7,SSC Napoli,38,18,8,12,61,50,11,62,21.622,Arkadiusz Milik - 11,Alex Meret,â†’ UEFA Europa League via cup win 1,548.28,62.4,39.4,23.0,0.6,2019-20
7,8,US Sassuolo,38,14,9,15,69,63,6,51,7.704,Francesco Caputo - 21,Andrea Consigli,,167.98,56.0,63.8,-7.8,-0.21,2019-20
8,9,Hellas Verona,38,12,13,13,47,51,-4,49,11.248,Samuel Di Carmine - 8,Marco Silvestri,,112.53,49.2,52.5,-3.3,-0.09,2019-20
9,10,ACF Fiorentina,38,12,13,13,51,48,3,49,22.486,Federico Chiesa - 11,BartÅ‚omiej DrÄ…gowski,,302.23,54.7,48.9,5.8,0.15,2019-20
10,11,Parma FC,38,14,7,17,56,57,-1,49,10.245,Andreas Cornelius - 12,Luigi Sepe,,128.75,46.6,62.1,-15.5,-0.41,2019-20
11,12,Bologna FC 1909,38,12,11,15,52,65,-13,47,15.774,Musa Barrow - 9,Åukasz Skorupski,,129.65,53.1,54.9,-1.8,-0.05,2019-20
12,13,Udinese Calcio,38,12,9,17,37,51,-14,45,13.841,Kevin Lasagna - 10,Juan Musso,,121.08,40.6,51.7,-11.1,-0.29,2019-20
13,14,Cagliari Calcio,38,11,12,15,52,56,-4,45,10.728,JoÃ£o Pedro - 18,Robin Olsen,,167.83,41.4,57.2,-15.9,-0.42,2019-20
14,15,UC Sampdoria,38,12,6,20,48,65,-17,42,13.7,"Manolo Gabbiadini, Fabio Quagliarella - 11",Emil Audero,,135.28,51.2,53.3,-2.2,-0.06,2019-20
15,16,Torino FC,38,11,7,20,46,68,-22,40,13.338,Andrea Belotti - 16,Salvatore Sirigu,,163.55,42.4,62.8,-20.4,-0.54,2019-20
16,17,Genoa CFC,38,10,9,19,47,73,-26,39,14.016,Goran Pandev - 9,Mattia Perin,,112.8,47.4,59.2,-11.8,-0.31,2019-20
17,18,US Lecce,38,9,8,21,52,85,-33,35,15.939,Marco Mancosu - 14,Gabriel,Relegated,53.22,53.9,84.0,-30.1,-0.79,2019-20
18,19,Brescia Calcio,38,6,7,25,35,79,-44,25,10.05,"Alfredo Donnarumma, Ernesto Torregrossa - 7",Jesse Joronen,Relegated,83.23,42.4,77.6,-35.2,-0.93,2019-20
19,20,SPAL 2013,38,5,5,28,27,77,-50,20,8.241,Andrea Petagna - 12,Etrit Berisha,Relegated,73.63,39.1,67.5,-28.3,-0.75,2019-20
0,1,Inter Milan,38,28,7,3,89,35,54,91,158.0,Romelu Lukaku - 24,Samir HandanoviÄ‡,â†’ UEFA Champions League via league finish,663.9,74.8,38.6,36.2,0.95,2020-21
1,2,AC Milan,38,24,7,7,74,41,33,79,105.0,Zlatan Ibrahimovic - 15,Gianluigi Donnarumma,â†’ UEFA Champions League via league finish,547.78,71.2,45.7,25.5,0.67,2020-21
2,3,Atalanta BC,38,23,9,6,90,47,43,78,105.0,Luis Muriel - 22,Pierluigi Gollini,â†’ UEFA Champions League via league finish,430.0,77.2,42.3,34.9,0.92,2020-21
3,4,Juventus FC,38,23,9,6,77,38,39,78,105.0,Cristiano Ronaldo - 29,Wojciech SzczÄ™sny,â†’ UEFA Champions League via league finish,633.3,74.2,38.2,36.0,0.95,2020-21
4,5,SSC Napoli,38,24,5,9,86,41,45,77,105.0,Lorenzo Insigne - 19,Alex Meret,â†’ UEFA Europa League via league finish,493.85,67.7,41.6,26.1,0.69,2020-21
5,6,SS Lazio,38,21,5,12,61,55,6,68,158.0,Ciro Immobile - 20,Pepe Reina,â†’ UEFA Europa League via league finish 1,326.33,59.8,47.8,12.0,0.32,2020-21
6,7,AS Roma,38,18,8,12,68,58,10,62,105.0,Henrikh Mkhitaryan - 13,Pau LÃ³pez,â†’ UEFA Europa Conference League via league finish,395.65,68.9,51.4,17.5,0.46,2020-21
7,8,US Sassuolo,38,17,11,10,64,56,8,62,134.0,Domenico Berardi - 17,Andrea Consigli,,241.74,59.2,54.9,4.3,0.11,2020-21
8,9,UC Sampdoria,38,15,7,16,52,54,-2,52,105.0,Fabio Quagliarella - 13,Emil Audero,,127.18,46.2,56.9,-10.7,-0.28,2020-21
9,10,Hellas Verona,38,11,12,15,46,48,-2,45,611.0,Antona­n Barak - 7,Marco Silvestri,,157.21,43.5,50.3,-6.8,-0.18,2020-21
10,11,Genoa CFC,38,10,12,16,47,58,-11,42,53.0,Mattia Destro - 11,Mattia Perin,,111.93,37.8,54.5,-16.8,-0.44,2020-21
11,12,Bologna FC 1909,38,10,11,17,51,65,-14,41,105.0,Roberto Soriano - 9,Åukasz Skorupski,,146.0,53.4,64.7,-11.2,-0.3,2020-21
12,13,ACF Fiorentina,38,9,13,16,47,59,-12,40,105.0,Dujan Vlahovic - 21,BartÅ‚omiej DrÄ…gowski,,286.8,45.2,55.1,-9.9,-0.26,2020-21
13,14,Udinese Calcio,38,10,10,18,42,58,-16,40,158.0,Rodrigo De Paul - 9,Juan Musso,,173.0,42.9,52.1,-9.2,-0.24,2020-21
14,15,Spezia Calcio,38,9,12,17,52,72,-20,39,105.0,M'Bala Nzola - 11,Ivan Provedel,,71.68,46.7,69.3,-22.6,-0.59,2020-21
15,16,Cagliari Calcio,38,9,10,19,43,59,-16,37,105.0,Joao Pedro - 16,Alessio Cragno,,187.83,45.5,63.1,-17.6,-0.46,2020-21
16,17,Torino FC,38,7,16,15,50,69,-19,37,105.0,Andrea Belotti - 13,Salvatore Sirigu,,175.28,50.2,59.0,-8.8,-0.23,2020-21
17,18,Benevento Calcio,38,7,12,19,40,75,-35,33,158.0,Gianluca Lapadula - 8,Lorenzo MontipÃ²,Relegated,50.13,41.6,66.1,-24.5,-0.64,2020-21
18,19,FC Crotone,38,6,5,27,45,92,-47,23,53.0,Simeon Nwankwo - 20,Alex Cordaz,Relegated,52.75,38.5,71.6,-33.1,-0.87,2020-21
19,20,Parma FC,38,3,11,24,39,83,-44,20,158.0,"Juraj Kucka, Hernani - 7",Luigi Sepe,Relegated,128.7,40.0,61.4,-21.4,-0.56,2020-21
