"LOCATION","INDICATOR","SUBJECT","MEASURE","FREQUENCY","TIME","Value","Flag Codes"
"AUS","GDP","TOT","USD_CAP","A","2000",28304.656736,
"AUS","GDP","TOT","USD_CAP","A","2001",29561.398865,
"AUS","GDP","TOT","USD_CAP","A","2002",30800.452131,
"AUS","GDP","TOT","USD_CAP","A","2003",32352.941829,
"AUS","GDP","TOT","USD_CAP","A","2004",33962.015143,
"AUS","GDP","TOT","USD_CAP","A","2005",35642.418706,
"AUS","GDP","TOT","USD_CAP","A","2006",37893.838998,
"AUS","GDP","TOT","USD_CAP","A","2007",39658.373846,
"AUS","GDP","TOT","USD_CAP","A","2008",40105.110301,
"AUS","GDP","TOT","USD_CAP","A","2009",41636.496066,
"AUS","GDP","TOT","USD_CAP","A","2010",42809.92706,
"AUS","GDP","TOT","USD_CAP","A","2011",44429.559507,
"AUS","GDP","TOT","USD_CAP","A","2012",43883.378891,
"AUS","GDP","TOT","USD_CAP","A","2013",47761.901259,
"AUS","GDP","TOT","USD_CAP","A","2014",47603.880878,
"AUS","GDP","TOT","USD_CAP","A","2015",47232.62912,
"AUS","GDP","TOT","USD_CAP","A","2016",50150.652199,
"AUS","GDP","TOT","USD_CAP","A","2017",50699.175108,
"AUS","GDP","TOT","USD_CAP","A","2018",52980.734327,
"AUS","GDP","TOT","USD_CAP","A","2019",52669.473903,
"AUS","GDP","TOT","USD_CAP","A","2020",55626.802432,
"AUT","GDP","TOT","USD_CAP","A","2000",29376.007114,
"AUT","GDP","TOT","USD_CAP","A","2001",29702.787329,
"AUT","GDP","TOT","USD_CAP","A","2002",31178.051444,
"AUT","GDP","TOT","USD_CAP","A","2003",32156.836376,
"AUT","GDP","TOT","USD_CAP","A","2004",33784.254235,
"AUT","GDP","TOT","USD_CAP","A","2005",35024.557484,
"AUT","GDP","TOT","USD_CAP","A","2006",37665.32274,
"AUT","GDP","TOT","USD_CAP","A","2007",39432.047401,
"AUT","GDP","TOT","USD_CAP","A","2008",41316.022642,
"AUT","GDP","TOT","USD_CAP","A","2009",40927.134687,
"AUT","GDP","TOT","USD_CAP","A","2010",42021.154209,
"AUT","GDP","TOT","USD_CAP","A","2011",44469.209642,
"AUT","GDP","TOT","USD_CAP","A","2012",46477.655075,
"AUT","GDP","TOT","USD_CAP","A","2013",47936.677963,
"AUT","GDP","TOT","USD_CAP","A","2014",48813.534409,
"AUT","GDP","TOT","USD_CAP","A","2015",49942.056293,
"AUT","GDP","TOT","USD_CAP","A","2016",52665.087457,
"AUT","GDP","TOT","USD_CAP","A","2017",54188.360666,
"AUT","GDP","TOT","USD_CAP","A","2018",56978.264771,
"AUT","GDP","TOT","USD_CAP","A","2019",58091.272285,
"AUT","GDP","TOT","USD_CAP","A","2020",55686.067736,
"AUT","GDP","TOT","USD_CAP","A","2021",60353.215305,
"BEL","GDP","TOT","USD_CAP","A","2000",27785.247413,
"BEL","GDP","TOT","USD_CAP","A","2001",28786.875003,
"BEL","GDP","TOT","USD_CAP","A","2002",30281.667989,
"BEL","GDP","TOT","USD_CAP","A","2003",30933.261931,
"BEL","GDP","TOT","USD_CAP","A","2004",32063.504441,
"BEL","GDP","TOT","USD_CAP","A","2005",33176.680884,
"BEL","GDP","TOT","USD_CAP","A","2006",35259.055109,
"BEL","GDP","TOT","USD_CAP","A","2007",36790.154396,
"BEL","GDP","TOT","USD_CAP","A","2008",37883.233422,
"BEL","GDP","TOT","USD_CAP","A","2009",37751.245094,
"BEL","GDP","TOT","USD_CAP","A","2010",39838.570162,
"BEL","GDP","TOT","USD_CAP","A","2011",40943.343479,
"BEL","GDP","TOT","USD_CAP","A","2012",42290.477674,
"BEL","GDP","TOT","USD_CAP","A","2013",43672.712292,
"BEL","GDP","TOT","USD_CAP","A","2014",44929.933328,
"BEL","GDP","TOT","USD_CAP","A","2015",46201.685891,
"BEL","GDP","TOT","USD_CAP","A","2016",48599.202676,
"BEL","GDP","TOT","USD_CAP","A","2017",50442.947518,
"BEL","GDP","TOT","USD_CAP","A","2018",52528.397953,
"BEL","GDP","TOT","USD_CAP","A","2019",54269.389485,
"BEL","GDP","TOT","USD_CAP","A","2020",53090.095206,"P"
"BEL","GDP","TOT","USD_CAP","A","2021",59046.891165,"P"
"CAN","GDP","TOT","USD_CAP","A","2000",29362.289573,
"CAN","GDP","TOT","USD_CAP","A","2001",30231.005032,
"CAN","GDP","TOT","USD_CAP","A","2002",30963.222007,
"CAN","GDP","TOT","USD_CAP","A","2003",32350.070882,
"CAN","GDP","TOT","USD_CAP","A","2004",33925.89256,
"CAN","GDP","TOT","USD_CAP","A","2005",36327.662059,
"CAN","GDP","TOT","USD_CAP","A","2006",38120.176792,
"CAN","GDP","TOT","USD_CAP","A","2007",39575.324973,
"CAN","GDP","TOT","USD_CAP","A","2008",40376.330167,
"CAN","GDP","TOT","USD_CAP","A","2009",38865.406022,
"CAN","GDP","TOT","USD_CAP","A","2010",40099.497886,
"CAN","GDP","TOT","USD_CAP","A","2011",41666.718851,
"CAN","GDP","TOT","USD_CAP","A","2012",42290.879082,
"CAN","GDP","TOT","USD_CAP","A","2013",44298.514462,
"CAN","GDP","TOT","USD_CAP","A","2014",45753.782936,
"CAN","GDP","TOT","USD_CAP","A","2015",44670.054374,
"CAN","GDP","TOT","USD_CAP","A","2016",46472.368771,
"CAN","GDP","TOT","USD_CAP","A","2017",48317.191163,
"CAN","GDP","TOT","USD_CAP","A","2018",49892.028612,
"CAN","GDP","TOT","USD_CAP","A","2019",49286.811601,
"CAN","GDP","TOT","USD_CAP","A","2020",46572.141022,
"CAN","GDP","TOT","USD_CAP","A","2021",50722.491679,
"CZE","GDP","TOT","USD_CAP","A","2000",16207.917488,
"CZE","GDP","TOT","USD_CAP","A","2001",17607.978234,
"CZE","GDP","TOT","USD_CAP","A","2002",18245.669005,
"CZE","GDP","TOT","USD_CAP","A","2003",19523.414149,
"CZE","GDP","TOT","USD_CAP","A","2004",20911.935483,
"CZE","GDP","TOT","USD_CAP","A","2005",22045.99888,
"CZE","GDP","TOT","USD_CAP","A","2006",23859.060519,
"CZE","GDP","TOT","USD_CAP","A","2007",26221.622963,
"CZE","GDP","TOT","USD_CAP","A","2008",27853.549898,
"CZE","GDP","TOT","USD_CAP","A","2009",27635.671734,
"CZE","GDP","TOT","USD_CAP","A","2010",27768.403198,
"CZE","GDP","TOT","USD_CAP","A","2011",28999.754757,
"CZE","GDP","TOT","USD_CAP","A","2012",29258.904853,
"CZE","GDP","TOT","USD_CAP","A","2013",30828.526409,
"CZE","GDP","TOT","USD_CAP","A","2014",32504.217576,
"CZE","GDP","TOT","USD_CAP","A","2015",33909.309243,
"CZE","GDP","TOT","USD_CAP","A","2016",36101.285601,
"CZE","GDP","TOT","USD_CAP","A","2017",38842.896268,
"CZE","GDP","TOT","USD_CAP","A","2018",41149.033601,
"CZE","GDP","TOT","USD_CAP","A","2019",42857.229404,
"CZE","GDP","TOT","USD_CAP","A","2020",41599.093008,
"CZE","GDP","TOT","USD_CAP","A","2021",44442.252426,
"DNK","GDP","TOT","USD_CAP","A","2000",28666.801364,
"DNK","GDP","TOT","USD_CAP","A","2001",29447.10764,
"DNK","GDP","TOT","USD_CAP","A","2002",30639.953691,
"DNK","GDP","TOT","USD_CAP","A","2003",30823.66973,
"DNK","GDP","TOT","USD_CAP","A","2004",32947.978761,
"DNK","GDP","TOT","USD_CAP","A","2005",34152.881663,
"DNK","GDP","TOT","USD_CAP","A","2006",37336.259676,
"DNK","GDP","TOT","USD_CAP","A","2007",39016.473111,
"DNK","GDP","TOT","USD_CAP","A","2008",41282.995471,
"DNK","GDP","TOT","USD_CAP","A","2009",40332.101078,
"DNK","GDP","TOT","USD_CAP","A","2010",43008.349298,
"DNK","GDP","TOT","USD_CAP","A","2011",44407.94207,
"DNK","GDP","TOT","USD_CAP","A","2012",44808.549212,
"DNK","GDP","TOT","USD_CAP","A","2013",46742.939663,
"DNK","GDP","TOT","USD_CAP","A","2014",47905.477079,
"DNK","GDP","TOT","USD_CAP","A","2015",49058.142344,
"DNK","GDP","TOT","USD_CAP","A","2016",51967.020438,
"DNK","GDP","TOT","USD_CAP","A","2017",55356.49009,
"DNK","GDP","TOT","USD_CAP","A","2018",57479.350221,
"DNK","GDP","TOT","USD_CAP","A","2019",58674.960996,
"DNK","GDP","TOT","USD_CAP","A","2020",60244.418358,
"DNK","GDP","TOT","USD_CAP","A","2021",65704.862325,
"FIN","GDP","TOT","USD_CAP","A","2000",26784.759711,
"FIN","GDP","TOT","USD_CAP","A","2001",27795.729376,
"FIN","GDP","TOT","USD_CAP","A","2002",28605.122922,
"FIN","GDP","TOT","USD_CAP","A","2003",29051.575674,
"FIN","GDP","TOT","USD_CAP","A","2004",31201.582428,
"FIN","GDP","TOT","USD_CAP","A","2005",32051.762889,
"FIN","GDP","TOT","USD_CAP","A","2006",34454.903347,
"FIN","GDP","TOT","USD_CAP","A","2007",37838.480369,
"FIN","GDP","TOT","USD_CAP","A","2008",40083.701943,
"FIN","GDP","TOT","USD_CAP","A","2009",37972.066456,
"FIN","GDP","TOT","USD_CAP","A","2010",38956.123401,
"FIN","GDP","TOT","USD_CAP","A","2011",40916.647325,
"FIN","GDP","TOT","USD_CAP","A","2012",40872.854802,
"FIN","GDP","TOT","USD_CAP","A","2013",41492.918416,
"FIN","GDP","TOT","USD_CAP","A","2014",41749.864733,
"FIN","GDP","TOT","USD_CAP","A","2015",42490.211049,
"FIN","GDP","TOT","USD_CAP","A","2016",44934.488245,
"FIN","GDP","TOT","USD_CAP","A","2017",47570.270354,
"FIN","GDP","TOT","USD_CAP","A","2018",49574.529811,
"FIN","GDP","TOT","USD_CAP","A","2019",50321.588834,
"FIN","GDP","TOT","USD_CAP","A","2020",50926.479352,
"FIN","GDP","TOT","USD_CAP","A","2021",54671.148298,
"FRA","GDP","TOT","USD_CAP","A","2000",26094.702334,
"FRA","GDP","TOT","USD_CAP","A","2001",27494.263406,
"FRA","GDP","TOT","USD_CAP","A","2002",28528.156107,
"FRA","GDP","TOT","USD_CAP","A","2003",28177.154488,
"FRA","GDP","TOT","USD_CAP","A","2004",29065.049601,
"FRA","GDP","TOT","USD_CAP","A","2005",30504.058784,
"FRA","GDP","TOT","USD_CAP","A","2006",32474.873006,
"FRA","GDP","TOT","USD_CAP","A","2007",34128.377616,
"FRA","GDP","TOT","USD_CAP","A","2008",35102.870428,
"FRA","GDP","TOT","USD_CAP","A","2009",34686.122294,
"FRA","GDP","TOT","USD_CAP","A","2010",35912.031842,
"FRA","GDP","TOT","USD_CAP","A","2011",37447.949543,
"FRA","GDP","TOT","USD_CAP","A","2012",37684.198067,
"FRA","GDP","TOT","USD_CAP","A","2013",39528.473644,
"FRA","GDP","TOT","USD_CAP","A","2014",40144.059485,
"FRA","GDP","TOT","USD_CAP","A","2015",40829.893311,
"FRA","GDP","TOT","USD_CAP","A","2016",42855.944562,
"FRA","GDP","TOT","USD_CAP","A","2017",44445.59677,
"FRA","GDP","TOT","USD_CAP","A","2018",46375.437514,
"FRA","GDP","TOT","USD_CAP","A","2019",48800.185856,"P"
"FRA","GDP","TOT","USD_CAP","A","2020",46691.098321,"P"
"FRA","GDP","TOT","USD_CAP","A","2021",51828.567653,
"DEU","GDP","TOT","USD_CAP","A","2000",27450.968334,
"DEU","GDP","TOT","USD_CAP","A","2001",28658.393694,
"DEU","GDP","TOT","USD_CAP","A","2002",29504.28924,
"DEU","GDP","TOT","USD_CAP","A","2003",30269.46437,
"DEU","GDP","TOT","USD_CAP","A","2004",31741.694797,
"DEU","GDP","TOT","USD_CAP","A","2005",32236.740986,
"DEU","GDP","TOT","USD_CAP","A","2006",34666.78278,
"DEU","GDP","TOT","USD_CAP","A","2007",36858.447691,
"DEU","GDP","TOT","USD_CAP","A","2008",38432.448211,
"DEU","GDP","TOT","USD_CAP","A","2009",37465.070354,
"DEU","GDP","TOT","USD_CAP","A","2010",39677.030829,
"DEU","GDP","TOT","USD_CAP","A","2011",42541.513126,
"DEU","GDP","TOT","USD_CAP","A","2012",43359.541048,
"DEU","GDP","TOT","USD_CAP","A","2013",44993.667838,
"DEU","GDP","TOT","USD_CAP","A","2014",47011.280402,
"DEU","GDP","TOT","USD_CAP","A","2015",47609.557159,
"DEU","GDP","TOT","USD_CAP","A","2016",50579.483717,
"DEU","GDP","TOT","USD_CAP","A","2017",53071.478374,
"DEU","GDP","TOT","USD_CAP","A","2018",55235.247726,"P"
"DEU","GDP","TOT","USD_CAP","A","2019",55652.877823,"P"
"DEU","GDP","TOT","USD_CAP","A","2020",54844.447231,"P"
"DEU","GDP","TOT","USD_CAP","A","2021",58662.780107,"P"
"GRC","GDP","TOT","USD_CAP","A","2000",19516.213938,
"GRC","GDP","TOT","USD_CAP","A","2001",20954.75757,
"GRC","GDP","TOT","USD_CAP","A","2002",22615.957435,
"GRC","GDP","TOT","USD_CAP","A","2003",23896.54916,
"GRC","GDP","TOT","USD_CAP","A","2004",25460.416248,
"GRC","GDP","TOT","USD_CAP","A","2005",25577.445437,
"GRC","GDP","TOT","USD_CAP","A","2006",28549.064285,
"GRC","GDP","TOT","USD_CAP","A","2007",29320.198062,
"GRC","GDP","TOT","USD_CAP","A","2008",30855.935774,
"GRC","GDP","TOT","USD_CAP","A","2009",30359.133791,
"GRC","GDP","TOT","USD_CAP","A","2010",27913.001545,"B"
"GRC","GDP","TOT","USD_CAP","A","2011",25671.291223,
"GRC","GDP","TOT","USD_CAP","A","2012",24911.062614,
"GRC","GDP","TOT","USD_CAP","A","2013",25986.57671,
"GRC","GDP","TOT","USD_CAP","A","2014",26625.188631,
"GRC","GDP","TOT","USD_CAP","A","2015",26760.152201,
"GRC","GDP","TOT","USD_CAP","A","2016",27511.777671,
"GRC","GDP","TOT","USD_CAP","A","2017",28604.794575,
"GRC","GDP","TOT","USD_CAP","A","2018",29617.499309,
"GRC","GDP","TOT","USD_CAP","A","2019",30356.302549,"P"
"GRC","GDP","TOT","USD_CAP","A","2020",27923.999993,"P"
"GRC","GDP","TOT","USD_CAP","A","2021",31405.531696,"P"
"HUN","GDP","TOT","USD_CAP","A","2000",11853.178571,
"HUN","GDP","TOT","USD_CAP","A","2001",13207.922179,
"HUN","GDP","TOT","USD_CAP","A","2002",14526.388251,
"HUN","GDP","TOT","USD_CAP","A","2003",15481.320097,
"HUN","GDP","TOT","USD_CAP","A","2004",16272.005789,
"HUN","GDP","TOT","USD_CAP","A","2005",17112.202187,
"HUN","GDP","TOT","USD_CAP","A","2006",18389.410347,
"HUN","GDP","TOT","USD_CAP","A","2007",19099.851672,
"HUN","GDP","TOT","USD_CAP","A","2008",20727.889969,
"HUN","GDP","TOT","USD_CAP","A","2009",20729.783943,
"HUN","GDP","TOT","USD_CAP","A","2010",21751.833925,
"HUN","GDP","TOT","USD_CAP","A","2011",23038.80802,
"HUN","GDP","TOT","USD_CAP","A","2012",23275.231857,
"HUN","GDP","TOT","USD_CAP","A","2013",24556.715269,
"HUN","GDP","TOT","USD_CAP","A","2014",25699.750577,
"HUN","GDP","TOT","USD_CAP","A","2015",26806.595306,
"HUN","GDP","TOT","USD_CAP","A","2016",27947.637585,
"HUN","GDP","TOT","USD_CAP","A","2017",29501.120486,
"HUN","GDP","TOT","USD_CAP","A","2018",31913.074632,
"HUN","GDP","TOT","USD_CAP","A","2019",33514.94177,
"HUN","GDP","TOT","USD_CAP","A","2020",33075.924351,"P"
"HUN","GDP","TOT","USD_CAP","A","2021",36931.81831,"P"
"ISL","GDP","TOT","USD_CAP","A","2000",29779.622737,
"ISL","GDP","TOT","USD_CAP","A","2001",31861.268682,
"ISL","GDP","TOT","USD_CAP","A","2002",32598.376021,
"ISL","GDP","TOT","USD_CAP","A","2003",32724.220972,
"ISL","GDP","TOT","USD_CAP","A","2004",35552.174225,
"ISL","GDP","TOT","USD_CAP","A","2005",37427.934965,
"ISL","GDP","TOT","USD_CAP","A","2006",39632.74879,
"ISL","GDP","TOT","USD_CAP","A","2007",41485.528568,
"ISL","GDP","TOT","USD_CAP","A","2008",43456.216759,
"ISL","GDP","TOT","USD_CAP","A","2009",41772.249615,
"ISL","GDP","TOT","USD_CAP","A","2010",39780.425359,
"ISL","GDP","TOT","USD_CAP","A","2011",40938.664549,
"ISL","GDP","TOT","USD_CAP","A","2012",42006.543346,
"ISL","GDP","TOT","USD_CAP","A","2013",44404.731588,
"ISL","GDP","TOT","USD_CAP","A","2014",45995.001692,
"ISL","GDP","TOT","USD_CAP","A","2015",49203.294991,
"ISL","GDP","TOT","USD_CAP","A","2016",53486.615773,
"ISL","GDP","TOT","USD_CAP","A","2017",55638.491978,
"ISL","GDP","TOT","USD_CAP","A","2018",57214.706832,
"ISL","GDP","TOT","USD_CAP","A","2019",58284.116043,
"ISL","GDP","TOT","USD_CAP","A","2020",53611.271722,
"IRL","GDP","TOT","USD_CAP","A","2000",30212.996586,
"IRL","GDP","TOT","USD_CAP","A","2001",32587.805757,
"IRL","GDP","TOT","USD_CAP","A","2002",35222.881959,
"IRL","GDP","TOT","USD_CAP","A","2003",36278.795505,
"IRL","GDP","TOT","USD_CAP","A","2004",38761.397418,
"IRL","GDP","TOT","USD_CAP","A","2005",40465.540236,
"IRL","GDP","TOT","USD_CAP","A","2006",44271.383467,
"IRL","GDP","TOT","USD_CAP","A","2007",46760.275374,
"IRL","GDP","TOT","USD_CAP","A","2008",44105.305617,
"IRL","GDP","TOT","USD_CAP","A","2009",41436.633588,
"IRL","GDP","TOT","USD_CAP","A","2010",43206.800069,
"IRL","GDP","TOT","USD_CAP","A","2011",45095.404017,
"IRL","GDP","TOT","USD_CAP","A","2012",46382.57421,
"IRL","GDP","TOT","USD_CAP","A","2013",47869.673503,
"IRL","GDP","TOT","USD_CAP","A","2014",51156.247715,
"IRL","GDP","TOT","USD_CAP","A","2015",69119.703929,
"IRL","GDP","TOT","USD_CAP","A","2016",71594.095685,
"IRL","GDP","TOT","USD_CAP","A","2017",77832.00899,
"IRL","GDP","TOT","USD_CAP","A","2018",84671.545053,
"IRL","GDP","TOT","USD_CAP","A","2019",87506.778434,
"IRL","GDP","TOT","USD_CAP","A","2020",93450.374199,
"IRL","GDP","TOT","USD_CAP","A","2021",109719.94788,
"ITA","GDP","TOT","USD_CAP","A","2000",27072.426242,
"ITA","GDP","TOT","USD_CAP","A","2001",28030.921543,
"ITA","GDP","TOT","USD_CAP","A","2002",28721.076279,
"ITA","GDP","TOT","USD_CAP","A","2003",29153.1923,
"ITA","GDP","TOT","USD_CAP","A","2004",29481.685632,
"ITA","GDP","TOT","USD_CAP","A","2005",30028.488979,
"ITA","GDP","TOT","USD_CAP","A","2006",32311.38283,
"ITA","GDP","TOT","USD_CAP","A","2007",33956.490392,
"ITA","GDP","TOT","USD_CAP","A","2008",35292.601856,
"ITA","GDP","TOT","USD_CAP","A","2009",34335.571618,
"ITA","GDP","TOT","USD_CAP","A","2010",34839.916955,
"ITA","GDP","TOT","USD_CAP","A","2011",36203.328522,
"ITA","GDP","TOT","USD_CAP","A","2012",36091.373957,
"ITA","GDP","TOT","USD_CAP","A","2013",36267.925352,
"ITA","GDP","TOT","USD_CAP","A","2014",36475.976061,
"ITA","GDP","TOT","USD_CAP","A","2015",37206.331822,
"ITA","GDP","TOT","USD_CAP","A","2016",40267.222623,
"ITA","GDP","TOT","USD_CAP","A","2017",41951.466331,
"ITA","GDP","TOT","USD_CAP","A","2018",43427.663143,
"ITA","GDP","TOT","USD_CAP","A","2019",44376.174443,
"ITA","GDP","TOT","USD_CAP","A","2020",41995.337395,
"ITA","GDP","TOT","USD_CAP","A","2021",46524.16303,
"JPN","GDP","TOT","USD_CAP","A","2000",27289.851934,
"JPN","GDP","TOT","USD_CAP","A","2001",27946.083138,
"JPN","GDP","TOT","USD_CAP","A","2002",28633.69892,
"JPN","GDP","TOT","USD_CAP","A","2003",29411.592882,
"JPN","GDP","TOT","USD_CAP","A","2004",30837.175423,
"JPN","GDP","TOT","USD_CAP","A","2005",32174.400107,
"JPN","GDP","TOT","USD_CAP","A","2006",33638.841255,
"JPN","GDP","TOT","USD_CAP","A","2007",35021.732224,
"JPN","GDP","TOT","USD_CAP","A","2008",35278.749846,
"JPN","GDP","TOT","USD_CAP","A","2009",33550.689549,
"JPN","GDP","TOT","USD_CAP","A","2010",35342.824721,
"JPN","GDP","TOT","USD_CAP","A","2011",36215.006272,
"JPN","GDP","TOT","USD_CAP","A","2012",37628.675989,
"JPN","GDP","TOT","USD_CAP","A","2013",39436.682585,
"JPN","GDP","TOT","USD_CAP","A","2014",39559.763471,
"JPN","GDP","TOT","USD_CAP","A","2015",40908.781547,
"JPN","GDP","TOT","USD_CAP","A","2016",40642.704531,
"JPN","GDP","TOT","USD_CAP","A","2017",41531.221619,
"JPN","GDP","TOT","USD_CAP","A","2018",42239.050068,
"JPN","GDP","TOT","USD_CAP","A","2019",42438.755946,
"JPN","GDP","TOT","USD_CAP","A","2020",42285.325693,
"KOR","GDP","TOT","USD_CAP","A","2000",18538.879306,
"KOR","GDP","TOT","USD_CAP","A","2001",19724.494236,
"KOR","GDP","TOT","USD_CAP","A","2002",21396.719189,
"KOR","GDP","TOT","USD_CAP","A","2003",22096.023078,
"KOR","GDP","TOT","USD_CAP","A","2004",23773.590825,
"KOR","GDP","TOT","USD_CAP","A","2005",25186.638103,
"KOR","GDP","TOT","USD_CAP","A","2006",26884.429402,
"KOR","GDP","TOT","USD_CAP","A","2007",29064.701966,
"KOR","GDP","TOT","USD_CAP","A","2008",29945.899216,
"KOR","GDP","TOT","USD_CAP","A","2009",29508.282758,
"KOR","GDP","TOT","USD_CAP","A","2010",31736.700156,
"KOR","GDP","TOT","USD_CAP","A","2011",32546.517725,
"KOR","GDP","TOT","USD_CAP","A","2012",33557.030447,
"KOR","GDP","TOT","USD_CAP","A","2013",34244.239492,
"KOR","GDP","TOT","USD_CAP","A","2014",35324.260296,
"KOR","GDP","TOT","USD_CAP","A","2015",37902.361018,
"KOR","GDP","TOT","USD_CAP","A","2016",39575.302078,
"KOR","GDP","TOT","USD_CAP","A","2017",40957.347064,
"KOR","GDP","TOT","USD_CAP","A","2018",43025.990397,
"KOR","GDP","TOT","USD_CAP","A","2019",43044.8068,
"KOR","GDP","TOT","USD_CAP","A","2020",45274.090605,"P"
"LUX","GDP","TOT","USD_CAP","A","2000",55032.143721,
"LUX","GDP","TOT","USD_CAP","A","2001",56082.401307,
"LUX","GDP","TOT","USD_CAP","A","2002",58513.393595,
"LUX","GDP","TOT","USD_CAP","A","2003",60112.409068,
"LUX","GDP","TOT","USD_CAP","A","2004",64633.730041,
"LUX","GDP","TOT","USD_CAP","A","2005",68707.781706,
"LUX","GDP","TOT","USD_CAP","A","2006",78830.462472,
"LUX","GDP","TOT","USD_CAP","A","2007",84984.721145,
"LUX","GDP","TOT","USD_CAP","A","2008",90863.784075,
"LUX","GDP","TOT","USD_CAP","A","2009",86799.979136,
"LUX","GDP","TOT","USD_CAP","A","2010",90257.591595,
"LUX","GDP","TOT","USD_CAP","A","2011",94278.922851,
"LUX","GDP","TOT","USD_CAP","A","2012",96535.745828,
"LUX","GDP","TOT","USD_CAP","A","2013",100561.366405,
"LUX","GDP","TOT","USD_CAP","A","2014",104917.945675,
"LUX","GDP","TOT","USD_CAP","A","2015",107898.304236,
"LUX","GDP","TOT","USD_CAP","A","2016",112955.470175,
"LUX","GDP","TOT","USD_CAP","A","2017",114862.528755,
"LUX","GDP","TOT","USD_CAP","A","2018",116801.142101,
"LUX","GDP","TOT","USD_CAP","A","2019",117058.928146,
"LUX","GDP","TOT","USD_CAP","A","2020",117721.247087,
"LUX","GDP","TOT","USD_CAP","A","2021",131502.663893,
"MEX","GDP","TOT","USD_CAP","A","2000",10870.092123,
"MEX","GDP","TOT","USD_CAP","A","2001",10937.137897,
"MEX","GDP","TOT","USD_CAP","A","2002",10999.980338,
"MEX","GDP","TOT","USD_CAP","A","2003",11308.492366,
"MEX","GDP","TOT","USD_CAP","A","2004",11926.995989,
"MEX","GDP","TOT","USD_CAP","A","2005",12539.95753,
"MEX","GDP","TOT","USD_CAP","A","2006",13725.383603,
"MEX","GDP","TOT","USD_CAP","A","2007",14240.154451,
"MEX","GDP","TOT","USD_CAP","A","2008",14885.902438,
"MEX","GDP","TOT","USD_CAP","A","2009",14521.804398,
"MEX","GDP","TOT","USD_CAP","A","2010",15252.073238,
"MEX","GDP","TOT","USD_CAP","A","2011",16546.641414,
"MEX","GDP","TOT","USD_CAP","A","2012",17220.06914,
"MEX","GDP","TOT","USD_CAP","A","2013",17461.798268,
"MEX","GDP","TOT","USD_CAP","A","2014",18178.397421,
"MEX","GDP","TOT","USD_CAP","A","2015",18454.801482,
"MEX","GDP","TOT","USD_CAP","A","2016",19516.145022,
"MEX","GDP","TOT","USD_CAP","A","2017",19947.197691,
"MEX","GDP","TOT","USD_CAP","A","2018",20354.829507,
"MEX","GDP","TOT","USD_CAP","A","2019",20145.644354,"P"
"MEX","GDP","TOT","USD_CAP","A","2020",18962.568201,"P"
"NLD","GDP","TOT","USD_CAP","A","2000",31869.842367,
"NLD","GDP","TOT","USD_CAP","A","2001",33180.544383,
"NLD","GDP","TOT","USD_CAP","A","2002",34447.053372,
"NLD","GDP","TOT","USD_CAP","A","2003",34150.260289,
"NLD","GDP","TOT","USD_CAP","A","2004",35809.295703,
"NLD","GDP","TOT","USD_CAP","A","2005",37625.252435,
"NLD","GDP","TOT","USD_CAP","A","2006",41014.044759,
"NLD","GDP","TOT","USD_CAP","A","2007",43938.347892,
"NLD","GDP","TOT","USD_CAP","A","2008",46419.042594,
"NLD","GDP","TOT","USD_CAP","A","2009",44557.981143,
"NLD","GDP","TOT","USD_CAP","A","2010",45044.969112,
"NLD","GDP","TOT","USD_CAP","A","2011",46599.227659,
"NLD","GDP","TOT","USD_CAP","A","2012",47271.968226,
"NLD","GDP","TOT","USD_CAP","A","2013",49242.786711,
"NLD","GDP","TOT","USD_CAP","A","2014",49233.230349,
"NLD","GDP","TOT","USD_CAP","A","2015",50288.352815,
"NLD","GDP","TOT","USD_CAP","A","2016",52289.404292,
"NLD","GDP","TOT","USD_CAP","A","2017",55089.58143,
"NLD","GDP","TOT","USD_CAP","A","2018",57825.399708,
"NLD","GDP","TOT","USD_CAP","A","2019",59003.864774,"P"
"NLD","GDP","TOT","USD_CAP","A","2020",59265.247282,"P"
"NLD","GDP","TOT","USD_CAP","A","2021",64288.078098,"P"
"NZL","GDP","TOT","USD_CAP","A","2000",21470.850533,
"NZL","GDP","TOT","USD_CAP","A","2001",22399.270791,
"NZL","GDP","TOT","USD_CAP","A","2002",23180.064981,
"NZL","GDP","TOT","USD_CAP","A","2003",23868.729248,
"NZL","GDP","TOT","USD_CAP","A","2004",25006.738203,
"NZL","GDP","TOT","USD_CAP","A","2005",25590.127446,
"NZL","GDP","TOT","USD_CAP","A","2006",27675.50845,
"NZL","GDP","TOT","USD_CAP","A","2007",29290.053915,
"NZL","GDP","TOT","USD_CAP","A","2008",29748.931565,
"NZL","GDP","TOT","USD_CAP","A","2009",30572.372215,
"NZL","GDP","TOT","USD_CAP","A","2010",31135.864443,
"NZL","GDP","TOT","USD_CAP","A","2011",32638.103325,
"NZL","GDP","TOT","USD_CAP","A","2012",32916.91304,
"NZL","GDP","TOT","USD_CAP","A","2013",36084.865782,
"NZL","GDP","TOT","USD_CAP","A","2014",37084.794142,
"NZL","GDP","TOT","USD_CAP","A","2015",37246.951138,
"NZL","GDP","TOT","USD_CAP","A","2016",39719.042939,
"NZL","GDP","TOT","USD_CAP","A","2017",42074.660571,
"NZL","GDP","TOT","USD_CAP","A","2018",42388.6241,
"NZL","GDP","TOT","USD_CAP","A","2019",44973.230893,
"NZL","GDP","TOT","USD_CAP","A","2020",44288.377932,"E"
"NOR","GDP","TOT","USD_CAP","A","2000",36936.216144,
"NOR","GDP","TOT","USD_CAP","A","2001",37762.226185,
"NOR","GDP","TOT","USD_CAP","A","2002",37981.68638,
"NOR","GDP","TOT","USD_CAP","A","2003",38592.481304,
"NOR","GDP","TOT","USD_CAP","A","2004",42549.110819,
"NOR","GDP","TOT","USD_CAP","A","2005",47800.540634,
"NOR","GDP","TOT","USD_CAP","A","2006",54156.729649,
"NOR","GDP","TOT","USD_CAP","A","2007",55932.353349,
"NOR","GDP","TOT","USD_CAP","A","2008",61719.343656,
"NOR","GDP","TOT","USD_CAP","A","2009",55361.078297,
"NOR","GDP","TOT","USD_CAP","A","2010",57922.634469,
"NOR","GDP","TOT","USD_CAP","A","2011",62077.845797,
"NOR","GDP","TOT","USD_CAP","A","2012",65349.216157,
"NOR","GDP","TOT","USD_CAP","A","2013",66956.285962,
"NOR","GDP","TOT","USD_CAP","A","2014",65895.667611,
"NOR","GDP","TOT","USD_CAP","A","2015",60352.716908,
"NOR","GDP","TOT","USD_CAP","A","2016",58923.240139,
"NOR","GDP","TOT","USD_CAP","A","2017",64050.366694,
"NOR","GDP","TOT","USD_CAP","A","2018",69807.225536,
"NOR","GDP","TOT","USD_CAP","A","2019",66797.863207,
"NOR","GDP","TOT","USD_CAP","A","2020",62650.379161,
"NOR","GDP","TOT","USD_CAP","A","2021",68452.835569,
"POL","GDP","TOT","USD_CAP","A","2000",10672.856292,
"POL","GDP","TOT","USD_CAP","A","2001",11118.865029,
"POL","GDP","TOT","USD_CAP","A","2002",11803.761357,
"POL","GDP","TOT","USD_CAP","A","2003",12291.541453,
"POL","GDP","TOT","USD_CAP","A","2004",13354.456755,
"POL","GDP","TOT","USD_CAP","A","2005",13898.413011,
"POL","GDP","TOT","USD_CAP","A","2006",15156.021515,
"POL","GDP","TOT","USD_CAP","A","2007",16804.843293,
"POL","GDP","TOT","USD_CAP","A","2008",18308.038986,
"POL","GDP","TOT","USD_CAP","A","2009",19074.247921,
"POL","GDP","TOT","USD_CAP","A","2010",20813.092736,
"POL","GDP","TOT","USD_CAP","A","2011",22553.514215,
"POL","GDP","TOT","USD_CAP","A","2012",23455.560312,
"POL","GDP","TOT","USD_CAP","A","2013",24272.842559,
"POL","GDP","TOT","USD_CAP","A","2014",25162.875509,
"POL","GDP","TOT","USD_CAP","A","2015",26534.723216,
"POL","GDP","TOT","USD_CAP","A","2016",27985.340009,
"POL","GDP","TOT","USD_CAP","A","2017",29714.590984,
"POL","GDP","TOT","USD_CAP","A","2018",31588.493559,
"POL","GDP","TOT","USD_CAP","A","2019",33427.503432,
"POL","GDP","TOT","USD_CAP","A","2020",33880.291848,
"POL","GDP","TOT","USD_CAP","A","2021",38127.075824,
"PRT","GDP","TOT","USD_CAP","A","2000",18876.663002,
"PRT","GDP","TOT","USD_CAP","A","2001",19524.941284,
"PRT","GDP","TOT","USD_CAP","A","2002",20356.721555,
"PRT","GDP","TOT","USD_CAP","A","2003",20851.131027,
"PRT","GDP","TOT","USD_CAP","A","2004",21477.752034,
"PRT","GDP","TOT","USD_CAP","A","2005",22725.351606,
"PRT","GDP","TOT","USD_CAP","A","2006",24682.69159,
"PRT","GDP","TOT","USD_CAP","A","2007",25733.019568,
"PRT","GDP","TOT","USD_CAP","A","2008",26665.771577,
"PRT","GDP","TOT","USD_CAP","A","2009",26459.014535,
"PRT","GDP","TOT","USD_CAP","A","2010",27261.94794,
"PRT","GDP","TOT","USD_CAP","A","2011",26769.42769,
"PRT","GDP","TOT","USD_CAP","A","2012",26438.140472,
"PRT","GDP","TOT","USD_CAP","A","2013",27936.006299,
"PRT","GDP","TOT","USD_CAP","A","2014",28742.313125,
"PRT","GDP","TOT","USD_CAP","A","2015",29660.845901,
"PRT","GDP","TOT","USD_CAP","A","2016",31607.610185,
"PRT","GDP","TOT","USD_CAP","A","2017",33044.70015,
"PRT","GDP","TOT","USD_CAP","A","2018",34928.61899,
"PRT","GDP","TOT","USD_CAP","A","2019",36171.964841,
"PRT","GDP","TOT","USD_CAP","A","2020",34177.019943,"P"
"PRT","GDP","TOT","USD_CAP","A","2021",37252.74244,"P"
"SVK","GDP","TOT","USD_CAP","A","2000",11351.316216,
"SVK","GDP","TOT","USD_CAP","A","2001",12384.456371,
"SVK","GDP","TOT","USD_CAP","A","2002",13307.878099,
"SVK","GDP","TOT","USD_CAP","A","2003",14165.405025,
"SVK","GDP","TOT","USD_CAP","A","2004",15197.802923,
"SVK","GDP","TOT","USD_CAP","A","2005",16595.261602,
"SVK","GDP","TOT","USD_CAP","A","2006",18851.357046,
"SVK","GDP","TOT","USD_CAP","A","2007",21136.075204,
"SVK","GDP","TOT","USD_CAP","A","2008",23608.977522,
"SVK","GDP","TOT","USD_CAP","A","2009",22947.016917,
"SVK","GDP","TOT","USD_CAP","A","2010",25122.641262,
"SVK","GDP","TOT","USD_CAP","A","2011",26147.239673,
"SVK","GDP","TOT","USD_CAP","A","2012",26894.994483,
"SVK","GDP","TOT","USD_CAP","A","2013",27917.45727,
"SVK","GDP","TOT","USD_CAP","A","2014",28930.034071,
"SVK","GDP","TOT","USD_CAP","A","2015",29972.9225,
"SVK","GDP","TOT","USD_CAP","A","2016",29645.701303,
"SVK","GDP","TOT","USD_CAP","A","2017",30066.187534,
"SVK","GDP","TOT","USD_CAP","A","2018",31218.960027,
"SVK","GDP","TOT","USD_CAP","A","2019",31971.867433,
"SVK","GDP","TOT","USD_CAP","A","2020",31346.275873,
"SVK","GDP","TOT","USD_CAP","A","2021",33692.53163,
"ESP","GDP","TOT","USD_CAP","A","2000",21591.430573,
"ESP","GDP","TOT","USD_CAP","A","2001",22996.663676,
"ESP","GDP","TOT","USD_CAP","A","2002",24376.32871,
"ESP","GDP","TOT","USD_CAP","A","2003",25041.025848,
"ESP","GDP","TOT","USD_CAP","A","2004",26181.890036,
"ESP","GDP","TOT","USD_CAP","A","2005",27600.937175,
"ESP","GDP","TOT","USD_CAP","A","2006",30745.701401,
"ESP","GDP","TOT","USD_CAP","A","2007",32462.931726,
"ESP","GDP","TOT","USD_CAP","A","2008",33242.245427,
"ESP","GDP","TOT","USD_CAP","A","2009",32089.196919,
"ESP","GDP","TOT","USD_CAP","A","2010",31692.507932,
"ESP","GDP","TOT","USD_CAP","A","2011",31872.363088,
"ESP","GDP","TOT","USD_CAP","A","2012",31724.631513,
"ESP","GDP","TOT","USD_CAP","A","2013",32452.659676,
"ESP","GDP","TOT","USD_CAP","A","2014",33544.352014,
"ESP","GDP","TOT","USD_CAP","A","2015",34929.20969,
"ESP","GDP","TOT","USD_CAP","A","2016",37313.634913,
"ESP","GDP","TOT","USD_CAP","A","2017",39580.188366,
"ESP","GDP","TOT","USD_CAP","A","2018",40756.445269,
"ESP","GDP","TOT","USD_CAP","A","2019",41721.222195,"P"
"ESP","GDP","TOT","USD_CAP","A","2020",37764.086581,"P"
"ESP","GDP","TOT","USD_CAP","A","2021",41476.261185,"P"
"SWE","GDP","TOT","USD_CAP","A","2000",29618.30891,
"SWE","GDP","TOT","USD_CAP","A","2001",29927.464323,
"SWE","GDP","TOT","USD_CAP","A","2002",30926.361002,
"SWE","GDP","TOT","USD_CAP","A","2003",31814.965825,
"SWE","GDP","TOT","USD_CAP","A","2004",33858.728495,
"SWE","GDP","TOT","USD_CAP","A","2005",34244.359285,
"SWE","GDP","TOT","USD_CAP","A","2006",37730.182732,
"SWE","GDP","TOT","USD_CAP","A","2007",40905.110734,
"SWE","GDP","TOT","USD_CAP","A","2008",42158.465614,
"SWE","GDP","TOT","USD_CAP","A","2009",40279.526697,
"SWE","GDP","TOT","USD_CAP","A","2010",42224.035942,
"SWE","GDP","TOT","USD_CAP","A","2011",44608.643898,
"SWE","GDP","TOT","USD_CAP","A","2012",45432.306926,
"SWE","GDP","TOT","USD_CAP","A","2013",46312.293685,
"SWE","GDP","TOT","USD_CAP","A","2014",47184.719403,
"SWE","GDP","TOT","USD_CAP","A","2015",49103.0618,
"SWE","GDP","TOT","USD_CAP","A","2016",50430.174559,
"SWE","GDP","TOT","USD_CAP","A","2017",51947.942867,
"SWE","GDP","TOT","USD_CAP","A","2018",53521.635778,
"SWE","GDP","TOT","USD_CAP","A","2019",54598.781841,
"SWE","GDP","TOT","USD_CAP","A","2020",55064.882335,
"SWE","GDP","TOT","USD_CAP","A","2021",59575.996933,
"CHE","GDP","TOT","USD_CAP","A","2000",36426.125454,
"CHE","GDP","TOT","USD_CAP","A","2001",37591.821675,
"CHE","GDP","TOT","USD_CAP","A","2002",38519.185231,
"CHE","GDP","TOT","USD_CAP","A","2003",38551.705241,
"CHE","GDP","TOT","USD_CAP","A","2004",40044.485897,
"CHE","GDP","TOT","USD_CAP","A","2005",41467.497321,
"CHE","GDP","TOT","USD_CAP","A","2006",46191.595599,
"CHE","GDP","TOT","USD_CAP","A","2007",50866.412763,
"CHE","GDP","TOT","USD_CAP","A","2008",53784.37338,
"CHE","GDP","TOT","USD_CAP","A","2009",53111.530359,
"CHE","GDP","TOT","USD_CAP","A","2010",54767.96782,
"CHE","GDP","TOT","USD_CAP","A","2011",57987.486864,
"CHE","GDP","TOT","USD_CAP","A","2012",59933.617056,
"CHE","GDP","TOT","USD_CAP","A","2013",62225.11235,
"CHE","GDP","TOT","USD_CAP","A","2014",64103.009758,
"CHE","GDP","TOT","USD_CAP","A","2015",66020.20952,
"CHE","GDP","TOT","USD_CAP","A","2016",68105.138178,
"CHE","GDP","TOT","USD_CAP","A","2017",69103.567686,
"CHE","GDP","TOT","USD_CAP","A","2018",71660.23286,
"CHE","GDP","TOT","USD_CAP","A","2019",72033.948683,
"CHE","GDP","TOT","USD_CAP","A","2020",71731.951611,
"TUR","GDP","TOT","USD_CAP","A","2000",9474.770932,
"TUR","GDP","TOT","USD_CAP","A","2001",9141.573265,
"TUR","GDP","TOT","USD_CAP","A","2002",9279.072677,
"TUR","GDP","TOT","USD_CAP","A","2003",9597.452177,
"TUR","GDP","TOT","USD_CAP","A","2004",10884.257301,
"TUR","GDP","TOT","USD_CAP","A","2005",11910.606724,
"TUR","GDP","TOT","USD_CAP","A","2006",13641.649526,
"TUR","GDP","TOT","USD_CAP","A","2007",14863.073639,
"TUR","GDP","TOT","USD_CAP","A","2008",16038.231645,
"TUR","GDP","TOT","USD_CAP","A","2009",15442.615102,
"TUR","GDP","TOT","USD_CAP","A","2010",17346.72046,
"TUR","GDP","TOT","USD_CAP","A","2011",19590.858369,
"TUR","GDP","TOT","USD_CAP","A","2012",20627.440729,
"TUR","GDP","TOT","USD_CAP","A","2013",22373.136543,
"TUR","GDP","TOT","USD_CAP","A","2014",24104.984583,
"TUR","GDP","TOT","USD_CAP","A","2015",25855.912681,
"TUR","GDP","TOT","USD_CAP","A","2016",26695.909373,
"TUR","GDP","TOT","USD_CAP","A","2017",28193.061398,
"TUR","GDP","TOT","USD_CAP","A","2018",28281.473275,
"TUR","GDP","TOT","USD_CAP","A","2019",27144.223561,
"TUR","GDP","TOT","USD_CAP","A","2020",27547.040639,
"GBR","GDP","TOT","USD_CAP","A","2000",26475.125389,
"GBR","GDP","TOT","USD_CAP","A","2001",27810.293295,
"GBR","GDP","TOT","USD_CAP","A","2002",29064.334681,
"GBR","GDP","TOT","USD_CAP","A","2003",30360.666209,
"GBR","GDP","TOT","USD_CAP","A","2004",32078.671762,
"GBR","GDP","TOT","USD_CAP","A","2005",32740.960237,
"GBR","GDP","TOT","USD_CAP","A","2006",34856.934524,
"GBR","GDP","TOT","USD_CAP","A","2007",35697.336383,
"GBR","GDP","TOT","USD_CAP","A","2008",36853.437474,
"GBR","GDP","TOT","USD_CAP","A","2009",35221.075895,
"GBR","GDP","TOT","USD_CAP","A","2010",36580.295495,
"GBR","GDP","TOT","USD_CAP","A","2011",37363.819988,
"GBR","GDP","TOT","USD_CAP","A","2012",38511.142147,
"GBR","GDP","TOT","USD_CAP","A","2013",40232.722312,
"GBR","GDP","TOT","USD_CAP","A","2014",41584.042063,
"GBR","GDP","TOT","USD_CAP","A","2015",42916.969653,
"GBR","GDP","TOT","USD_CAP","A","2016",44610.565649,
"GBR","GDP","TOT","USD_CAP","A","2017",46385.63354,
"GBR","GDP","TOT","USD_CAP","A","2018",47590.888987,
"GBR","GDP","TOT","USD_CAP","A","2019",49070.333125,
"GBR","GDP","TOT","USD_CAP","A","2020",46575.886428,
"USA","GDP","TOT","USD_CAP","A","2000",36299.662179,
"USA","GDP","TOT","USD_CAP","A","2001",37100.285739,
"USA","GDP","TOT","USD_CAP","A","2002",37954.222014,
"USA","GDP","TOT","USD_CAP","A","2003",39419.907372,
"USA","GDP","TOT","USD_CAP","A","2004",41659.662691,
"USA","GDP","TOT","USD_CAP","A","2005",44052.382996,
"USA","GDP","TOT","USD_CAP","A","2006",46234.10571,
"USA","GDP","TOT","USD_CAP","A","2007",47976.201209,
"USA","GDP","TOT","USD_CAP","A","2008",48498.445211,
"USA","GDP","TOT","USD_CAP","A","2009",47122.988543,
"USA","GDP","TOT","USD_CAP","A","2010",48580.481254,
"USA","GDP","TOT","USD_CAP","A","2011",49997.535335,
"USA","GDP","TOT","USD_CAP","A","2012",51729.310147,
"USA","GDP","TOT","USD_CAP","A","2013",53241.104196,
"USA","GDP","TOT","USD_CAP","A","2014",55081.542599,
"USA","GDP","TOT","USD_CAP","A","2015",56731.074605,
"USA","GDP","TOT","USD_CAP","A","2016",57846.274282,
"USA","GDP","TOT","USD_CAP","A","2017",59896.756042,
"USA","GDP","TOT","USD_CAP","A","2018",62783.978541,
"USA","GDP","TOT","USD_CAP","A","2019",65055.785369,
"USA","GDP","TOT","USD_CAP","A","2020",63285.232257,
"CHL","GDP","TOT","USD_CAP","A","2000",9503.736999,
"CHL","GDP","TOT","USD_CAP","A","2001",9926.72421,
"CHL","GDP","TOT","USD_CAP","A","2002",10279.853422,
"CHL","GDP","TOT","USD_CAP","A","2003",10792.410791,
"CHL","GDP","TOT","USD_CAP","A","2004",11755.132133,
"CHL","GDP","TOT","USD_CAP","A","2005",12667.853587,
"CHL","GDP","TOT","USD_CAP","A","2006",15685.218973,
"CHL","GDP","TOT","USD_CAP","A","2007",16872.268785,
"CHL","GDP","TOT","USD_CAP","A","2008",16447.33384,
"CHL","GDP","TOT","USD_CAP","A","2009",16119.89398,
"CHL","GDP","TOT","USD_CAP","A","2010",18129.087986,
"CHL","GDP","TOT","USD_CAP","A","2011",20302.78871,
"CHL","GDP","TOT","USD_CAP","A","2012",21446.537619,
"CHL","GDP","TOT","USD_CAP","A","2013",22352.530726,
"CHL","GDP","TOT","USD_CAP","A","2014",22687.933017,
"CHL","GDP","TOT","USD_CAP","A","2015",22603.768381,
"CHL","GDP","TOT","USD_CAP","A","2016",23349.677001,
"CHL","GDP","TOT","USD_CAP","A","2017",24402.005375,
"CHL","GDP","TOT","USD_CAP","A","2018",25657.646568,
"CHL","GDP","TOT","USD_CAP","A","2019",25280.377354,
"CHL","GDP","TOT","USD_CAP","A","2020",24689.386781,"E"
"CHN","GDP","TOT","USD_CAP","A","2000",2909.533494,
"CHN","GDP","TOT","USD_CAP","A","2001",3198.891771,
"CHN","GDP","TOT","USD_CAP","A","2002",3523.483224,
"CHN","GDP","TOT","USD_CAP","A","2003",3925.520688,
"CHN","GDP","TOT","USD_CAP","A","2004",4412.919867,
"CHN","GDP","TOT","USD_CAP","A","2005",5039.103449,
"CHN","GDP","TOT","USD_CAP","A","2006",5821.210961,
"CHN","GDP","TOT","USD_CAP","A","2007",6793.052193,
"CHN","GDP","TOT","USD_CAP","A","2008",7555.032225,
"CHN","GDP","TOT","USD_CAP","A","2009",8287.678054,
"CHN","GDP","TOT","USD_CAP","A","2010",9231.648126,
"CHN","GDP","TOT","USD_CAP","A","2011",10275.255685,
"CHN","GDP","TOT","USD_CAP","A","2012",11169.935527,
"CHN","GDP","TOT","USD_CAP","A","2013",11894.484186,
"CHN","GDP","TOT","USD_CAP","A","2014",12517.200433,
"CHN","GDP","TOT","USD_CAP","A","2015",12946.666743,
"CHN","GDP","TOT","USD_CAP","A","2016",13532.915183,
"CHN","GDP","TOT","USD_CAP","A","2017",14306.396116,
"COL","GDP","TOT","USD_CAP","A","2000",6709.482677,"E"
"COL","GDP","TOT","USD_CAP","A","2001",6883.218978,"E"
"COL","GDP","TOT","USD_CAP","A","2002",7077.150872,"E"
"COL","GDP","TOT","USD_CAP","A","2003",7398.391242,"E"
"COL","GDP","TOT","USD_CAP","A","2004",7905.061738,"E"
"COL","GDP","TOT","USD_CAP","A","2005",8431.955633,
"COL","GDP","TOT","USD_CAP","A","2006",9160.70697,
"COL","GDP","TOT","USD_CAP","A","2007",9922.22572,
"COL","GDP","TOT","USD_CAP","A","2008",10324.87588,
"COL","GDP","TOT","USD_CAP","A","2009",10399.468562,
"COL","GDP","TOT","USD_CAP","A","2010",10866.058552,
"COL","GDP","TOT","USD_CAP","A","2011",11726.775903,
"COL","GDP","TOT","USD_CAP","A","2012",12115.059684,
"COL","GDP","TOT","USD_CAP","A","2013",12799.508325,
"COL","GDP","TOT","USD_CAP","A","2014",13365.993539,
"COL","GDP","TOT","USD_CAP","A","2015",13330.562044,
"COL","GDP","TOT","USD_CAP","A","2016",14054.69606,
"COL","GDP","TOT","USD_CAP","A","2017",14479.812544,
"COL","GDP","TOT","USD_CAP","A","2018",15439.041412,
"COL","GDP","TOT","USD_CAP","A","2019",16146.84016,"P"
"COL","GDP","TOT","USD_CAP","A","2020",15370.76139,"E"
"EST","GDP","TOT","USD_CAP","A","2000",9392.284689,
"EST","GDP","TOT","USD_CAP","A","2001",10280.30664,
"EST","GDP","TOT","USD_CAP","A","2002",11628.295949,
"EST","GDP","TOT","USD_CAP","A","2003",13089.785312,
"EST","GDP","TOT","USD_CAP","A","2004",14496.447163,
"EST","GDP","TOT","USD_CAP","A","2005",16584.411085,
"EST","GDP","TOT","USD_CAP","A","2006",19289.599916,
"EST","GDP","TOT","USD_CAP","A","2007",22158.515385,
"EST","GDP","TOT","USD_CAP","A","2008",22780.0071,
"EST","GDP","TOT","USD_CAP","A","2009",20459.70237,
"EST","GDP","TOT","USD_CAP","A","2010",21589.87597,
"EST","GDP","TOT","USD_CAP","A","2011",24515.48857,
"EST","GDP","TOT","USD_CAP","A","2012",25946.944889,
"EST","GDP","TOT","USD_CAP","A","2013",27418.689637,
"EST","GDP","TOT","USD_CAP","A","2014",28917.833656,
"EST","GDP","TOT","USD_CAP","A","2015",29222.748082,
"EST","GDP","TOT","USD_CAP","A","2016",31310.152103,
"EST","GDP","TOT","USD_CAP","A","2017",33867.803542,
"EST","GDP","TOT","USD_CAP","A","2018",36327.527923,
"EST","GDP","TOT","USD_CAP","A","2019",37909.467474,
"EST","GDP","TOT","USD_CAP","A","2020",37659.452305,
"EST","GDP","TOT","USD_CAP","A","2021",43969.012514,
"IND","GDP","TOT","USD_CAP","A","2004",2738.755724,"E"
"IND","GDP","TOT","USD_CAP","A","2005",2998.992182,"E"
"IND","GDP","TOT","USD_CAP","A","2006",3267.104456,"E"
"IND","GDP","TOT","USD_CAP","A","2007",3591.547758,"E"
"IND","GDP","TOT","USD_CAP","A","2008",3732.948767,"E"
"IND","GDP","TOT","USD_CAP","A","2009",3987.849542,"E"
"IND","GDP","TOT","USD_CAP","A","2010",4295.763975,"E"
"IND","GDP","TOT","USD_CAP","A","2011",4605.230111,
"IND","GDP","TOT","USD_CAP","A","2012",4982.312076,
"IND","GDP","TOT","USD_CAP","A","2013",5177.871752,
"IND","GDP","TOT","USD_CAP","A","2014",5352.029977,
"IND","GDP","TOT","USD_CAP","A","2015",5580.513112,
"IND","GDP","TOT","USD_CAP","A","2016",5954.581745,
"IND","GDP","TOT","USD_CAP","A","2017",6299.036721,
"IND","GDP","TOT","USD_CAP","A","2018",6804.352631,
"IND","GDP","TOT","USD_CAP","A","2019",7130.50381,
"IDN","GDP","TOT","USD_CAP","A","2000",5352.28964,"E"
"IDN","GDP","TOT","USD_CAP","A","2001",5584.096234,"E"
"IDN","GDP","TOT","USD_CAP","A","2002",5838.901329,"E"
"IDN","GDP","TOT","USD_CAP","A","2003",6138.338789,"E"
"IDN","GDP","TOT","USD_CAP","A","2004",6521.591489,"E"
"IDN","GDP","TOT","USD_CAP","A","2005",7001.130255,"E"
"IDN","GDP","TOT","USD_CAP","A","2006",7495.84456,"E"
"IDN","GDP","TOT","USD_CAP","A","2007",8063.035321,"E"
"IDN","GDP","TOT","USD_CAP","A","2008",8583.717617,
"IDN","GDP","TOT","USD_CAP","A","2009",8735.401828,
"IDN","GDP","TOT","USD_CAP","A","2010",8623.978571,
"IDN","GDP","TOT","USD_CAP","A","2011",9213.212405,
"IDN","GDP","TOT","USD_CAP","A","2012",9833.689555,
"IDN","GDP","TOT","USD_CAP","A","2013",10188.331849,
"IDN","GDP","TOT","USD_CAP","A","2014",10398.959732,
"IDN","GDP","TOT","USD_CAP","A","2015",10364.397282,
"IDN","GDP","TOT","USD_CAP","A","2016",10610.141435,
"IDN","GDP","TOT","USD_CAP","A","2017",11050.882373,
"ISR","GDP","TOT","USD_CAP","A","2000",24892.628215,
"ISR","GDP","TOT","USD_CAP","A","2001",24876.123711,
"ISR","GDP","TOT","USD_CAP","A","2002",25150.071068,
"ISR","GDP","TOT","USD_CAP","A","2003",23759.338271,
"ISR","GDP","TOT","USD_CAP","A","2004",25137.052883,
"ISR","GDP","TOT","USD_CAP","A","2005",24742.795915,
"ISR","GDP","TOT","USD_CAP","A","2006",25575.21224,
"ISR","GDP","TOT","USD_CAP","A","2007",27366.698491,
"ISR","GDP","TOT","USD_CAP","A","2008",27351.81872,
"ISR","GDP","TOT","USD_CAP","A","2009",27474.880236,
"ISR","GDP","TOT","USD_CAP","A","2010",28850.555305,
"ISR","GDP","TOT","USD_CAP","A","2011",30647.094772,
"ISR","GDP","TOT","USD_CAP","A","2012",31859.55362,
"ISR","GDP","TOT","USD_CAP","A","2013",34339.179297,
"ISR","GDP","TOT","USD_CAP","A","2014",34381.468362,
"ISR","GDP","TOT","USD_CAP","A","2015",35482.650947,
"ISR","GDP","TOT","USD_CAP","A","2016",37854.845318,
"ISR","GDP","TOT","USD_CAP","A","2017",39137.375997,
"ISR","GDP","TOT","USD_CAP","A","2018",39914.217473,
"ISR","GDP","TOT","USD_CAP","A","2019",40020.387326,
"ISR","GDP","TOT","USD_CAP","A","2020",39492.618348,
"RUS","GDP","TOT","USD_CAP","A","2000",7323.44018,"E"
"RUS","GDP","TOT","USD_CAP","A","2001",7898.522928,"E"
"RUS","GDP","TOT","USD_CAP","A","2002",8623.997299,"E"
"RUS","GDP","TOT","USD_CAP","A","2003",9940.232555,"E"
"RUS","GDP","TOT","USD_CAP","A","2004",10984.496611,"E"
"RUS","GDP","TOT","USD_CAP","A","2005",12698.299229,"E"
"RUS","GDP","TOT","USD_CAP","A","2006",16017.124233,"E"
"RUS","GDP","TOT","USD_CAP","A","2007",17881.758587,"E"
"RUS","GDP","TOT","USD_CAP","A","2008",21657.589062,"E"
"RUS","GDP","TOT","USD_CAP","A","2009",20826.597968,"E"
"RUS","GDP","TOT","USD_CAP","A","2010",22008.299275,"E"
"RUS","GDP","TOT","USD_CAP","A","2011",22798.673917,
"RUS","GDP","TOT","USD_CAP","A","2012",24303.491049,
"RUS","GDP","TOT","USD_CAP","A","2013",26073.873547,
"RUS","GDP","TOT","USD_CAP","A","2014",25761.66151,
"RUS","GDP","TOT","USD_CAP","A","2015",24085.312853,
"RUS","GDP","TOT","USD_CAP","A","2016",24128.081806,
"RUS","GDP","TOT","USD_CAP","A","2017",25926.431403,
"RUS","GDP","TOT","USD_CAP","A","2018",28821.242897,
"RUS","GDP","TOT","USD_CAP","A","2019",29967.119348,
"RUS","GDP","TOT","USD_CAP","A","2020",29819.046969,"E"
"SVN","GDP","TOT","USD_CAP","A","2000",17996.968428,
"SVN","GDP","TOT","USD_CAP","A","2001",18949.227486,
"SVN","GDP","TOT","USD_CAP","A","2002",20236.432071,
"SVN","GDP","TOT","USD_CAP","A","2003",21106.609472,
"SVN","GDP","TOT","USD_CAP","A","2004",22757.993512,
"SVN","GDP","TOT","USD_CAP","A","2005",23848.602419,
"SVN","GDP","TOT","USD_CAP","A","2006",25707.877384,
"SVN","GDP","TOT","USD_CAP","A","2007",27559.986593,
"SVN","GDP","TOT","USD_CAP","A","2008",29594.665839,"B"
"SVN","GDP","TOT","USD_CAP","A","2009",27510.882999,
"SVN","GDP","TOT","USD_CAP","A","2010",27823.655096,
"SVN","GDP","TOT","USD_CAP","A","2011",28931.423641,
"SVN","GDP","TOT","USD_CAP","A","2012",29048.325999,
"SVN","GDP","TOT","USD_CAP","A","2013",29979.618841,
"SVN","GDP","TOT","USD_CAP","A","2014",30872.72888,
"SVN","GDP","TOT","USD_CAP","A","2015",31631.838376,
"SVN","GDP","TOT","USD_CAP","A","2016",33942.76789,
"SVN","GDP","TOT","USD_CAP","A","2017",36517.579273,
"SVN","GDP","TOT","USD_CAP","A","2018",38998.007761,
"SVN","GDP","TOT","USD_CAP","A","2019",40658.631737,
"SVN","GDP","TOT","USD_CAP","A","2020",39718.051823,
"SVN","GDP","TOT","USD_CAP","A","2021",44593.004665,
"ZAF","GDP","TOT","USD_CAP","A","2000",7785.430154,
"ZAF","GDP","TOT","USD_CAP","A","2001",8029.394405,
"ZAF","GDP","TOT","USD_CAP","A","2002",8231.010007,
"ZAF","GDP","TOT","USD_CAP","A","2003",8482.559542,
"ZAF","GDP","TOT","USD_CAP","A","2004",9040.324048,
"ZAF","GDP","TOT","USD_CAP","A","2005",9680.447732,
"ZAF","GDP","TOT","USD_CAP","A","2006",10419.232827,
"ZAF","GDP","TOT","USD_CAP","A","2007",11190.299586,
"ZAF","GDP","TOT","USD_CAP","A","2008",11703.830104,
"ZAF","GDP","TOT","USD_CAP","A","2009",11336.459502,
"ZAF","GDP","TOT","USD_CAP","A","2010",11685.445692,
"ZAF","GDP","TOT","USD_CAP","A","2011",12272.385595,
"ZAF","GDP","TOT","USD_CAP","A","2012",12186.131656,
"ZAF","GDP","TOT","USD_CAP","A","2013",12616.606378,
"ZAF","GDP","TOT","USD_CAP","A","2014",12717.613064,
"ZAF","GDP","TOT","USD_CAP","A","2015",12772.251817,
"ZAF","GDP","TOT","USD_CAP","A","2016",12827.603574,
"ZAF","GDP","TOT","USD_CAP","A","2017",12952.21634,
"ZAF","GDP","TOT","USD_CAP","A","2018",13193.179777,
"ZAF","GDP","TOT","USD_CAP","A","2019",13219.802898,
"ZAF","GDP","TOT","USD_CAP","A","2020",12289.913445,
"OECD","GDP","TOT","USD_CAP","A","2000",24635.022853,"E"
"OECD","GDP","TOT","USD_CAP","A","2001",25413.762478,"E"
"OECD","GDP","TOT","USD_CAP","A","2002",26205.96799,"E"
"OECD","GDP","TOT","USD_CAP","A","2003",26996.365697,"E"
"OECD","GDP","TOT","USD_CAP","A","2004",28438.485846,"E"
"OECD","GDP","TOT","USD_CAP","A","2005",29787.698134,
"OECD","GDP","TOT","USD_CAP","A","2006",31783.114368,
"OECD","GDP","TOT","USD_CAP","A","2007",33331.226303,
"OECD","GDP","TOT","USD_CAP","A","2008",34192.780535,"B"
"OECD","GDP","TOT","USD_CAP","A","2009",33234.979831,
"OECD","GDP","TOT","USD_CAP","A","2010",34538.529273,"B"
"OECD","GDP","TOT","USD_CAP","A","2011",35919.590139,
"OECD","GDP","TOT","USD_CAP","A","2012",36880.873701,
"OECD","GDP","TOT","USD_CAP","A","2013",38229.248208,
"OECD","GDP","TOT","USD_CAP","A","2014",39342.260395,
"OECD","GDP","TOT","USD_CAP","A","2015",40467.817726,
"OECD","GDP","TOT","USD_CAP","A","2016",41885.947931,
"OECD","GDP","TOT","USD_CAP","A","2017",43486.542101,
"OECD","GDP","TOT","USD_CAP","A","2018",45189.970687,"E"
"OECD","GDP","TOT","USD_CAP","A","2019",46113.931759,"E"
"OECD","GDP","TOT","USD_CAP","A","2020",45026.609206,"E"
"OECDE","GDP","TOT","USD_CAP","A","2000",22432.846191,
"OECDE","GDP","TOT","USD_CAP","A","2001",23376.891919,
"OECDE","GDP","TOT","USD_CAP","A","2002",24287.458837,
"OECDE","GDP","TOT","USD_CAP","A","2003",24839.206646,
"OECDE","GDP","TOT","USD_CAP","A","2004",26083.427549,
"OECDE","GDP","TOT","USD_CAP","A","2005",27043.333968,
"OECDE","GDP","TOT","USD_CAP","A","2006",29344.698966,
"OECDE","GDP","TOT","USD_CAP","A","2007",31052.434924,
"OECDE","GDP","TOT","USD_CAP","A","2008",32409.709595,"B"
"OECDE","GDP","TOT","USD_CAP","A","2009",31515.076944,
"OECDE","GDP","TOT","USD_CAP","A","2010",32737.355164,"B"
"OECDE","GDP","TOT","USD_CAP","A","2011",34303.207628,
"OECDE","GDP","TOT","USD_CAP","A","2012",34933.87042,
"OECDE","GDP","TOT","USD_CAP","A","2013",36298.721127,
"OECDE","GDP","TOT","USD_CAP","A","2014",37450.545732,
"OECDE","GDP","TOT","USD_CAP","A","2015",38647.324173,
"OECDE","GDP","TOT","USD_CAP","A","2016",40655.704835,
"OECDE","GDP","TOT","USD_CAP","A","2017",42601.251143,
"OECDE","GDP","TOT","USD_CAP","A","2018",44226.280242,"P"
"OECDE","GDP","TOT","USD_CAP","A","2019",45118.552125,"P"
"OECDE","GDP","TOT","USD_CAP","A","2020",43847.658886,"P"
"LVA","GDP","TOT","USD_CAP","A","2000",8039.300106,
"LVA","GDP","TOT","USD_CAP","A","2001",9042.502938,
"LVA","GDP","TOT","USD_CAP","A","2002",10080.309806,
"LVA","GDP","TOT","USD_CAP","A","2003",11060.312032,
"LVA","GDP","TOT","USD_CAP","A","2004",12279.253426,
"LVA","GDP","TOT","USD_CAP","A","2005",13914.102605,
"LVA","GDP","TOT","USD_CAP","A","2006",15857.134739,
"LVA","GDP","TOT","USD_CAP","A","2007",18230.797977,
"LVA","GDP","TOT","USD_CAP","A","2008",19569.535748,
"LVA","GDP","TOT","USD_CAP","A","2009",17021.221711,
"LVA","GDP","TOT","USD_CAP","A","2010",17709.155456,
"LVA","GDP","TOT","USD_CAP","A","2011",19256.68991,
"LVA","GDP","TOT","USD_CAP","A","2012",21297.472621,
"LVA","GDP","TOT","USD_CAP","A","2013",22637.197448,
"LVA","GDP","TOT","USD_CAP","A","2014",23810.218371,
"LVA","GDP","TOT","USD_CAP","A","2015",24975.479748,
"LVA","GDP","TOT","USD_CAP","A","2016",26724.459825,
"LVA","GDP","TOT","USD_CAP","A","2017",28689.57466,
"LVA","GDP","TOT","USD_CAP","A","2018",30891.884185,
"LVA","GDP","TOT","USD_CAP","A","2019",31893.84669,
"LVA","GDP","TOT","USD_CAP","A","2020",31392.270776,
"LVA","GDP","TOT","USD_CAP","A","2021",34990.318802,
"BRA","GDP","TOT","USD_CAP","A","2000",9114.216086,
"BRA","GDP","TOT","USD_CAP","A","2001",9312.662215,
"BRA","GDP","TOT","USD_CAP","A","2002",9623.720143,
"BRA","GDP","TOT","USD_CAP","A","2003",9793.072855,
"BRA","GDP","TOT","USD_CAP","A","2004",10510.546622,
"BRA","GDP","TOT","USD_CAP","A","2005",11056.440519,
"BRA","GDP","TOT","USD_CAP","A","2006",11711.266725,
"BRA","GDP","TOT","USD_CAP","A","2007",12622.438913,
"BRA","GDP","TOT","USD_CAP","A","2008",13383.86344,
"BRA","GDP","TOT","USD_CAP","A","2009",13331.389838,
"BRA","GDP","TOT","USD_CAP","A","2010",14359.937144,
"BRA","GDP","TOT","USD_CAP","A","2011",15109.737403,
"BRA","GDP","TOT","USD_CAP","A","2012",15120.063649,
"BRA","GDP","TOT","USD_CAP","A","2013",15669.140139,
"BRA","GDP","TOT","USD_CAP","A","2014",15800.088894,
"BRA","GDP","TOT","USD_CAP","A","2015",14816.290598,
"BRA","GDP","TOT","USD_CAP","A","2016",14326.10209,
"BRA","GDP","TOT","USD_CAP","A","2017",14596.889676,
"BRA","GDP","TOT","USD_CAP","A","2018",15090.63762,
"BRA","GDP","TOT","USD_CAP","A","2019",15416.981836,
"LTU","GDP","TOT","USD_CAP","A","2000",8445.984466,
"LTU","GDP","TOT","USD_CAP","A","2001",9436.062221,
"LTU","GDP","TOT","USD_CAP","A","2002",10480.719387,
"LTU","GDP","TOT","USD_CAP","A","2003",12067.673335,
"LTU","GDP","TOT","USD_CAP","A","2004",13030.375067,
"LTU","GDP","TOT","USD_CAP","A","2005",14510.653684,
"LTU","GDP","TOT","USD_CAP","A","2006",16483.836839,
"LTU","GDP","TOT","USD_CAP","A","2007",19094.621906,
"LTU","GDP","TOT","USD_CAP","A","2008",20721.033864,
"LTU","GDP","TOT","USD_CAP","A","2009",18116.711605,
"LTU","GDP","TOT","USD_CAP","A","2010",20096.756354,
"LTU","GDP","TOT","USD_CAP","A","2011",22884.804355,
"LTU","GDP","TOT","USD_CAP","A","2012",24703.697943,
"LTU","GDP","TOT","USD_CAP","A","2013",26721.601926,
"LTU","GDP","TOT","USD_CAP","A","2014",28184.499091,
"LTU","GDP","TOT","USD_CAP","A","2015",28834.457574,
"LTU","GDP","TOT","USD_CAP","A","2016",30925.151813,
"LTU","GDP","TOT","USD_CAP","A","2017",33761.906595,
"LTU","GDP","TOT","USD_CAP","A","2018",36376.197676,
"LTU","GDP","TOT","USD_CAP","A","2019",38540.745344,
"LTU","GDP","TOT","USD_CAP","A","2020",38880.543234,
"LTU","GDP","TOT","USD_CAP","A","2021",43136.162563,
"SAU","GDP","TOT","USD_CAP","A","2000",39689.649431,
"SAU","GDP","TOT","USD_CAP","A","2001",39054.820329,
"SAU","GDP","TOT","USD_CAP","A","2002",37493.382348,
"SAU","GDP","TOT","USD_CAP","A","2003",41258.540035,
"SAU","GDP","TOT","USD_CAP","A","2004",44417.057438,
"SAU","GDP","TOT","USD_CAP","A","2005",46984.604448,
"SAU","GDP","TOT","USD_CAP","A","2006",48394.517295,
"SAU","GDP","TOT","USD_CAP","A","2007",49261.050328,
"SAU","GDP","TOT","USD_CAP","A","2008",51942.26361,
"SAU","GDP","TOT","USD_CAP","A","2009",49874.781078,
"SAU","GDP","TOT","USD_CAP","A","2010",51351.20568,
"SAU","GDP","TOT","USD_CAP","A","2011",56127.024677,
"SAU","GDP","TOT","USD_CAP","A","2012",57693.997316,
"SAU","GDP","TOT","USD_CAP","A","2013",56563.34222,
"SAU","GDP","TOT","USD_CAP","A","2014",56613.475043,
"SAU","GDP","TOT","USD_CAP","A","2015",49491.35095,
"SAU","GDP","TOT","USD_CAP","A","2016",46289.737315,
"SAU","GDP","TOT","USD_CAP","A","2017",47862.022249,
"SAU","GDP","TOT","USD_CAP","A","2018",49157.12264,
"SAU","GDP","TOT","USD_CAP","A","2019",49020.211911,
"SAU","GDP","TOT","USD_CAP","A","2020",46342.597702,
"EA19","GDP","TOT","USD_CAP","A","2000",25385.154729,
"EA19","GDP","TOT","USD_CAP","A","2001",26581.337924,
"EA19","GDP","TOT","USD_CAP","A","2002",27621.559331,
"EA19","GDP","TOT","USD_CAP","A","2003",28073.246941,
"EA19","GDP","TOT","USD_CAP","A","2004",29179.826589,
"EA19","GDP","TOT","USD_CAP","A","2005",30176.55619,
"EA19","GDP","TOT","USD_CAP","A","2006",32646.632866,
"EA19","GDP","TOT","USD_CAP","A","2007",34532.244913,
"EA19","GDP","TOT","USD_CAP","A","2008",35828.131679,
"EA19","GDP","TOT","USD_CAP","A","2009",34904.624528,
"EA19","GDP","TOT","USD_CAP","A","2010",35896.767091,
"EA19","GDP","TOT","USD_CAP","A","2011",37386.514782,
"EA19","GDP","TOT","USD_CAP","A","2012",37758.487958,
"EA19","GDP","TOT","USD_CAP","A","2013",39013.971575,
"EA19","GDP","TOT","USD_CAP","A","2014",40044.067906,
"EA19","GDP","TOT","USD_CAP","A","2015",41139.417254,
"EA19","GDP","TOT","USD_CAP","A","2016",43630.555646,
"EA19","GDP","TOT","USD_CAP","A","2017",45708.459921,
"EA19","GDP","TOT","USD_CAP","A","2018",47639.867483,
"EA19","GDP","TOT","USD_CAP","A","2019",48849.909538,
"EA19","GDP","TOT","USD_CAP","A","2020",47133.085798,
"EA19","GDP","TOT","USD_CAP","A","2021",51801.168105,
"ARG","GDP","TOT","USD_CAP","A","2004",12299.728803,
"ARG","GDP","TOT","USD_CAP","A","2005",13674.572695,
"ARG","GDP","TOT","USD_CAP","A","2006",15074.069861,
"ARG","GDP","TOT","USD_CAP","A","2007",16708.232833,
"ARG","GDP","TOT","USD_CAP","A","2008",17550.391451,
"ARG","GDP","TOT","USD_CAP","A","2009",16476.698479,
"ARG","GDP","TOT","USD_CAP","A","2010",18061.934358,
"ARG","GDP","TOT","USD_CAP","A","2011",19322.22713,
"ARG","GDP","TOT","USD_CAP","A","2012",19641.352863,
"ARG","GDP","TOT","USD_CAP","A","2013",20131.680421,
"ARG","GDP","TOT","USD_CAP","A","2014",19683.771502,
"ARG","GDP","TOT","USD_CAP","A","2015",20105.198994,
"ARG","GDP","TOT","USD_CAP","A","2016",20307.870053,
"ARG","GDP","TOT","USD_CAP","A","2017",23597.117759,
"ARG","GDP","TOT","USD_CAP","A","2018",22974.145391,
"ARG","GDP","TOT","USD_CAP","A","2019",22624.777542,
"CRI","GDP","TOT","USD_CAP","A","2000",8290.944819,
"CRI","GDP","TOT","USD_CAP","A","2001",8581.04504,
"CRI","GDP","TOT","USD_CAP","A","2002",8850.95266,
"CRI","GDP","TOT","USD_CAP","A","2003",9263.621127,
"CRI","GDP","TOT","USD_CAP","A","2004",9768.125917,
"CRI","GDP","TOT","USD_CAP","A","2005",10299.326434,
"CRI","GDP","TOT","USD_CAP","A","2006",11205.664332,
"CRI","GDP","TOT","USD_CAP","A","2007",12278.747842,
"CRI","GDP","TOT","USD_CAP","A","2008",12926.352146,
"CRI","GDP","TOT","USD_CAP","A","2009",12701.994593,
"CRI","GDP","TOT","USD_CAP","A","2010",13318.135538,
"CRI","GDP","TOT","USD_CAP","A","2011",14068.154868,
"CRI","GDP","TOT","USD_CAP","A","2012",14852.929898,
"CRI","GDP","TOT","USD_CAP","A","2013",15542.368395,
"CRI","GDP","TOT","USD_CAP","A","2014",16615.974075,
"CRI","GDP","TOT","USD_CAP","A","2015",17649.314854,
"CRI","GDP","TOT","USD_CAP","A","2016",19119.336147,
"CRI","GDP","TOT","USD_CAP","A","2017",20368.230268,
"CRI","GDP","TOT","USD_CAP","A","2018",21283.952686,"E"
"CRI","GDP","TOT","USD_CAP","A","2019",22434.40162,"E"
"CRI","GDP","TOT","USD_CAP","A","2020",22028.034603,"E"
"BGR","GDP","TOT","USD_CAP","A","2000",6421.997158,
"BGR","GDP","TOT","USD_CAP","A","2001",7043.265766,
"BGR","GDP","TOT","USD_CAP","A","2002",7755.004951,
"BGR","GDP","TOT","USD_CAP","A","2003",8365.091352,
"BGR","GDP","TOT","USD_CAP","A","2004",9125.459624,
"BGR","GDP","TOT","USD_CAP","A","2005",10183.869594,
"BGR","GDP","TOT","USD_CAP","A","2006",11262.864295,
"BGR","GDP","TOT","USD_CAP","A","2007",12619.979057,
"BGR","GDP","TOT","USD_CAP","A","2008",14089.744766,
"BGR","GDP","TOT","USD_CAP","A","2009",13918.151682,
"BGR","GDP","TOT","USD_CAP","A","2010",14681.201597,
"BGR","GDP","TOT","USD_CAP","A","2011",15747.126258,
"BGR","GDP","TOT","USD_CAP","A","2012",16327.860944,
"BGR","GDP","TOT","USD_CAP","A","2013",16647.088576,
"BGR","GDP","TOT","USD_CAP","A","2014",17616.923077,
"BGR","GDP","TOT","USD_CAP","A","2015",18391.834891,
"BGR","GDP","TOT","USD_CAP","A","2016",20074.406431,
"BGR","GDP","TOT","USD_CAP","A","2017",21470.001359,
"BGR","GDP","TOT","USD_CAP","A","2018",23016.014654,
"BGR","GDP","TOT","USD_CAP","A","2019",24497.491636,
"BGR","GDP","TOT","USD_CAP","A","2020",24564.265224,
"HRV","GDP","TOT","USD_CAP","A","2000",10709.012598,"E"
"HRV","GDP","TOT","USD_CAP","A","2001",11650.04551,"E"
"HRV","GDP","TOT","USD_CAP","A","2002",12759.989737,"E"
"HRV","GDP","TOT","USD_CAP","A","2003",13675.401991,"E"
"HRV","GDP","TOT","USD_CAP","A","2004",14664.858374,"E"
"HRV","GDP","TOT","USD_CAP","A","2005",15431.955855,"E"
"HRV","GDP","TOT","USD_CAP","A","2006",17588.674765,"E"
"HRV","GDP","TOT","USD_CAP","A","2007",19481.799391,
"HRV","GDP","TOT","USD_CAP","A","2008",20915.921009,
"HRV","GDP","TOT","USD_CAP","A","2009",20144.21214,
"HRV","GDP","TOT","USD_CAP","A","2010",19962.957065,
"HRV","GDP","TOT","USD_CAP","A","2011",21003.515428,
"HRV","GDP","TOT","USD_CAP","A","2012",21389.933119,
"HRV","GDP","TOT","USD_CAP","A","2013",22087.510184,
"HRV","GDP","TOT","USD_CAP","A","2014",22337.347266,
"HRV","GDP","TOT","USD_CAP","A","2015",23276.854884,
"HRV","GDP","TOT","USD_CAP","A","2016",25222.547701,
"HRV","GDP","TOT","USD_CAP","A","2017",27119.160852,
"HRV","GDP","TOT","USD_CAP","A","2018",28856.061284,
"HRV","GDP","TOT","USD_CAP","A","2019",30529.128409,
"HRV","GDP","TOT","USD_CAP","A","2020",28783.202973,"P"
"CYP","GDP","TOT","USD_CAP","A","2000",21289.378812,
"CYP","GDP","TOT","USD_CAP","A","2001",22863.352124,
"CYP","GDP","TOT","USD_CAP","A","2002",23556.886678,
"CYP","GDP","TOT","USD_CAP","A","2003",24279.689974,
"CYP","GDP","TOT","USD_CAP","A","2004",25944.759614,
"CYP","GDP","TOT","USD_CAP","A","2005",27763.246925,
"CYP","GDP","TOT","USD_CAP","A","2006",30015.26308,
"CYP","GDP","TOT","USD_CAP","A","2007",32881.596176,
"CYP","GDP","TOT","USD_CAP","A","2008",34830.430393,
"CYP","GDP","TOT","USD_CAP","A","2009",33884.958319,
"CYP","GDP","TOT","USD_CAP","A","2010",33423.616475,
"CYP","GDP","TOT","USD_CAP","A","2011",33313.607662,
"CYP","GDP","TOT","USD_CAP","A","2012",31834.533143,
"CYP","GDP","TOT","USD_CAP","A","2013",30375.29673,
"CYP","GDP","TOT","USD_CAP","A","2014",30080.310197,
"CYP","GDP","TOT","USD_CAP","A","2015",31815.186807,
"CYP","GDP","TOT","USD_CAP","A","2016",35719.166224,
"CYP","GDP","TOT","USD_CAP","A","2017",38288.138059,
"CYP","GDP","TOT","USD_CAP","A","2018",40559.350212,
"CYP","GDP","TOT","USD_CAP","A","2019",42338.707136,
"CYP","GDP","TOT","USD_CAP","A","2020",39466.026954,"P"
"MLT","GDP","TOT","USD_CAP","A","2000",18361.488484,
"MLT","GDP","TOT","USD_CAP","A","2001",18507.455241,
"MLT","GDP","TOT","USD_CAP","A","2002",19601.629781,
"MLT","GDP","TOT","USD_CAP","A","2003",20930.226955,
"MLT","GDP","TOT","USD_CAP","A","2004",21551.212344,
"MLT","GDP","TOT","USD_CAP","A","2005",22308.751034,
"MLT","GDP","TOT","USD_CAP","A","2006",23324.148991,
"MLT","GDP","TOT","USD_CAP","A","2007",25058.283449,
"MLT","GDP","TOT","USD_CAP","A","2008",26523.906245,
"MLT","GDP","TOT","USD_CAP","A","2009",26651.270958,
"MLT","GDP","TOT","USD_CAP","A","2010",28725.396571,
"MLT","GDP","TOT","USD_CAP","A","2011",28973.137272,
"MLT","GDP","TOT","USD_CAP","A","2012",30241.371933,
"MLT","GDP","TOT","USD_CAP","A","2013",32287.972195,
"MLT","GDP","TOT","USD_CAP","A","2014",34318.528109,
"MLT","GDP","TOT","USD_CAP","A","2015",37430.54205,
"MLT","GDP","TOT","USD_CAP","A","2016",39774.218127,
"MLT","GDP","TOT","USD_CAP","A","2017",43530.51147,
"MLT","GDP","TOT","USD_CAP","A","2018",45591.756703,
"MLT","GDP","TOT","USD_CAP","A","2019",47362.602171,
"MLT","GDP","TOT","USD_CAP","A","2020",43180.931997,
"ROU","GDP","TOT","USD_CAP","A","2000",5850.142412,
"ROU","GDP","TOT","USD_CAP","A","2001",6438.267921,
"ROU","GDP","TOT","USD_CAP","A","2002",7180.411394,
"ROU","GDP","TOT","USD_CAP","A","2003",7559.956723,
"ROU","GDP","TOT","USD_CAP","A","2004",8990.277409,"B"
"ROU","GDP","TOT","USD_CAP","A","2005",9602.147673,
"ROU","GDP","TOT","USD_CAP","A","2006",11556.584543,
"ROU","GDP","TOT","USD_CAP","A","2007",13700.099426,
"ROU","GDP","TOT","USD_CAP","A","2008",16782.321907,
"ROU","GDP","TOT","USD_CAP","A","2009",16631.928801,
"ROU","GDP","TOT","USD_CAP","A","2010",16976.354555,
"ROU","GDP","TOT","USD_CAP","A","2011",17896.205071,
"ROU","GDP","TOT","USD_CAP","A","2012",18867.537809,
"ROU","GDP","TOT","USD_CAP","A","2013",19777.078027,
"ROU","GDP","TOT","USD_CAP","A","2014",20649.932983,
"ROU","GDP","TOT","USD_CAP","A","2015",21598.495969,
"ROU","GDP","TOT","USD_CAP","A","2016",24266.389694,
"ROU","GDP","TOT","USD_CAP","A","2017",27136.130672,
"ROU","GDP","TOT","USD_CAP","A","2018",29338.106903,
"ROU","GDP","TOT","USD_CAP","A","2019",31860.316301,
"ROU","GDP","TOT","USD_CAP","A","2020",32083.291853,"P"
"MKD","GDP","TOT","USD_CAP","A","2000",6151.841722,"E"
"MKD","GDP","TOT","USD_CAP","A","2001",6049.93068,"E"
"MKD","GDP","TOT","USD_CAP","A","2002",6395.184104,"E"
"MKD","GDP","TOT","USD_CAP","A","2003",6595.438155,"E"
"MKD","GDP","TOT","USD_CAP","A","2004",7172.001661,"E"
"MKD","GDP","TOT","USD_CAP","A","2005",7848.92282,"E"
"MKD","GDP","TOT","USD_CAP","A","2006",8690.199023,"E"
"MKD","GDP","TOT","USD_CAP","A","2007",9350.916817,"E"
"MKD","GDP","TOT","USD_CAP","A","2008",10521.944991,"E"
"MKD","GDP","TOT","USD_CAP","A","2009",11010.010291,"E"
"MKD","GDP","TOT","USD_CAP","A","2010",11361.020603,"E"
"MKD","GDP","TOT","USD_CAP","A","2011",11689.944473,"E"
"MKD","GDP","TOT","USD_CAP","A","2012",11915.69013,"E"
"MKD","GDP","TOT","USD_CAP","A","2013",12727.399248,"E"
"MKD","GDP","TOT","USD_CAP","A","2014",13434.838721,"E"
"MKD","GDP","TOT","USD_CAP","A","2015",13888.215929,"E"
"MKD","GDP","TOT","USD_CAP","A","2016",15138.013996,"E"
"MKD","GDP","TOT","USD_CAP","A","2017",15706.475893,"E"
"MKD","GDP","TOT","USD_CAP","A","2018",16796.386112,"E"
"ZMB","GDP","TOT","USD_CAP","A","2006",2366.663717,
"ZMB","GDP","TOT","USD_CAP","A","2007",2563.936567,
"ZMB","GDP","TOT","USD_CAP","A","2008",2741.145147,
"ZMB","GDP","TOT","USD_CAP","A","2009",2933.160245,
"ZMB","GDP","TOT","USD_CAP","A","2010",3178.868556,
"ZMB","GDP","TOT","USD_CAP","A","2011",3324.081982,
"ZMB","GDP","TOT","USD_CAP","A","2012",3422.709633,
"ZMB","GDP","TOT","USD_CAP","A","2013",3578.739404,
"ZMB","GDP","TOT","USD_CAP","A","2014",3539.388815,
"ZMB","GDP","TOT","USD_CAP","A","2015",3430.48022,
"ZMB","GDP","TOT","USD_CAP","A","2016",3404.767414,
"ZMB","GDP","TOT","USD_CAP","A","2017",3484.940724,
"ZMB","GDP","TOT","USD_CAP","A","2018",3606.038196,
"ZMB","GDP","TOT","USD_CAP","A","2019",3617.2069,
"HKG","GDP","TOT","USD_CAP","A","2000",28253.193652,"E"
"HKG","GDP","TOT","USD_CAP","A","2001",28822.947231,"E"
"HKG","GDP","TOT","USD_CAP","A","2002",29631.505181,"E"
"HKG","GDP","TOT","USD_CAP","A","2003",31164.296236,"E"
"HKG","GDP","TOT","USD_CAP","A","2004",34515.8355,"E"
"HKG","GDP","TOT","USD_CAP","A","2005",38057.820499,"E"
"HKG","GDP","TOT","USD_CAP","A","2006",41697.688107,"E"
"HKG","GDP","TOT","USD_CAP","A","2007",45197.001021,"E"
"HKG","GDP","TOT","USD_CAP","A","2008",46772.56041,"E"
"HKG","GDP","TOT","USD_CAP","A","2009",45871.270654,"E"
"HKG","GDP","TOT","USD_CAP","A","2010",49186.628355,"E"
"HKG","GDP","TOT","USD_CAP","A","2011",52274.50957,"E"
"HKG","GDP","TOT","USD_CAP","A","2012",52235.322875,"E"
"HKG","GDP","TOT","USD_CAP","A","2013",53691.089574,"E"
"HKG","GDP","TOT","USD_CAP","A","2014",54785.436188,"E"
"HKG","GDP","TOT","USD_CAP","A","2015",56411.257311,"E"
"HKG","GDP","TOT","USD_CAP","A","2016",57218.294151,"E"
"HKG","GDP","TOT","USD_CAP","A","2017",59846.819225,"E"
"HKG","GDP","TOT","USD_CAP","A","2018",62529.057493,"E"
"HKG","GDP","TOT","USD_CAP","A","2019",62109.41012,"E"
"HKG","GDP","TOT","USD_CAP","A","2020",59210.467813,"E"
"MDG","GDP","TOT","USD_CAP","A","2007",1571.562293,"E"
"MDG","GDP","TOT","USD_CAP","A","2008",1666.984633,"E"
"MDG","GDP","TOT","USD_CAP","A","2009",1566.810322,"E"
"MDG","GDP","TOT","USD_CAP","A","2010",1551.109609,"E"
"MDG","GDP","TOT","USD_CAP","A","2011",1565.877486,"E"
"MDG","GDP","TOT","USD_CAP","A","2012",1548.90756,"E"
"MDG","GDP","TOT","USD_CAP","A","2013",1553.262396,"E"
"MDG","GDP","TOT","USD_CAP","A","2014",1573.215193,"E"
"MDG","GDP","TOT","USD_CAP","A","2015",1562.306683,"E"
"MDG","GDP","TOT","USD_CAP","A","2016",1624.146348,"E"
"MDG","GDP","TOT","USD_CAP","A","2017",1601.521574,"E"
"MDG","GDP","TOT","USD_CAP","A","2018",1643.983294,"E"
"MDG","GDP","TOT","USD_CAP","A","2019",1702.788076,"E"
"MDG","GDP","TOT","USD_CAP","A","2020",1560.022834,"E"
"MAR","GDP","TOT","USD_CAP","A","2007",5657.274527,"E"
"MAR","GDP","TOT","USD_CAP","A","2008",6042.899269,"E"
"MAR","GDP","TOT","USD_CAP","A","2009",6279.693123,"E"
"MAR","GDP","TOT","USD_CAP","A","2010",6525.49337,"E"
"MAR","GDP","TOT","USD_CAP","A","2011",6938.287763,"E"
"MAR","GDP","TOT","USD_CAP","A","2012",6936.956908,"E"
"MAR","GDP","TOT","USD_CAP","A","2013",7182.696804,"E"
"MAR","GDP","TOT","USD_CAP","A","2014",6792.66741,"E"
"MAR","GDP","TOT","USD_CAP","A","2015",7244.378725,"E"
"MAR","GDP","TOT","USD_CAP","A","2016",7355.972891,"E"
"MAR","GDP","TOT","USD_CAP","A","2017",7581.215412,"E"
"MAR","GDP","TOT","USD_CAP","A","2018",7923.993415,"E"
"MAR","GDP","TOT","USD_CAP","A","2019",8190.211658,"E"
"MAR","GDP","TOT","USD_CAP","A","2020",7685.557723,"E"
"SGP","GDP","TOT","USD_CAP","A","2000",43831.991264,
"SGP","GDP","TOT","USD_CAP","A","2001",43136.555395,
"SGP","GDP","TOT","USD_CAP","A","2002",45119.867452,
"SGP","GDP","TOT","USD_CAP","A","2003",48754.500928,
"SGP","GDP","TOT","USD_CAP","A","2004",54297.319229,
"SGP","GDP","TOT","USD_CAP","A","2005",58713.941338,
"SGP","GDP","TOT","USD_CAP","A","2006",63915.3851,
"SGP","GDP","TOT","USD_CAP","A","2007",68622.385615,
"SGP","GDP","TOT","USD_CAP","A","2008",67582.393001,
"SGP","GDP","TOT","USD_CAP","A","2009",66143.341906,
"SGP","GDP","TOT","USD_CAP","A","2010",75290.38195,
"SGP","GDP","TOT","USD_CAP","A","2011",80047.57357,
"SGP","GDP","TOT","USD_CAP","A","2012",82071.712428,
"SGP","GDP","TOT","USD_CAP","A","2013",83004.278288,
"SGP","GDP","TOT","USD_CAP","A","2014",84418.931597,
"SGP","GDP","TOT","USD_CAP","A","2015",86974.779015,
"SGP","GDP","TOT","USD_CAP","A","2016",89421.862189,
"SGP","GDP","TOT","USD_CAP","A","2017",95354.734241,
"SGP","GDP","TOT","USD_CAP","A","2018",100575.378913,
"SGP","GDP","TOT","USD_CAP","A","2019",102565.651273,
"SGP","GDP","TOT","USD_CAP","A","2020",98479.999204,
"EU27_2020","GDP","TOT","USD_CAP","A","2000",22119.007727,
"EU27_2020","GDP","TOT","USD_CAP","A","2001",23213.206908,
"EU27_2020","GDP","TOT","USD_CAP","A","2002",24244.427856,
"EU27_2020","GDP","TOT","USD_CAP","A","2003",24761.946589,
"EU27_2020","GDP","TOT","USD_CAP","A","2004",25925.765535,
"EU27_2020","GDP","TOT","USD_CAP","A","2005",26873.564207,
"EU27_2020","GDP","TOT","USD_CAP","A","2006",29191.698142,
"EU27_2020","GDP","TOT","USD_CAP","A","2007",31098.451591,
"EU27_2020","GDP","TOT","USD_CAP","A","2008",32556.901335,
"EU27_2020","GDP","TOT","USD_CAP","A","2009",31854.463463,
"EU27_2020","GDP","TOT","USD_CAP","A","2010",32901.778059,
"EU27_2020","GDP","TOT","USD_CAP","A","2011",34403.670549,
"EU27_2020","GDP","TOT","USD_CAP","A","2012",34870.628785,
"EU27_2020","GDP","TOT","USD_CAP","A","2013",36072.522302,
"EU27_2020","GDP","TOT","USD_CAP","A","2014",37103.856879,
"EU27_2020","GDP","TOT","USD_CAP","A","2015",38253.986556,
"EU27_2020","GDP","TOT","USD_CAP","A","2016",40607.67759,
"EU27_2020","GDP","TOT","USD_CAP","A","2017",42704.066965,
"EU27_2020","GDP","TOT","USD_CAP","A","2018",44665.268457,
"EU27_2020","GDP","TOT","USD_CAP","A","2019",46028.384912,
"EU27_2020","GDP","TOT","USD_CAP","A","2020",44755.337793,
"EU27_2020","GDP","TOT","USD_CAP","A","2021",48895.109214,
"ALB","GDP","TOT","USD_CAP","A","2000",3874.176721,
"ALB","GDP","TOT","USD_CAP","A","2001",4299.547816,
"ALB","GDP","TOT","USD_CAP","A","2002",4661.382534,
"ALB","GDP","TOT","USD_CAP","A","2003",5000.043736,
"ALB","GDP","TOT","USD_CAP","A","2004",5427.726023,
"ALB","GDP","TOT","USD_CAP","A","2005",5865.325526,
"ALB","GDP","TOT","USD_CAP","A","2006",6566.547913,
"ALB","GDP","TOT","USD_CAP","A","2007",7283.343247,
"ALB","GDP","TOT","USD_CAP","A","2008",8228.383017,"D"
"ALB","GDP","TOT","USD_CAP","A","2009",8813.050063,
"ALB","GDP","TOT","USD_CAP","A","2010",9628.739118,
"ALB","GDP","TOT","USD_CAP","A","2011",10207.794705,
"ALB","GDP","TOT","USD_CAP","A","2012",10526.251582,
"ALB","GDP","TOT","USD_CAP","A","2013",10571.013068,"D"
"ALB","GDP","TOT","USD_CAP","A","2014",11259.269313,
"ALB","GDP","TOT","USD_CAP","A","2015",11658.842853,
"ALB","GDP","TOT","USD_CAP","A","2016",12078.86146,
"ALB","GDP","TOT","USD_CAP","A","2017",12771.000645,
"ALB","GDP","TOT","USD_CAP","A","2018",13498.208259,
"ALB","GDP","TOT","USD_CAP","A","2019",13997.946197,"P"
"ALB","GDP","TOT","USD_CAP","A","2020",13332.805644,"E"
"SRB","GDP","TOT","USD_CAP","A","2000",6019.149807,
"SRB","GDP","TOT","USD_CAP","A","2001",6481.996885,
"SRB","GDP","TOT","USD_CAP","A","2002",7221.203572,
"SRB","GDP","TOT","USD_CAP","A","2003",7645.782338,
"SRB","GDP","TOT","USD_CAP","A","2004",8487.59949,
"SRB","GDP","TOT","USD_CAP","A","2005",9181.722952,
"SRB","GDP","TOT","USD_CAP","A","2006",10209.143759,
"SRB","GDP","TOT","USD_CAP","A","2007",11236.228905,
"SRB","GDP","TOT","USD_CAP","A","2008",12632.132271,
"SRB","GDP","TOT","USD_CAP","A","2009",12533.989637,
"SRB","GDP","TOT","USD_CAP","A","2010",12798.299347,
"SRB","GDP","TOT","USD_CAP","A","2011",13742.363494,
"SRB","GDP","TOT","USD_CAP","A","2012",13929.152427,
"SRB","GDP","TOT","USD_CAP","A","2013",14624.13686,
"SRB","GDP","TOT","USD_CAP","A","2014",14657.096345,
"SRB","GDP","TOT","USD_CAP","A","2015",14928.391904,
"SRB","GDP","TOT","USD_CAP","A","2016",15858.118912,
"SRB","GDP","TOT","USD_CAP","A","2017",16611.065646,
"SRB","GDP","TOT","USD_CAP","A","2018",17717.993568,
"SRB","GDP","TOT","USD_CAP","A","2019",18822.316982,
"SRB","GDP","TOT","USD_CAP","A","2020",19093.866415,
