Date;Region;Polluant;Industrielle;Fond;Trafic
2021-01-01;Grand Est;PM10;4797;19748;4408
2021-01-01;Grand Est;NO;2852;21555;8071
2021-01-01;Grand Est;NO2;2852;21537;8071
2021-01-01;Grand Est;O3;0;20250;744
2021-01-01;Grand Est;NOX as NO2;2852;21667;5868
2021-01-01;Grand Est;PM2.5;0;7856;3589
2021-01-01;Grand Est;C6H6;561;0;0
2021-01-01;Grand Est;SO2;2410;2854;0
2021-01-01;Grand Est;CO;0;0;742
2021-01-01;Provence-Alpes-Côte d'Azur;PM10;2943;12422;4455
2021-01-01;Provence-Alpes-Côte d'Azur;NO;0;12958;4331
2021-01-01;Provence-Alpes-Côte d'Azur;NO2;0;12958;4331
2021-01-01;Provence-Alpes-Côte d'Azur;O3;0;20795;0
2021-01-01;Provence-Alpes-Côte d'Azur;NOX as NO2;0;12958;4331
2021-01-01;Provence-Alpes-Côte d'Azur;PM2.5;2209;10297;2213
2021-01-01;Provence-Alpes-Côte d'Azur;C6H6;2172;0;0
2021-01-01;Provence-Alpes-Côte d'Azur;SO2;6474;1304;0
2021-01-01;Provence-Alpes-Côte d'Azur;CO;0;744;0
2021-01-01;Île-de-France;PM10;0;11836;6416
2021-01-01;Île-de-France;NO;0;20849;10433
2021-01-01;Île-de-France;NO2;0;20849;10426
2021-01-01;Île-de-France;O3;0;19672;0
2021-01-01;Île-de-France;NOX as NO2;0;20853;10433
2021-01-01;Île-de-France;PM2.5;0;7743;2138
2021-01-01;Île-de-France;SO2;2072;2136;0
2021-01-01;Île-de-France;CO;0;0;744
2021-01-01;Normandie;PM10;2828;9367;4420
2021-01-01;Normandie;NO;1480;8891;3043
2021-01-01;Normandie;NO2;1480;8891;4264
2021-01-01;Normandie;O3;0;15276;0
2021-01-01;Normandie;NOX as NO2;0;5188;826
2021-01-01;Normandie;PM2.5;0;3716;2930
2021-01-01;Normandie;C6H6;0;688;0
2021-01-01;Normandie;SO2;5150;6672;0
2021-01-01;Normandie;CO;1354;0;740
2021-01-01;Hauts-de-France;PM10;2111;18428;3437
2021-01-01;Hauts-de-France;NO;1313;16653;2450
2021-01-01;Hauts-de-France;NO2;1313;16653;2450
2021-01-01;Hauts-de-France;O3;0;19106;0
2021-01-01;Hauts-de-France;NOX as NO2;0;4173;555
2021-01-01;Hauts-de-France;PM2.5;0;4915;4232
2021-01-01;Hauts-de-France;C6H6;739;0;717
2021-01-01;Hauts-de-France;SO2;2195;1536;0
2021-01-01;Hauts-de-France;CO;702;0;744
2021-01-01;Auvergne-Rhône-Alpes;PM10;2678;31358;10764
2021-01-01;Auvergne-Rhône-Alpes;NO;744;36020;11922
2021-01-01;Auvergne-Rhône-Alpes;NO2;744;36010;11922
2021-01-01;Auvergne-Rhône-Alpes;O3;0;36592;0
2021-01-01;Auvergne-Rhône-Alpes;NOX as NO2;0;2893;0
2021-01-01;Auvergne-Rhône-Alpes;PM2.5;0;19256;3696
2021-01-01;Auvergne-Rhône-Alpes;C6H6;1444;0;0
2021-01-01;Auvergne-Rhône-Alpes;SO2;2074;2151;0
2021-01-01;Auvergne-Rhône-Alpes;CO;0;0;739
2021-01-01;Occitanie;PM10;3713;10235;2964
2021-01-01;Occitanie;NO;1481;11609;2183
2021-01-01;Occitanie;NO2;1481;11608;3629
2021-01-01;Occitanie;O3;0;16189;0
2021-01-01;Occitanie;NOX as NO2;1481;4308;1474
2021-01-01;Occitanie;PM2.5;862;6495;2197
2021-01-01;Occitanie;SO2;1470;0;0
2021-01-01;Nouvelle-Aquitaine;PM10;2172;16253;7846
2021-01-01;Nouvelle-Aquitaine;NO;2760;16491;7859
2021-01-01;Nouvelle-Aquitaine;NO2;2760;16490;7859
2021-01-01;Nouvelle-Aquitaine;O3;0;18311;0
2021-01-01;Nouvelle-Aquitaine;NOX as NO2;2760;16490;7859
2021-01-01;Nouvelle-Aquitaine;PM2.5;689;8625;2195
2021-01-01;Nouvelle-Aquitaine;SO2;6521;742;0
2021-01-01;Bretagne;PM10;0;5073;2125
2021-01-01;Bretagne;NO;0;5830;2873
2021-01-01;Bretagne;NO2;0;5833;2873
2021-01-01;Bretagne;O3;0;7260;0
2021-01-01;Bretagne;NOX as NO2;0;738;0
2021-01-01;Bretagne;PM2.5;0;4348;742
2021-01-01;Pays de la Loire;PM10;3651;7334;682
2021-01-01;Pays de la Loire;NO;5905;9448;729
2021-01-01;Pays de la Loire;NO2;5905;9447;729
2021-01-01;Pays de la Loire;O3;0;9597;0
2021-01-01;Pays de la Loire;NOX as NO2;0;1286;0
2021-01-01;Pays de la Loire;PM2.5;739;4322;732
2021-01-01;Pays de la Loire;C6H6;0;0;541
2021-01-01;Pays de la Loire;SO2;7744;740;0
2021-01-01;Pays de la Loire;CO;0;0;729
2021-01-01;Bourgogne-Franche-Comté;PM10;743;11064;2212
2021-01-01;Bourgogne-Franche-Comté;NO;1363;8152;3681
2021-01-01;Bourgogne-Franche-Comté;NO2;1363;8152;3678
2021-01-01;Bourgogne-Franche-Comté;O3;0;12578;0
2021-01-01;Bourgogne-Franche-Comté;NOX as NO2;1363;8152;3677
2021-01-01;Bourgogne-Franche-Comté;PM2.5;0;4702;2211
2021-01-01;Bourgogne-Franche-Comté;SO2;2165;0;0
2021-01-01;Centre-Val de Loire;PM10;0;6089;2918
2021-01-01;Centre-Val de Loire;NO;0;7219;5921
2021-01-01;Centre-Val de Loire;NO2;0;7218;5908
2021-01-01;Centre-Val de Loire;O3;0;10235;0
2021-01-01;Centre-Val de Loire;NOX as NO2;0;7219;5918
2021-01-01;Centre-Val de Loire;PM2.5;0;7238;3289
2021-01-01;Centre-Val de Loire;CO;0;0;689
2021-01-01;Guadeloupe;PM10;0;2027;708
2021-01-01;Guadeloupe;NO;0;2089;479
2021-01-01;Guadeloupe;NO2;0;2088;474
2021-01-01;Guadeloupe;O3;0;2134;0
2021-01-01;Guadeloupe;NOX as NO2;0;1257;282
2021-01-01;Guadeloupe;PM2.5;0;671;0
2021-01-01;Guadeloupe;SO2;0;693;0
2021-01-01;La Réunion;PM10;0;2886;1251
2021-01-01;La Réunion;NO;0;1448;2187
2021-01-01;La Réunion;NO2;0;1448;2186
2021-01-01;La Réunion;O3;0;1805;0
2021-01-01;La Réunion;NOX as NO2;0;736;2186
2021-01-01;La Réunion;PM2.5;0;1171;720
2021-01-01;La Réunion;SO2;732;2163;0
2021-01-01;La Réunion;CO;0;0;653
2021-01-01;Martinique;PM10;0;3084;724
2021-01-01;Martinique;NO;0;2770;736
2021-01-01;Martinique;NO2;0;2770;736
2021-01-01;Martinique;O3;0;2616;0
2021-01-01;Martinique;NOX as NO2;0;2768;736
2021-01-01;Martinique;PM2.5;0;2964;0
2021-01-01;Martinique;SO2;644;0;0
2021-01-01;Guyane;PM10;0;2122;0
2021-01-01;Guyane;NO;0;2193;0
2021-01-01;Guyane;NO2;0;2193;0
2021-01-01;Guyane;O3;0;2882;0
2021-01-01;Guyane;PM2.5;0;728;0
2021-01-01;Guyane;SO2;0;739;0
2021-01-01;Corse;PM10;1368;2194;1253
2021-01-01;Corse;NO;1441;3617;1466
2021-01-01;Corse;NO2;1441;3617;1466
2021-01-01;Corse;O3;1442;3699;0
2021-01-01;Corse;NOX as NO2;1441;3617;1466
2021-01-01;Corse;PM2.5;0;2838;0
2021-01-01;Corse;SO2;0;1488;1466
2021-01-01;Corse;CO;0;0;510
2021-01-01;Mayotte;PM10;0;0;744
2021-01-01;Mayotte;NO;0;0;733
2021-01-01;Mayotte;NO2;0;0;733
2021-01-01;Mayotte;O3;0;0;735
2021-01-01;Mayotte;NOX as NO2;0;0;733
2021-01-01;Mayotte;SO2;0;0;289
2021-01-01;Mayotte;CO;0;0;432
2021-02-01;Grand Est;PM10;3855;16502;3972
2021-02-01;Grand Est;NO;2507;20461;7326
2021-02-01;Grand Est;NO2;2507;20462;7326
2021-02-01;Grand Est;O3;0;18006;672
2021-02-01;Grand Est;NOX as NO2;2507;20463;5784
2021-02-01;Grand Est;PM2.5;0;7593;3260
2021-02-01;Grand Est;C6H6;667;0;0
2021-02-01;Grand Est;SO2;2621;2594;0
2021-02-01;Grand Est;CO;0;0;672
2021-02-01;Provence-Alpes-Côte d'Azur;PM10;2673;11507;4013
2021-02-01;Provence-Alpes-Côte d'Azur;NO;0;11891;4001
2021-02-01;Provence-Alpes-Côte d'Azur;NO2;0;11891;4001
2021-02-01;Provence-Alpes-Côte d'Azur;O3;0;19209;0
2021-02-01;Provence-Alpes-Côte d'Azur;NOX as NO2;0;11891;4001
2021-02-01;Provence-Alpes-Côte d'Azur;PM2.5;1956;9271;2009
2021-02-01;Provence-Alpes-Côte d'Azur;C6H6;1954;0;0
2021-02-01;Provence-Alpes-Côte d'Azur;SO2;5954;1260;0
2021-02-01;Provence-Alpes-Côte d'Azur;CO;0;666;0
2021-02-01;Île-de-France;PM10;0;10841;5810
2021-02-01;Île-de-France;NO;0;19154;9850
2021-02-01;Île-de-France;NO2;0;19154;9842
2021-02-01;Île-de-France;O3;0;17675;0
2021-02-01;Île-de-France;NOX as NO2;0;19155;9849
2021-02-01;Île-de-France;PM2.5;0;7832;1900
2021-02-01;Île-de-France;SO2;1936;1971;0
2021-02-01;Île-de-France;CO;0;0;669
2021-02-01;Normandie;PM10;2642;8421;3966
2021-02-01;Normandie;NO;1336;8004;3115
2021-02-01;Normandie;NO2;1336;8004;3732
2021-02-01;Normandie;O3;0;13967;0
2021-02-01;Normandie;NOX as NO2;0;4661;1335
2021-02-01;Normandie;PM2.5;0;3266;2579
2021-02-01;Normandie;C6H6;0;614;0
2021-02-01;Normandie;SO2;4671;5953;0
2021-02-01;Normandie;CO;549;0;667
2021-02-01;Hauts-de-France;PM10;1971;15798;2901
2021-02-01;Hauts-de-France;NO;1340;15501;2361
2021-02-01;Hauts-de-France;NO2;1340;15501;2361
2021-02-01;Hauts-de-France;O3;0;17334;0
2021-02-01;Hauts-de-France;NOX as NO2;0;4368;582
2021-02-01;Hauts-de-France;PM2.5;0;3866;3976
2021-02-01;Hauts-de-France;C6H6;665;0;667
2021-02-01;Hauts-de-France;SO2;1793;1315;0
2021-02-01;Hauts-de-France;CO;655;57;628
2021-02-01;Auvergne-Rhône-Alpes;PM10;2580;28680;9765
2021-02-01;Auvergne-Rhône-Alpes;NO;672;32133;10368
2021-02-01;Auvergne-Rhône-Alpes;NO2;672;32133;10368
2021-02-01;Auvergne-Rhône-Alpes;O3;0;33733;0
2021-02-01;Auvergne-Rhône-Alpes;NOX as NO2;0;2651;0
2021-02-01;Auvergne-Rhône-Alpes;PM2.5;0;17657;3302
2021-02-01;Auvergne-Rhône-Alpes;C6H6;1310;0;0
2021-02-01;Auvergne-Rhône-Alpes;SO2;1488;1931;0
2021-02-01;Auvergne-Rhône-Alpes;CO;0;0;672
2021-02-01;Occitanie;PM10;3348;9341;2670
2021-02-01;Occitanie;NO;1343;10634;1987
2021-02-01;Occitanie;NO2;1344;10634;3307
2021-02-01;Occitanie;O3;0;14661;0
2021-02-01;Occitanie;NOX as NO2;1344;4027;1326
2021-02-01;Occitanie;PM2.5;672;5806;2010
2021-02-01;Occitanie;SO2;1321;0;0
2021-02-01;Nouvelle-Aquitaine;PM10;1987;15597;7089
2021-02-01;Nouvelle-Aquitaine;NO;2558;15271;7224
2021-02-01;Nouvelle-Aquitaine;NO2;2558;15266;7224
2021-02-01;Nouvelle-Aquitaine;O3;0;17453;0
2021-02-01;Nouvelle-Aquitaine;NOX as NO2;2558;15271;7224
2021-02-01;Nouvelle-Aquitaine;PM2.5;662;7810;2003
2021-02-01;Nouvelle-Aquitaine;SO2;6289;672;0
2021-02-01;Bretagne;PM10;0;4447;1929
2021-02-01;Bretagne;NO;0;5096;2561
2021-02-01;Bretagne;NO2;0;5096;2562
2021-02-01;Bretagne;O3;0;6490;0
2021-02-01;Bretagne;NOX as NO2;0;498;0
2021-02-01;Bretagne;PM2.5;0;3831;635
2021-02-01;Pays de la Loire;PM10;3306;6615;616
2021-02-01;Pays de la Loire;NO;5335;8683;668
2021-02-01;Pays de la Loire;NO2;5335;8683;668
2021-02-01;Pays de la Loire;O3;0;8712;0
2021-02-01;Pays de la Loire;NOX as NO2;0;1337;0
2021-02-01;Pays de la Loire;PM2.5;672;3921;667
2021-02-01;Pays de la Loire;C6H6;0;0;646
2021-02-01;Pays de la Loire;SO2;6025;670;0
2021-02-01;Pays de la Loire;CO;0;0;669
2021-02-01;Bourgogne-Franche-Comté;PM10;595;9828;1956
2021-02-01;Bourgogne-Franche-Comté;NO;1268;7237;3238
2021-02-01;Bourgogne-Franche-Comté;NO2;1268;7237;3238
2021-02-01;Bourgogne-Franche-Comté;O3;0;11380;0
2021-02-01;Bourgogne-Franche-Comté;NOX as NO2;1268;7237;3238
2021-02-01;Bourgogne-Franche-Comté;PM2.5;0;4667;1981
2021-02-01;Bourgogne-Franche-Comté;SO2;1926;0;0
2021-02-01;Centre-Val de Loire;PM10;0;6024;2634
2021-02-01;Centre-Val de Loire;NO;0;6699;5322
2021-02-01;Centre-Val de Loire;NO2;0;6699;5362
2021-02-01;Centre-Val de Loire;O3;0;9313;0
2021-02-01;Centre-Val de Loire;NOX as NO2;0;6699;5363
2021-02-01;Centre-Val de Loire;PM2.5;0;6695;3252
2021-02-01;Centre-Val de Loire;CO;0;0;668
2021-02-01;Guadeloupe;PM10;0;1944;662
2021-02-01;Guadeloupe;NO;0;1830;560
2021-02-01;Guadeloupe;NO2;0;1830;560
2021-02-01;Guadeloupe;O3;0;1951;0
2021-02-01;Guadeloupe;NOX as NO2;0;1830;560
2021-02-01;Guadeloupe;PM2.5;0;666;0
2021-02-01;Guadeloupe;SO2;0;609;0
2021-02-01;La Réunion;PM10;0;2530;1090
2021-02-01;La Réunion;NO;0;1226;1988
2021-02-01;La Réunion;NO2;0;1226;1988
2021-02-01;La Réunion;O3;0;1487;0
2021-02-01;La Réunion;NOX as NO2;0;659;1988
2021-02-01;La Réunion;PM2.5;0;1308;664
2021-02-01;La Réunion;SO2;656;1898;0
2021-02-01;La Réunion;CO;0;0;642
2021-02-01;Martinique;PM10;0;3303;658
2021-02-01;Martinique;NO;0;2434;644
2021-02-01;Martinique;NO2;0;2434;644
2021-02-01;Martinique;O3;0;2435;0
2021-02-01;Martinique;NOX as NO2;0;2434;644
2021-02-01;Martinique;PM2.5;0;2675;0
2021-02-01;Martinique;SO2;666;0;0
2021-02-01;Guyane;PM10;0;1965;0
2021-02-01;Guyane;NO;0;1576;0
2021-02-01;Guyane;NO2;0;1576;0
2021-02-01;Guyane;O3;0;2233;0
2021-02-01;Guyane;PM2.5;0;643;0
2021-02-01;Guyane;SO2;0;271;0
2021-02-01;Corse;PM10;1286;1920;1339
2021-02-01;Corse;NO;1338;3336;1340
2021-02-01;Corse;NO2;1338;3336;1340
2021-02-01;Corse;O3;1344;3359;0
2021-02-01;Corse;NOX as NO2;1338;3336;1340
2021-02-01;Corse;PM2.5;0;2601;0
2021-02-01;Corse;SO2;0;1343;1341
2021-02-01;Corse;CO;0;0;52
2021-02-01;Mayotte;PM10;0;0;400
2021-02-01;Mayotte;NO;0;0;395
2021-02-01;Mayotte;NO2;0;0;395
2021-02-01;Mayotte;O3;0;0;396
2021-02-01;Mayotte;NOX as NO2;0;0;395
2021-02-01;Mayotte;SO2;0;0;10
2021-03-01;Grand Est;PM10;4220;18434;4361
2021-03-01;Grand Est;NO;2808;21501;8084
2021-03-01;Grand Est;NO2;2808;21523;8085
2021-03-01;Grand Est;O3;0;19248;744
2021-03-01;Grand Est;NOX as NO2;2808;21501;6610
2021-03-01;Grand Est;PM2.5;0;8280;3631
2021-03-01;Grand Est;C6H6;738;0;0
2021-03-01;Grand Est;SO2;2910;2808;0
2021-03-01;Grand Est;CO;0;0;744
2021-03-01;Provence-Alpes-Côte d'Azur;PM10;2970;13109;4441
2021-03-01;Provence-Alpes-Côte d'Azur;NO;0;13147;4453
2021-03-01;Provence-Alpes-Côte d'Azur;NO2;0;13147;4453
2021-03-01;Provence-Alpes-Côte d'Azur;O3;0;20989;0
2021-03-01;Provence-Alpes-Côte d'Azur;NOX as NO2;0;13147;4453
2021-03-01;Provence-Alpes-Côte d'Azur;PM2.5;2226;10270;2216
2021-03-01;Provence-Alpes-Côte d'Azur;C6H6;2151;0;0
2021-03-01;Provence-Alpes-Côte d'Azur;SO2;6743;1417;0
2021-03-01;Provence-Alpes-Côte d'Azur;CO;0;744;0
2021-03-01;Île-de-France;PM10;0;12058;6360
2021-03-01;Île-de-France;NO;0;20687;11089
2021-03-01;Île-de-France;NO2;0;20687;11082
2021-03-01;Île-de-France;O3;0;19376;0
2021-03-01;Île-de-France;NOX as NO2;0;20679;11089
2021-03-01;Île-de-France;PM2.5;0;7987;2117
2021-03-01;Île-de-France;SO2;2200;2142;0
2021-03-01;Île-de-France;CO;0;0;744
2021-03-01;Normandie;PM10;2918;9948;4423
2021-03-01;Normandie;NO;1482;8895;3693
2021-03-01;Normandie;NO2;1482;8894;4171
2021-03-01;Normandie;O3;0;15487;0
2021-03-01;Normandie;NOX as NO2;0;5192;1482
2021-03-01;Normandie;PM2.5;0;3707;2958
2021-03-01;Normandie;C6H6;0;675;0
2021-03-01;Normandie;SO2;5196;6661;0
2021-03-01;Normandie;CO;1486;0;742
2021-03-01;Hauts-de-France;PM10;2122;19225;3530
2021-03-01;Hauts-de-France;NO;1470;17190;2949
2021-03-01;Hauts-de-France;NO2;1470;17190;2949
2021-03-01;Hauts-de-France;O3;0;19206;0
2021-03-01;Hauts-de-France;NOX as NO2;0;5152;735
2021-03-01;Hauts-de-France;PM2.5;0;6024;4242
2021-03-01;Hauts-de-France;C6H6;740;0;738
2021-03-01;Hauts-de-France;SO2;2188;2124;0
2021-03-01;Hauts-de-France;CO;718;691;734
2021-03-01;Auvergne-Rhône-Alpes;PM10;2893;31832;11671
2021-03-01;Auvergne-Rhône-Alpes;NO;541;35726;11786
2021-03-01;Auvergne-Rhône-Alpes;NO2;541;35736;11786
2021-03-01;Auvergne-Rhône-Alpes;O3;0;36613;0
2021-03-01;Auvergne-Rhône-Alpes;NOX as NO2;0;2971;0
2021-03-01;Auvergne-Rhône-Alpes;PM2.5;0;19923;3627
2021-03-01;Auvergne-Rhône-Alpes;C6H6;1482;0;0
2021-03-01;Auvergne-Rhône-Alpes;SO2;2191;1612;0
2021-03-01;Auvergne-Rhône-Alpes;CO;0;0;744
2021-03-01;Occitanie;PM10;3710;10142;2813
2021-03-01;Occitanie;NO;1486;11499;2168
2021-03-01;Occitanie;NO2;1486;11499;3633
2021-03-01;Occitanie;O3;0;16289;0
2021-03-01;Occitanie;NOX as NO2;1486;4379;1435
2021-03-01;Occitanie;PM2.5;744;6653;2188
2021-03-01;Occitanie;SO2;1442;0;0
2021-03-01;Nouvelle-Aquitaine;PM10;2223;17552;7758
2021-03-01;Nouvelle-Aquitaine;NO;2887;17660;7545
2021-03-01;Nouvelle-Aquitaine;NO2;2887;17658;7544
2021-03-01;Nouvelle-Aquitaine;O3;0;19692;0
2021-03-01;Nouvelle-Aquitaine;NOX as NO2;2887;17661;7545
2021-03-01;Nouvelle-Aquitaine;PM2.5;742;8784;2112
2021-03-01;Nouvelle-Aquitaine;SO2;7280;743;0
2021-03-01;Nouvelle-Aquitaine;CO;0;517;0
2021-03-01;Bretagne;PM10;0;5155;2074
2021-03-01;Bretagne;NO;0;5903;2933
2021-03-01;Bretagne;NO2;0;5903;2933
2021-03-01;Bretagne;O3;0;7378;0
2021-03-01;Bretagne;NOX as NO2;0;743;0
2021-03-01;Bretagne;PM2.5;0;4378;744
2021-03-01;Pays de la Loire;PM10;3700;7370;717
2021-03-01;Pays de la Loire;NO;5922;9637;717
2021-03-01;Pays de la Loire;NO2;5922;9637;717
2021-03-01;Pays de la Loire;O3;0;9640;0
2021-03-01;Pays de la Loire;NOX as NO2;0;1482;0
2021-03-01;Pays de la Loire;PM2.5;999;4296;694
2021-03-01;Pays de la Loire;C6H6;0;0;709
2021-03-01;Pays de la Loire;SO2;6663;739;0
2021-03-01;Pays de la Loire;CO;0;0;714
2021-03-01;Bourgogne-Franche-Comté;PM10;738;10862;2215
2021-03-01;Bourgogne-Franche-Comté;NO;1487;7998;3472
2021-03-01;Bourgogne-Franche-Comté;NO2;1487;8005;3472
2021-03-01;Bourgogne-Franche-Comté;O3;0;12233;0
2021-03-01;Bourgogne-Franche-Comté;NOX as NO2;1487;8005;3472
2021-03-01;Bourgogne-Franche-Comté;PM2.5;0;4996;2216
2021-03-01;Bourgogne-Franche-Comté;SO2;1958;0;0
2021-03-01;Centre-Val de Loire;PM10;0;6675;2939
2021-03-01;Centre-Val de Loire;NO;0;7418;5935
2021-03-01;Centre-Val de Loire;NO2;0;7419;5935
2021-03-01;Centre-Val de Loire;O3;0;10401;0
2021-03-01;Centre-Val de Loire;NOX as NO2;0;7420;5936
2021-03-01;Centre-Val de Loire;PM2.5;0;7348;3637
2021-03-01;Centre-Val de Loire;CO;0;0;741
2021-03-01;Guadeloupe;PM10;0;2164;727
2021-03-01;Guadeloupe;NO;0;2172;739
2021-03-01;Guadeloupe;NO2;0;2152;739
2021-03-01;Guadeloupe;O3;0;2175;0
2021-03-01;Guadeloupe;NOX as NO2;0;2152;739
2021-03-01;Guadeloupe;PM2.5;0;686;0
2021-03-01;Guadeloupe;SO2;0;737;0
2021-03-01;La Réunion;PM10;0;2822;1197
2021-03-01;La Réunion;NO;0;1577;2102
2021-03-01;La Réunion;NO2;0;1577;2102
2021-03-01;La Réunion;O3;0;1508;0
2021-03-01;La Réunion;NOX as NO2;0;936;2102
2021-03-01;La Réunion;PM2.5;0;1428;639
2021-03-01;La Réunion;SO2;734;2101;0
2021-03-01;La Réunion;CO;0;0;672
2021-03-01;Martinique;PM10;0;2993;741
2021-03-01;Martinique;NO;0;2432;731
2021-03-01;Martinique;NO2;0;2419;731
2021-03-01;Martinique;O3;0;2305;0
2021-03-01;Martinique;NOX as NO2;0;2269;731
2021-03-01;Martinique;PM2.5;0;2032;0
2021-03-01;Martinique;SO2;742;0;0
2021-03-01;Guyane;PM10;0;2169;0
2021-03-01;Guyane;NO;0;1361;33
2021-03-01;Guyane;NO2;0;1361;33
2021-03-01;Guyane;O3;0;2178;0
2021-03-01;Guyane;NOX as NO2;0;0;33
2021-03-01;Guyane;PM2.5;0;733;0
2021-03-01;Corse;PM10;1350;2223;1427
2021-03-01;Corse;NO;1423;3619;1483
2021-03-01;Corse;NO2;1423;3619;1483
2021-03-01;Corse;O3;1445;3707;0
2021-03-01;Corse;NOX as NO2;1423;3619;1483
2021-03-01;Corse;PM2.5;0;2934;0
2021-03-01;Corse;SO2;0;867;878
2021-03-01;Mayotte;PM10;0;0;720
2021-03-01;Mayotte;NO;0;0;385
2021-03-01;Mayotte;NO2;0;0;385
2021-03-01;Mayotte;O3;0;0;373
2021-03-01;Mayotte;NOX as NO2;0;0;385
2021-03-01;Mayotte;SO2;0;0;120
2021-04-01;Grand Est;PM10;3944;17519;4298
2021-04-01;Grand Est;NO;2689;20112;6847
2021-04-01;Grand Est;NO2;2689;20131;6847
2021-04-01;Grand Est;O3;0;18296;200
2021-04-01;Grand Est;NOX as NO2;2688;20110;6008
2021-04-01;Grand Est;PM2.5;0;8927;3566
2021-04-01;Grand Est;C6H6;720;0;0
2021-04-01;Grand Est;SO2;2821;2862;0
2021-04-01;Grand Est;CO;0;0;713
2021-04-01;Provence-Alpes-Côte d'Azur;PM10;2865;12749;4312
2021-04-01;Provence-Alpes-Côte d'Azur;NO;0;12604;4307
2021-04-01;Provence-Alpes-Côte d'Azur;NO2;0;12604;4307
2021-04-01;Provence-Alpes-Côte d'Azur;O3;0;19978;0
2021-04-01;Provence-Alpes-Côte d'Azur;NOX as NO2;0;12604;4307
2021-04-01;Provence-Alpes-Côte d'Azur;PM2.5;2225;9860;2152
2021-04-01;Provence-Alpes-Côte d'Azur;C6H6;1983;0;0
2021-04-01;Provence-Alpes-Côte d'Azur;SO2;6694;1293;0
2021-04-01;Provence-Alpes-Côte d'Azur;CO;0;717;0
2021-04-01;Île-de-France;PM10;0;11954;6203
2021-04-01;Île-de-France;NO;0;20522;10324
2021-04-01;Île-de-France;NO2;0;20522;10316
2021-04-01;Île-de-France;O3;0;19346;0
2021-04-01;Île-de-France;NOX as NO2;0;20522;10324
2021-04-01;Île-de-France;PM2.5;0;7830;2153
2021-04-01;Île-de-France;SO2;2121;2055;0
2021-04-01;Île-de-France;CO;0;0;719
2021-04-01;Normandie;PM10;2864;9392;4273
2021-04-01;Normandie;NO;1432;8619;4128
2021-04-01;Normandie;NO2;1432;8619;4285
2021-04-01;Normandie;O3;0;15049;0
2021-04-01;Normandie;NOX as NO2;0;5030;2006
2021-04-01;Normandie;PM2.5;0;3418;2838
2021-04-01;Normandie;C6H6;0;641;0
2021-04-01;Normandie;SO2;5029;6437;0
2021-04-01;Normandie;CO;1377;0;716
2021-04-01;Hauts-de-France;PM10;1979;18571;3234
2021-04-01;Hauts-de-France;NO;1418;16487;2809
2021-04-01;Hauts-de-France;NO2;1418;16487;2809
2021-04-01;Hauts-de-France;O3;0;18487;0
2021-04-01;Hauts-de-France;NOX as NO2;0;4625;718
2021-04-01;Hauts-de-France;PM2.5;0;6925;4235
2021-04-01;Hauts-de-France;C6H6;695;0;629
2021-04-01;Hauts-de-France;SO2;1925;2129;0
2021-04-01;Hauts-de-France;CO;705;716;715
2021-04-01;Auvergne-Rhône-Alpes;PM10;2834;29596;10800
2021-04-01;Auvergne-Rhône-Alpes;NO;717;34402;11543
2021-04-01;Auvergne-Rhône-Alpes;NO2;717;34410;11528
2021-04-01;Auvergne-Rhône-Alpes;O3;0;36146;0
2021-04-01;Auvergne-Rhône-Alpes;NOX as NO2;0;2810;0
2021-04-01;Auvergne-Rhône-Alpes;PM2.5;0;18818;3419
2021-04-01;Auvergne-Rhône-Alpes;C6H6;1363;0;0
2021-04-01;Auvergne-Rhône-Alpes;SO2;2077;2104;0
2021-04-01;Auvergne-Rhône-Alpes;CO;0;0;686
2021-04-01;Occitanie;PM10;3582;9879;2740
2021-04-01;Occitanie;NO;1435;11141;2086
2021-04-01;Occitanie;NO2;1435;11150;3476
2021-04-01;Occitanie;O3;0;15743;0
2021-04-01;Occitanie;NOX as NO2;1435;4072;1430
2021-04-01;Occitanie;PM2.5;718;6435;2025
2021-04-01;Occitanie;SO2;1440;0;0
2021-04-01;Nouvelle-Aquitaine;PM10;2092;16844;7113
2021-04-01;Nouvelle-Aquitaine;NO;2877;16910;7163
2021-04-01;Nouvelle-Aquitaine;NO2;2877;16909;7163
2021-04-01;Nouvelle-Aquitaine;O3;0;19147;0
2021-04-01;Nouvelle-Aquitaine;NOX as NO2;2877;16909;7163
2021-04-01;Nouvelle-Aquitaine;PM2.5;716;8552;2130
2021-04-01;Nouvelle-Aquitaine;SO2;7029;714;0
2021-04-01;Nouvelle-Aquitaine;CO;0;718;0
2021-04-01;Bretagne;PM10;0;4922;2093
2021-04-01;Bretagne;NO;0;5623;2866
2021-04-01;Bretagne;NO2;0;5625;2867
2021-04-01;Bretagne;O3;0;7110;0
2021-04-01;Bretagne;NOX as NO2;0;710;0
2021-04-01;Bretagne;PM2.5;0;4218;717
2021-04-01;Pays de la Loire;PM10;3589;7106;698
2021-04-01;Pays de la Loire;NO;5713;9307;720
2021-04-01;Pays de la Loire;NO2;5713;9307;720
2021-04-01;Pays de la Loire;O3;0;9332;0
2021-04-01;Pays de la Loire;NOX as NO2;0;1430;0
2021-04-01;Pays de la Loire;PM2.5;1420;4300;719
2021-04-01;Pays de la Loire;C6H6;0;0;708
2021-04-01;Pays de la Loire;SO2;6450;719;0
2021-04-01;Pays de la Loire;CO;0;0;713
2021-04-01;Bourgogne-Franche-Comté;PM10;711;10436;2149
2021-04-01;Bourgogne-Franche-Comté;NO;1370;7892;3588
2021-04-01;Bourgogne-Franche-Comté;NO2;1370;7892;3588
2021-04-01;Bourgogne-Franche-Comté;O3;0;12107;0
2021-04-01;Bourgogne-Franche-Comté;NOX as NO2;1370;7892;3588
2021-04-01;Bourgogne-Franche-Comté;PM2.5;0;4896;2148
2021-04-01;Bourgogne-Franche-Comté;SO2;2034;0;0
2021-04-01;Centre-Val de Loire;PM10;0;6464;2656
2021-04-01;Centre-Val de Loire;NO;0;7186;5652
2021-04-01;Centre-Val de Loire;NO2;0;7186;5652
2021-04-01;Centre-Val de Loire;O3;0;10046;0
2021-04-01;Centre-Val de Loire;NOX as NO2;0;7186;5652
2021-04-01;Centre-Val de Loire;PM2.5;0;7190;3538
2021-04-01;Centre-Val de Loire;CO;0;0;720
2021-04-01;Guadeloupe;PM10;0;2100;657
2021-04-01;Guadeloupe;NO;0;2144;628
2021-04-01;Guadeloupe;NO2;0;2142;628
2021-04-01;Guadeloupe;O3;0;2018;0
2021-04-01;Guadeloupe;NOX as NO2;0;2131;628
2021-04-01;Guadeloupe;PM2.5;0;720;0
2021-04-01;Guadeloupe;SO2;0;719;0
2021-04-01;La Réunion;PM10;0;2604;1389
2021-04-01;La Réunion;NO;0;2054;2121
2021-04-01;La Réunion;NO2;0;2055;2121
2021-04-01;La Réunion;O3;0;2027;0
2021-04-01;La Réunion;NOX as NO2;0;1422;2121
2021-04-01;La Réunion;PM2.5;0;1274;712
2021-04-01;La Réunion;SO2;709;1999;0
2021-04-01;La Réunion;CO;0;0;668
2021-04-01;Martinique;PM10;0;3530;710
2021-04-01;Martinique;NO;0;2690;674
2021-04-01;Martinique;NO2;0;2672;674
2021-04-01;Martinique;O3;0;1930;0
2021-04-01;Martinique;NOX as NO2;0;2679;674
2021-04-01;Martinique;PM2.5;0;2141;0
2021-04-01;Martinique;SO2;717;0;0
2021-04-01;Guyane;PM10;0;1980;225
2021-04-01;Guyane;NO;0;1389;715
2021-04-01;Guyane;NO2;0;1389;715
2021-04-01;Guyane;O3;0;2043;0
2021-04-01;Guyane;NOX as NO2;0;0;715
2021-04-01;Guyane;PM2.5;0;691;0
2021-04-01;Corse;PM10;1415;1979;1431
2021-04-01;Corse;NO;1439;3559;1439
2021-04-01;Corse;NO2;1439;3559;1439
2021-04-01;Corse;O3;1437;3579;0
2021-04-01;Corse;NOX as NO2;1439;3559;1439
2021-04-01;Corse;PM2.5;0;2654;0
2021-04-01;Corse;SO2;0;1267;730
2021-04-01;Mayotte;PM10;0;0;343
2021-04-01;Mayotte;NO;0;0;362
2021-04-01;Mayotte;NO2;0;0;362
2021-04-01;Mayotte;O3;0;0;339
2021-04-01;Mayotte;NOX as NO2;0;0;362
2021-04-01;Mayotte;SO2;0;0;173
2021-04-01;Mayotte;CO;0;0;133
2021-05-01;Grand Est;PM10;3972;17966;4443
2021-05-01;Grand Est;NO;2904;21410;7386
2021-05-01;Grand Est;NO2;2904;21403;7382
2021-05-01;Grand Est;O3;0;20000;0
2021-05-01;Grand Est;NOX as NO2;2904;21461;6652
2021-05-01;Grand Est;PM2.5;0;9223;3667
2021-05-01;Grand Est;C6H6;702;0;0
2021-05-01;Grand Est;SO2;2784;2967;0
2021-05-01;Grand Est;CO;0;0;744
2021-05-01;Provence-Alpes-Côte d'Azur;PM10;2782;12836;4318
2021-05-01;Provence-Alpes-Côte d'Azur;NO;0;13088;4434
2021-05-01;Provence-Alpes-Côte d'Azur;NO2;0;13088;4434
2021-05-01;Provence-Alpes-Côte d'Azur;O3;0;20500;0
2021-05-01;Provence-Alpes-Côte d'Azur;NOX as NO2;0;13088;4434
2021-05-01;Provence-Alpes-Côte d'Azur;PM2.5;2975;9417;2141
2021-05-01;Provence-Alpes-Côte d'Azur;C6H6;2111;0;0
2021-05-01;Provence-Alpes-Côte d'Azur;SO2;6947;1423;0
2021-05-01;Provence-Alpes-Côte d'Azur;CO;0;744;0
2021-05-01;Île-de-France;PM10;0;11847;6168
2021-05-01;Île-de-France;NO;0;20745;10838
2021-05-01;Île-de-France;NO2;0;20745;10832
2021-05-01;Île-de-France;O3;0;19572;0
2021-05-01;Île-de-France;NOX as NO2;0;20746;10838
2021-05-01;Île-de-France;PM2.5;0;7513;2129
2021-05-01;Île-de-France;SO2;2208;1847;0
2021-05-01;Île-de-France;CO;0;0;740
2021-05-01;Normandie;PM10;2948;10214;4366
2021-05-01;Normandie;NO;1483;8903;4241
2021-05-01;Normandie;NO2;1483;8895;4433
2021-05-01;Normandie;O3;0;15590;0
2021-05-01;Normandie;NOX as NO2;192;5660;2391
2021-05-01;Normandie;PM2.5;0;3718;2944
2021-05-01;Normandie;C6H6;0;647;0
2021-05-01;Normandie;SO2;5193;6619;0
2021-05-01;Normandie;CO;1484;0;743
2021-05-01;Hauts-de-France;PM10;1983;18452;2938
2021-05-01;Hauts-de-France;NO;1480;16936;2729
2021-05-01;Hauts-de-France;NO2;1480;16936;2729
2021-05-01;Hauts-de-France;O3;0;20322;0
2021-05-01;Hauts-de-France;NOX as NO2;0;4616;511
2021-05-01;Hauts-de-France;PM2.5;0;7056;4098
2021-05-01;Hauts-de-France;C6H6;737;0;683
2021-05-01;Hauts-de-France;SO2;2223;2227;0
2021-05-01;Hauts-de-France;CO;729;738;727
2021-05-01;Auvergne-Rhône-Alpes;PM10;3078;30394;11608
2021-05-01;Auvergne-Rhône-Alpes;NO;1026;35175;12491
2021-05-01;Auvergne-Rhône-Alpes;NO2;1026;35183;12485
2021-05-01;Auvergne-Rhône-Alpes;O3;0;37327;0
2021-05-01;Auvergne-Rhône-Alpes;NOX as NO2;0;2886;0
2021-05-01;Auvergne-Rhône-Alpes;PM2.5;0;19290;3679
2021-05-01;Auvergne-Rhône-Alpes;C6H6;1392;0;0
2021-05-01;Auvergne-Rhône-Alpes;SO2;2154;2138;0
2021-05-01;Auvergne-Rhône-Alpes;CO;0;0;709
2021-05-01;Occitanie;PM10;3619;10061;2832
2021-05-01;Occitanie;NO;1422;11280;2205
2021-05-01;Occitanie;NO2;1421;11282;3659
2021-05-01;Occitanie;O3;0;15787;0
2021-05-01;Occitanie;NOX as NO2;1422;4412;1472
2021-05-01;Occitanie;PM2.5;679;6295;2216
2021-05-01;Occitanie;SO2;1472;0;0
2021-05-01;Nouvelle-Aquitaine;PM10;2107;16826;7260
2021-05-01;Nouvelle-Aquitaine;NO;2971;17448;7221
2021-05-01;Nouvelle-Aquitaine;NO2;2971;17448;7221
2021-05-01;Nouvelle-Aquitaine;O3;0;19708;0
2021-05-01;Nouvelle-Aquitaine;NOX as NO2;2971;17448;7221
2021-05-01;Nouvelle-Aquitaine;PM2.5;739;8677;2034
2021-05-01;Nouvelle-Aquitaine;SO2;7226;742;0
2021-05-01;Nouvelle-Aquitaine;CO;0;740;0
2021-05-01;Bretagne;PM10;0;5168;2183
2021-05-01;Bretagne;NO;0;5645;2919
2021-05-01;Bretagne;NO2;0;5649;2919
2021-05-01;Bretagne;O3;0;7190;0
2021-05-01;Bretagne;NOX as NO2;0;735;0
2021-05-01;Bretagne;PM2.5;0;4444;744
2021-05-01;Pays de la Loire;PM10;3611;7349;687
2021-05-01;Pays de la Loire;NO;5917;9568;743
2021-05-01;Pays de la Loire;NO2;5917;9568;743
2021-05-01;Pays de la Loire;O3;0;9656;0
2021-05-01;Pays de la Loire;NOX as NO2;0;1484;0
2021-05-01;Pays de la Loire;PM2.5;1461;4260;719
2021-05-01;Pays de la Loire;C6H6;0;0;612
2021-05-01;Pays de la Loire;SO2;6652;741;0
2021-05-01;Pays de la Loire;CO;0;0;742
2021-05-01;Bourgogne-Franche-Comté;PM10;711;10981;2126
2021-05-01;Bourgogne-Franche-Comté;NO;1398;8167;3618
2021-05-01;Bourgogne-Franche-Comté;NO2;1398;8167;3618
2021-05-01;Bourgogne-Franche-Comté;O3;0;12619;0
2021-05-01;Bourgogne-Franche-Comté;NOX as NO2;1398;8167;3618
2021-05-01;Bourgogne-Franche-Comté;PM2.5;0;5118;2126
2021-05-01;Bourgogne-Franche-Comté;SO2;1987;0;0
2021-05-01;Centre-Val de Loire;PM10;0;6659;2972
2021-05-01;Centre-Val de Loire;NO;0;7360;5920
2021-05-01;Centre-Val de Loire;NO2;0;7360;5939
2021-05-01;Centre-Val de Loire;O3;0;10300;0
2021-05-01;Centre-Val de Loire;NOX as NO2;0;7360;5939
2021-05-01;Centre-Val de Loire;PM2.5;0;7403;3681
2021-05-01;Centre-Val de Loire;CO;0;0;740
2021-05-01;Guadeloupe;PM10;0;2172;577
2021-05-01;Guadeloupe;NO;0;2226;320
2021-05-01;Guadeloupe;NO2;0;2231;320
2021-05-01;Guadeloupe;O3;0;2232;0
2021-05-01;Guadeloupe;NOX as NO2;0;2226;320
2021-05-01;Guadeloupe;PM2.5;0;738;0
2021-05-01;Guadeloupe;SO2;0;744;0
2021-05-01;La Réunion;PM10;0;2948;1345
2021-05-01;La Réunion;NO;0;2210;2208
2021-05-01;La Réunion;NO2;0;2210;2208
2021-05-01;La Réunion;O3;0;2160;0
2021-05-01;La Réunion;NOX as NO2;0;1474;2208
2021-05-01;La Réunion;PM2.5;0;1482;736
2021-05-01;La Réunion;SO2;728;2207;0
2021-05-01;La Réunion;CO;0;0;740
2021-05-01;Martinique;PM10;0;3601;691
2021-05-01;Martinique;NO;0;2614;743
2021-05-01;Martinique;NO2;0;2685;742
2021-05-01;Martinique;O3;0;2079;0
2021-05-01;Martinique;NOX as NO2;0;2670;743
2021-05-01;Martinique;PM2.5;0;2232;0
2021-05-01;Martinique;SO2;671;0;0
2021-05-01;Guyane;PM10;0;1879;224
2021-05-01;Guyane;NO;0;1340;739
2021-05-01;Guyane;NO2;0;1340;739
2021-05-01;Guyane;O3;0;1977;0
2021-05-01;Guyane;NOX as NO2;0;0;739
2021-05-01;Guyane;PM2.5;0;733;0
2021-05-01;Corse;PM10;1402;2118;1418
2021-05-01;Corse;NO;1481;3715;1292
2021-05-01;Corse;NO2;1481;3715;1292
2021-05-01;Corse;O3;1480;3713;0
2021-05-01;Corse;NOX as NO2;1481;3715;1292
2021-05-01;Corse;PM2.5;0;2859;0
2021-05-01;Corse;SO2;0;1488;1470
2021-05-01;Corse;CO;0;0;134
2021-05-01;Mayotte;PM10;0;0;13
2021-05-01;Mayotte;NO;0;0;12
2021-05-01;Mayotte;NO2;0;0;12
2021-05-01;Mayotte;NOX as NO2;0;0;12
2021-05-01;Mayotte;SO2;0;0;11
2021-05-01;Mayotte;CO;0;0;13
2021-06-01;Grand Est;PM10;3457;16719;4149
2021-06-01;Grand Est;NO;2356;20379;6725
2021-06-01;Grand Est;NO2;2357;20378;6725
2021-06-01;Grand Est;O3;0;19702;0
2021-06-01;Grand Est;NOX as NO2;2356;20365;6018
2021-06-01;Grand Est;PM2.5;0;8613;3393
2021-06-01;Grand Est;C6H6;519;0;0
2021-06-01;Grand Est;SO2;2444;2852;0
2021-06-01;Grand Est;CO;0;0;720
2021-06-01;Provence-Alpes-Côte d'Azur;PM10;2793;11840;4127
2021-06-01;Provence-Alpes-Côte d'Azur;NO;0;12365;4279
2021-06-01;Provence-Alpes-Côte d'Azur;NO2;0;12365;4279
2021-06-01;Provence-Alpes-Côte d'Azur;O3;0;19717;0
2021-06-01;Provence-Alpes-Côte d'Azur;NOX as NO2;0;12365;4279
2021-06-01;Provence-Alpes-Côte d'Azur;PM2.5;2859;9301;2102
2021-06-01;Provence-Alpes-Côte d'Azur;C6H6;1929;0;0
2021-06-01;Provence-Alpes-Côte d'Azur;SO2;6907;1344;0
2021-06-01;Provence-Alpes-Côte d'Azur;CO;0;720;0
2021-06-01;Île-de-France;PM10;0;11882;5982
2021-06-01;Île-de-France;NO;0;19453;10166
2021-06-01;Île-de-France;NO2;0;19453;10158
2021-06-01;Île-de-France;O3;0;19190;0
2021-06-01;Île-de-France;NOX as NO2;0;19457;10166
2021-06-01;Île-de-France;PM2.5;0;7115;2024
2021-06-01;Île-de-France;SO2;2131;2150;0
2021-06-01;Île-de-France;CO;0;0;712
2021-06-01;Normandie;PM10;2795;10560;4197
2021-06-01;Normandie;NO;1430;8583;2998
2021-06-01;Normandie;NO2;1430;7872;4206
2021-06-01;Normandie;O3;0;15561;0
2021-06-01;Normandie;NOX as NO2;1430;7874;3005
2021-06-01;Normandie;PM2.5;0;3559;2795
2021-06-01;Normandie;C6H6;0;640;0
2021-06-01;Normandie;SO2;5019;6299;0
2021-06-01;Normandie;CO;1434;0;714
2021-06-01;Hauts-de-France;PM10;2058;17811;3053
2021-06-01;Hauts-de-France;NO;1398;16588;2831
2021-06-01;Hauts-de-France;NO2;1398;16588;2831
2021-06-01;Hauts-de-France;O3;0;19709;0
2021-06-01;Hauts-de-France;NOX as NO2;0;4543;720
2021-06-01;Hauts-de-France;PM2.5;0;6554;3644
2021-06-01;Hauts-de-France;C6H6;683;0;690
2021-06-01;Hauts-de-France;SO2;2100;2146;0
2021-06-01;Hauts-de-France;CO;695;704;716
2021-06-01;Auvergne-Rhône-Alpes;PM10;3501;30842;11192
2021-06-01;Auvergne-Rhône-Alpes;NO;1435;33790;12145
2021-06-01;Auvergne-Rhône-Alpes;NO2;1435;33782;12134
2021-06-01;Auvergne-Rhône-Alpes;O3;0;35512;0
2021-06-01;Auvergne-Rhône-Alpes;NOX as NO2;0;2396;0
2021-06-01;Auvergne-Rhône-Alpes;PM2.5;0;18571;3573
2021-06-01;Auvergne-Rhône-Alpes;C6H6;1375;0;0
2021-06-01;Auvergne-Rhône-Alpes;SO2;2108;1926;0
2021-06-01;Auvergne-Rhône-Alpes;CO;0;0;715
2021-06-01;Occitanie;PM10;3387;9695;2807
2021-06-01;Occitanie;NO;1440;10254;2136
2021-06-01;Occitanie;NO2;1440;10275;3517
2021-06-01;Occitanie;O3;0;14894;0
2021-06-01;Occitanie;NOX as NO2;1440;4137;1429
2021-06-01;Occitanie;PM2.5;720;6256;2094
2021-06-01;Occitanie;SO2;1425;0;0
2021-06-01;Nouvelle-Aquitaine;PM10;2115;16355;7166
2021-06-01;Nouvelle-Aquitaine;NO;2854;16618;7127
2021-06-01;Nouvelle-Aquitaine;NO2;2854;16580;7127
2021-06-01;Nouvelle-Aquitaine;O3;0;17959;0
2021-06-01;Nouvelle-Aquitaine;NOX as NO2;2854;16610;7127
2021-06-01;Nouvelle-Aquitaine;PM2.5;710;8064;2095
2021-06-01;Nouvelle-Aquitaine;SO2;7049;662;0
2021-06-01;Nouvelle-Aquitaine;CO;0;683;0
2021-06-01;Bretagne;PM10;0;4921;1998
2021-06-01;Bretagne;NO;0;5612;2577
2021-06-01;Bretagne;NO2;0;5616;2577
2021-06-01;Bretagne;O3;0;7009;0
2021-06-01;Bretagne;NOX as NO2;0;719;0
2021-06-01;Bretagne;PM2.5;0;4239;699
2021-06-01;Pays de la Loire;PM10;3498;6360;6
2021-06-01;Pays de la Loire;NO;4937;9920;43
2021-06-01;Pays de la Loire;NO2;4937;9920;43
2021-06-01;Pays de la Loire;O3;0;9305;0
2021-06-01;Pays de la Loire;NOX as NO2;0;1410;0
2021-06-01;Pays de la Loire;PM2.5;1400;3654;10
2021-06-01;Pays de la Loire;SO2;6460;686;0
2021-06-01;Pays de la Loire;CO;0;0;10
2021-06-01;Bourgogne-Franche-Comté;PM10;713;10622;2103
2021-06-01;Bourgogne-Franche-Comté;NO;1030;7535;3571
2021-06-01;Bourgogne-Franche-Comté;NO2;1030;7535;3571
2021-06-01;Bourgogne-Franche-Comté;O3;0;12107;0
2021-06-01;Bourgogne-Franche-Comté;NOX as NO2;1030;7535;3571
2021-06-01;Bourgogne-Franche-Comté;PM2.5;0;4802;2105
2021-06-01;Bourgogne-Franche-Comté;SO2;2125;0;0
2021-06-01;Centre-Val de Loire;PM10;0;6305;2809
2021-06-01;Centre-Val de Loire;NO;0;7117;5717
2021-06-01;Centre-Val de Loire;NO2;0;7117;5717
2021-06-01;Centre-Val de Loire;O3;0;10009;0
2021-06-01;Centre-Val de Loire;NOX as NO2;0;7117;5716
2021-06-01;Centre-Val de Loire;PM2.5;0;7021;3503
2021-06-01;Centre-Val de Loire;CO;0;0;716
2021-06-01;Guadeloupe;PM10;0;2127;312
2021-06-01;Guadeloupe;NO;0;2122;342
2021-06-01;Guadeloupe;NO2;0;2153;342
2021-06-01;Guadeloupe;O3;0;2159;0
2021-06-01;Guadeloupe;NOX as NO2;0;2120;342
2021-06-01;Guadeloupe;PM2.5;0;720;0
2021-06-01;Guadeloupe;SO2;0;720;0
2021-06-01;La Réunion;PM10;0;2731;1361
2021-06-01;La Réunion;NO;0;2134;2125
2021-06-01;La Réunion;NO2;0;2134;2125
2021-06-01;La Réunion;O3;0;2129;0
2021-06-01;La Réunion;NOX as NO2;0;1423;2125
2021-06-01;La Réunion;PM2.5;0;1298;708
2021-06-01;La Réunion;SO2;708;2016;0
2021-06-01;La Réunion;CO;0;0;716
2021-06-01;Martinique;PM10;0;3302;514
2021-06-01;Martinique;NO;0;1752;720
2021-06-01;Martinique;NO2;0;1926;720
2021-06-01;Martinique;O3;0;2422;0
2021-06-01;Martinique;NOX as NO2;0;1830;720
2021-06-01;Martinique;PM2.5;0;2155;0
2021-06-01;Martinique;SO2;719;0;0
2021-06-01;Guyane;PM10;0;2026;0
2021-06-01;Guyane;NO;0;1366;714
2021-06-01;Guyane;NO2;0;1366;714
2021-06-01;Guyane;O3;0;2098;0
2021-06-01;Guyane;NOX as NO2;0;0;714
2021-06-01;Guyane;PM2.5;0;710;0
2021-06-01;Corse;PM10;1418;2134;1392
2021-06-01;Corse;NO;1419;3315;1394
2021-06-01;Corse;NO2;1419;3316;1393
2021-06-01;Corse;O3;1418;3544;0
2021-06-01;Corse;NOX as NO2;1419;3315;1394
2021-06-01;Corse;PM2.5;0;2841;0
2021-06-01;Corse;SO2;0;1435;1394
2021-06-01;Corse;CO;0;0;705
2021-06-01;Mayotte;PM10;0;0;706
2021-06-01;Mayotte;NO;0;0;710
2021-06-01;Mayotte;NO2;0;0;710
2021-06-01;Mayotte;O3;0;0;713
2021-06-01;Mayotte;NOX as NO2;0;0;710
2021-06-01;Mayotte;SO2;0;0;607
2021-06-01;Mayotte;CO;0;0;165
2021-07-01;Grand Est;PM10;4267;17347;4415
2021-07-01;Grand Est;NO;2659;20251;7350
2021-07-01;Grand Est;NO2;2659;20258;7159
2021-07-01;Grand Est;O3;0;19903;0
2021-07-01;Grand Est;NOX as NO2;2659;20265;6621
2021-07-01;Grand Est;PM2.5;0;9227;3533
2021-07-01;Grand Est;C6H6;240;0;0
2021-07-01;Grand Est;SO2;2925;2918;0
2021-07-01;Grand Est;CO;0;0;742
2021-07-01;Provence-Alpes-Côte d'Azur;PM10;2967;12787;4400
2021-07-01;Provence-Alpes-Côte d'Azur;NO;0;13269;4383
2021-07-01;Provence-Alpes-Côte d'Azur;NO2;0;13269;4383
2021-07-01;Provence-Alpes-Côte d'Azur;O3;0;20135;0
2021-07-01;Provence-Alpes-Côte d'Azur;NOX as NO2;0;13269;4383
2021-07-01;Provence-Alpes-Côte d'Azur;PM2.5;2958;9387;2226
2021-07-01;Provence-Alpes-Côte d'Azur;C6H6;2119;0;0
2021-07-01;Provence-Alpes-Côte d'Azur;SO2;7248;1266;0
2021-07-01;Provence-Alpes-Côte d'Azur;CO;0;736;0
2021-07-01;Île-de-France;PM10;0;12081;5599
2021-07-01;Île-de-France;NO;0;18501;10741
2021-07-01;Île-de-France;NO2;0;18501;10733
2021-07-01;Île-de-France;O3;0;19798;0
2021-07-01;Île-de-France;NOX as NO2;0;18642;10741
2021-07-01;Île-de-France;PM2.5;0;7260;2138
2021-07-01;Île-de-France;SO2;2180;2186;0
2021-07-01;Île-de-France;CO;0;0;743
2021-07-01;Normandie;PM10;2813;10627;4399
2021-07-01;Normandie;NO;1461;8754;2629
2021-07-01;Normandie;NO2;1463;8607;4115
2021-07-01;Normandie;O3;0;16210;0
2021-07-01;Normandie;NOX as NO2;1463;8607;2629
2021-07-01;Normandie;PM2.5;0;3695;2908
2021-07-01;Normandie;C6H6;0;658;0
2021-07-01;Normandie;SO2;5128;6537;0
2021-07-01;Normandie;CO;1239;0;742
2021-07-01;Hauts-de-France;PM10;2119;18076;3592
2021-07-01;Hauts-de-France;NO;1488;17056;2869
2021-07-01;Hauts-de-France;NO2;1488;17056;2868
2021-07-01;Hauts-de-France;O3;0;18697;0
2021-07-01;Hauts-de-France;NOX as NO2;0;5171;740
2021-07-01;Hauts-de-France;PM2.5;0;6956;4058
2021-07-01;Hauts-de-France;C6H6;740;0;534
2021-07-01;Hauts-de-France;SO2;2100;2192;0
2021-07-01;Hauts-de-France;CO;738;0;716
2021-07-01;Auvergne-Rhône-Alpes;PM10;3584;30457;11071
2021-07-01;Auvergne-Rhône-Alpes;NO;1476;35299;12424
2021-07-01;Auvergne-Rhône-Alpes;NO2;1476;35299;12421
2021-07-01;Auvergne-Rhône-Alpes;O3;0;36517;0
2021-07-01;Auvergne-Rhône-Alpes;NOX as NO2;0;2147;0
2021-07-01;Auvergne-Rhône-Alpes;PM2.5;0;18800;3592
2021-07-01;Auvergne-Rhône-Alpes;C6H6;1448;0;0
2021-07-01;Auvergne-Rhône-Alpes;SO2;2015;2133;0
2021-07-01;Auvergne-Rhône-Alpes;CO;0;0;736
2021-07-01;Occitanie;PM10;3452;10183;2850
2021-07-01;Occitanie;NO;1447;10895;2211
2021-07-01;Occitanie;NO2;1448;10896;3682
2021-07-01;Occitanie;O3;0;15468;0
2021-07-01;Occitanie;NOX as NO2;1447;4378;1477
2021-07-01;Occitanie;PM2.5;691;6609;2088
2021-07-01;Occitanie;SO2;1485;0;0
2021-07-01;Nouvelle-Aquitaine;PM10;1952;17396;7112
2021-07-01;Nouvelle-Aquitaine;NO;2771;17490;7123
2021-07-01;Nouvelle-Aquitaine;NO2;2771;17485;7123
2021-07-01;Nouvelle-Aquitaine;O3;0;19831;0
2021-07-01;Nouvelle-Aquitaine;NOX as NO2;2771;17491;7123
2021-07-01;Nouvelle-Aquitaine;PM2.5;734;8794;1965
2021-07-01;Nouvelle-Aquitaine;SO2;7400;742;0
2021-07-01;Nouvelle-Aquitaine;CO;0;743;0
2021-07-01;Bretagne;PM10;0;5069;2221
2021-07-01;Bretagne;NO;0;5880;2955
2021-07-01;Bretagne;NO2;0;5881;2955
2021-07-01;Bretagne;O3;0;7296;0
2021-07-01;Bretagne;NOX as NO2;0;744;0
2021-07-01;Bretagne;PM2.5;0;4399;735
2021-07-01;Pays de la Loire;PM10;3731;6631;0
2021-07-01;Pays de la Loire;NO;4799;10344;741
2021-07-01;Pays de la Loire;NO2;4799;10344;742
2021-07-01;Pays de la Loire;O3;0;9659;0
2021-07-01;Pays de la Loire;NOX as NO2;0;1477;0
2021-07-01;Pays de la Loire;PM2.5;1528;3576;0
2021-07-01;Pays de la Loire;SO2;6325;738;0
2021-07-01;Bourgogne-Franche-Comté;PM10;736;10540;2202
2021-07-01;Bourgogne-Franche-Comté;NO;1467;8041;3708
2021-07-01;Bourgogne-Franche-Comté;NO2;1467;8041;3708
2021-07-01;Bourgogne-Franche-Comté;O3;0;12556;0
2021-07-01;Bourgogne-Franche-Comté;NOX as NO2;1467;8041;3708
2021-07-01;Bourgogne-Franche-Comté;PM2.5;0;4929;2199
2021-07-01;Bourgogne-Franche-Comté;SO2;2176;0;0
2021-07-01;Centre-Val de Loire;PM10;0;6652;2925
2021-07-01;Centre-Val de Loire;NO;0;7255;5892
2021-07-01;Centre-Val de Loire;NO2;0;7255;5892
2021-07-01;Centre-Val de Loire;O3;0;10388;0
2021-07-01;Centre-Val de Loire;NOX as NO2;0;7255;5892
2021-07-01;Centre-Val de Loire;PM2.5;0;7392;3688
2021-07-01;Centre-Val de Loire;CO;0;0;744
2021-07-01;Guadeloupe;PM10;0;2208;0
2021-07-01;Guadeloupe;NO;0;2226;0
2021-07-01;Guadeloupe;NO2;0;2226;0
2021-07-01;Guadeloupe;O3;0;2226;0
2021-07-01;Guadeloupe;NOX as NO2;0;2226;0
2021-07-01;Guadeloupe;PM2.5;0;730;0
2021-07-01;Guadeloupe;SO2;0;744;0
2021-07-01;La Réunion;PM10;0;2305;1384
2021-07-01;La Réunion;NO;0;1566;2192
2021-07-01;La Réunion;NO2;0;1566;2192
2021-07-01;La Réunion;O3;0;1566;0
2021-07-01;La Réunion;NOX as NO2;0;831;2190
2021-07-01;La Réunion;PM2.5;0;1470;733
2021-07-01;La Réunion;SO2;728;2199;0
2021-07-01;La Réunion;CO;0;0;740
2021-07-01;Martinique;PM10;0;2924;730
2021-07-01;Martinique;NO;0;2071;694
2021-07-01;Martinique;NO2;0;1965;694
2021-07-01;Martinique;O3;0;2506;0
2021-07-01;Martinique;NOX as NO2;0;1946;694
2021-07-01;Martinique;PM2.5;0;2168;0
2021-07-01;Martinique;SO2;741;0;0
2021-07-01;Guyane;PM10;0;1927;0
2021-07-01;Guyane;NO;0;1354;734
2021-07-01;Guyane;NO2;0;1354;734
2021-07-01;Guyane;O3;0;1717;0
2021-07-01;Guyane;NOX as NO2;0;0;734
2021-07-01;Guyane;PM2.5;0;719;0
2021-07-01;Corse;PM10;1410;2219;1483
2021-07-01;Corse;NO;1378;3664;1467
2021-07-01;Corse;NO2;1378;3664;1467
2021-07-01;Corse;O3;1426;3637;0
2021-07-01;Corse;NOX as NO2;1378;3664;1467
2021-07-01;Corse;PM2.5;0;2921;0
2021-07-01;Corse;SO2;0;1482;1385
2021-07-01;Corse;CO;0;0;724
2021-07-01;Mayotte;PM10;0;0;738
2021-07-01;Mayotte;NO;0;0;732
2021-07-01;Mayotte;NO2;0;0;732
2021-07-01;Mayotte;O3;0;0;734
2021-07-01;Mayotte;NOX as NO2;0;0;732
2021-07-01;Mayotte;SO2;0;0;728
2021-07-01;Mayotte;CO;0;0;13
2021-08-01;Grand Est;PM10;4432;17517;4365
2021-08-01;Grand Est;NO;2859;21822;7308
2021-08-01;Grand Est;NO2;2860;21822;7308
2021-08-01;Grand Est;O3;0;20543;0
2021-08-01;Grand Est;NOX as NO2;2860;21832;6577
2021-08-01;Grand Est;PM2.5;0;9042;3630
2021-08-01;Grand Est;C6H6;543;0;0
2021-08-01;Grand Est;SO2;2910;2944;0
2021-08-01;Grand Est;CO;0;0;744
2021-08-01;Provence-Alpes-Côte d'Azur;PM10;2976;13125;4445
2021-08-01;Provence-Alpes-Côte d'Azur;NO;0;13181;4459
2021-08-01;Provence-Alpes-Côte d'Azur;NO2;0;13181;4459
2021-08-01;Provence-Alpes-Côte d'Azur;O3;0;20475;0
2021-08-01;Provence-Alpes-Côte d'Azur;NOX as NO2;0;13181;4459
2021-08-01;Provence-Alpes-Côte d'Azur;PM2.5;2967;9566;2221
2021-08-01;Provence-Alpes-Côte d'Azur;C6H6;2067;0;0
2021-08-01;Provence-Alpes-Côte d'Azur;SO2;7271;1383;0
2021-08-01;Provence-Alpes-Côte d'Azur;CO;0;744;0
2021-08-01;Île-de-France;PM10;0;11945;5915
2021-08-01;Île-de-France;NO;0;21266;10821
2021-08-01;Île-de-France;NO2;0;21266;10817
2021-08-01;Île-de-France;O3;0;19633;0
2021-08-01;Île-de-France;NOX as NO2;0;21275;10765
2021-08-01;Île-de-France;PM2.5;0;7165;2041
2021-08-01;Île-de-France;SO2;2045;2189;0
2021-08-01;Île-de-France;CO;0;0;741
2021-08-01;Normandie;PM10;2769;11067;4377
2021-08-01;Normandie;NO;1487;8889;2902
2021-08-01;Normandie;NO2;1487;8889;4385
2021-08-01;Normandie;O3;0;16084;0
2021-08-01;Normandie;NOX as NO2;1487;8889;2902
2021-08-01;Normandie;PM2.5;0;3706;2937
2021-08-01;Normandie;C6H6;0;514;0
2021-08-01;Normandie;SO2;5197;6601;0
2021-08-01;Normandie;CO;1209;0;740
2021-08-01;Hauts-de-France;PM10;2155;18476;3324
2021-08-01;Hauts-de-France;NO;1483;16843;2958
2021-08-01;Hauts-de-France;NO2;1483;16842;2958
2021-08-01;Hauts-de-France;O3;0;19055;0
2021-08-01;Hauts-de-France;NOX as NO2;0;4819;736
2021-08-01;Hauts-de-France;PM2.5;0;6207;4146
2021-08-01;Hauts-de-France;C6H6;738;0;736
2021-08-01;Hauts-de-France;SO2;2057;2201;0
2021-08-01;Hauts-de-France;CO;732;0;739
2021-08-01;Auvergne-Rhône-Alpes;PM10;3540;30705;11643
2021-08-01;Auvergne-Rhône-Alpes;NO;1479;34184;12461
2021-08-01;Auvergne-Rhône-Alpes;NO2;1479;34184;12461
2021-08-01;Auvergne-Rhône-Alpes;O3;0;36491;0
2021-08-01;Auvergne-Rhône-Alpes;NOX as NO2;0;2210;0
2021-08-01;Auvergne-Rhône-Alpes;PM2.5;0;18979;3700
2021-08-01;Auvergne-Rhône-Alpes;C6H6;1313;0;0
2021-08-01;Auvergne-Rhône-Alpes;SO2;2074;2056;0
2021-08-01;Auvergne-Rhône-Alpes;CO;0;0;740
2021-08-01;Occitanie;PM10;3638;10344;2890
2021-08-01;Occitanie;NO;1488;10964;2193
2021-08-01;Occitanie;NO2;1488;10964;3671
2021-08-01;Occitanie;O3;0;15303;0
2021-08-01;Occitanie;NOX as NO2;1488;4322;1460
2021-08-01;Occitanie;PM2.5;744;6595;2154
2021-08-01;Occitanie;SO2;1482;0;0
2021-08-01;Nouvelle-Aquitaine;PM10;2189;17143;7012
2021-08-01;Nouvelle-Aquitaine;NO;2966;17458;6931
2021-08-01;Nouvelle-Aquitaine;NO2;2965;17458;6930
2021-08-01;Nouvelle-Aquitaine;O3;0;19371;0
2021-08-01;Nouvelle-Aquitaine;NOX as NO2;2966;17457;6931
2021-08-01;Nouvelle-Aquitaine;PM2.5;736;8849;1843
2021-08-01;Nouvelle-Aquitaine;SO2;6967;744;0
2021-08-01;Nouvelle-Aquitaine;CO;0;741;0
2021-08-01;Bretagne;PM10;0;5068;2209
2021-08-01;Bretagne;NO;0;5688;2910
2021-08-01;Bretagne;NO2;0;5693;2911
2021-08-01;Bretagne;O3;0;7315;0
2021-08-01;Bretagne;NOX as NO2;0;744;0
2021-08-01;Bretagne;PM2.5;0;4362;733
2021-08-01;Pays de la Loire;PM10;3395;6687;0
2021-08-01;Pays de la Loire;NO;4468;10369;743
2021-08-01;Pays de la Loire;NO2;4468;10369;743
2021-08-01;Pays de la Loire;O3;0;9652;0
2021-08-01;Pays de la Loire;NOX as NO2;0;1485;0
2021-08-01;Pays de la Loire;PM2.5;1497;3626;0
2021-08-01;Pays de la Loire;SO2;5925;732;0
2021-08-01;Bourgogne-Franche-Comté;PM10;728;10940;2222
2021-08-01;Bourgogne-Franche-Comté;NO;1426;7803;3708
2021-08-01;Bourgogne-Franche-Comté;NO2;1426;7803;3708
2021-08-01;Bourgogne-Franche-Comté;O3;0;12453;0
2021-08-01;Bourgogne-Franche-Comté;NOX as NO2;1426;7803;3708
2021-08-01;Bourgogne-Franche-Comté;PM2.5;0;5106;2225
2021-08-01;Bourgogne-Franche-Comté;SO2;2141;0;0
2021-08-01;Centre-Val de Loire;PM10;0;6683;2852
2021-08-01;Centre-Val de Loire;NO;0;7425;5926
2021-08-01;Centre-Val de Loire;NO2;0;7425;5916
2021-08-01;Centre-Val de Loire;O3;0;10398;0
2021-08-01;Centre-Val de Loire;NOX as NO2;0;7426;5916
2021-08-01;Centre-Val de Loire;PM2.5;0;7424;3635
2021-08-01;Centre-Val de Loire;CO;0;0;741
2021-08-01;Guadeloupe;PM10;0;2135;0
2021-08-01;Guadeloupe;NO;0;2019;0
2021-08-01;Guadeloupe;NO2;0;2019;0
2021-08-01;Guadeloupe;O3;0;2183;0
2021-08-01;Guadeloupe;NOX as NO2;0;2019;0
2021-08-01;Guadeloupe;PM2.5;0;720;0
2021-08-01;Guadeloupe;SO2;0;722;0
2021-08-01;La Réunion;PM10;0;2121;1423
2021-08-01;La Réunion;NO;0;1470;2163
2021-08-01;La Réunion;NO2;0;1470;2163
2021-08-01;La Réunion;O3;0;1470;0
2021-08-01;La Réunion;NOX as NO2;0;733;2163
2021-08-01;La Réunion;PM2.5;0;1355;721
2021-08-01;La Réunion;SO2;711;2113;0
2021-08-01;La Réunion;CO;0;0;743
2021-08-01;Martinique;PM10;0;3440;733
2021-08-01;Martinique;NO;0;2451;685
2021-08-01;Martinique;NO2;0;2479;669
2021-08-01;Martinique;O3;0;2686;0
2021-08-01;Martinique;NOX as NO2;0;2502;684
2021-08-01;Martinique;PM2.5;0;2093;0
2021-08-01;Martinique;SO2;741;0;0
2021-08-01;Guyane;PM10;0;1994;0
2021-08-01;Guyane;NO;0;1414;738
2021-08-01;Guyane;NO2;0;1413;738
2021-08-01;Guyane;O3;0;2126;0
2021-08-01;Guyane;NOX as NO2;0;0;738
2021-08-01;Guyane;PM2.5;0;578;0
2021-08-01;Corse;PM10;1386;1951;1483
2021-08-01;Corse;NO;1487;3608;1488
2021-08-01;Corse;NO2;1486;3608;1487
2021-08-01;Corse;O3;1484;3431;0
2021-08-01;Corse;NOX as NO2;1487;3608;1488
2021-08-01;Corse;PM2.5;0;2535;0
2021-08-01;Corse;SO2;0;1485;1488
2021-08-01;Corse;CO;0;0;733
2021-08-01;Mayotte;PM10;0;0;742
2021-08-01;Mayotte;NO;0;0;406
2021-08-01;Mayotte;NO2;0;0;406
2021-08-01;Mayotte;O3;0;0;736
2021-08-01;Mayotte;NOX as NO2;0;0;406
2021-08-01;Mayotte;SO2;0;0;708
2021-09-01;Grand Est;PM10;3493;16868;4278
2021-09-01;Grand Est;NO;2742;21029;7055
2021-09-01;Grand Est;NO2;2779;21030;7055
2021-09-01;Grand Est;O3;0;18944;0
2021-09-01;Grand Est;NOX as NO2;2779;21031;6349
2021-09-01;Grand Est;PM2.5;0;9025;3396
2021-09-01;Grand Est;C6H6;225;0;0
2021-09-01;Grand Est;SO2;2695;2834;0
2021-09-01;Grand Est;CO;0;0;720
2021-09-01;Provence-Alpes-Côte d'Azur;PM10;2817;12719;4310
2021-09-01;Provence-Alpes-Côte d'Azur;NO;0;12791;4289
2021-09-01;Provence-Alpes-Côte d'Azur;NO2;0;12791;4289
2021-09-01;Provence-Alpes-Côte d'Azur;O3;0;19739;0
2021-09-01;Provence-Alpes-Côte d'Azur;NOX as NO2;0;12791;4289
2021-09-01;Provence-Alpes-Côte d'Azur;PM2.5;2861;9216;2150
2021-09-01;Provence-Alpes-Côte d'Azur;C6H6;1946;0;0
2021-09-01;Provence-Alpes-Côte d'Azur;SO2;6955;1344;0
2021-09-01;Provence-Alpes-Côte d'Azur;CO;0;694;0
2021-09-01;Île-de-France;PM10;0;11254;5756
2021-09-01;Île-de-France;NO;0;20224;9990
2021-09-01;Île-de-France;NO2;0;20224;9983
2021-09-01;Île-de-France;O3;0;19105;0
2021-09-01;Île-de-France;NOX as NO2;0;20224;9990
2021-09-01;Île-de-France;PM2.5;0;6971;2082
2021-09-01;Île-de-France;SO2;2043;2075;0
2021-09-01;Île-de-France;CO;0;0;707
2021-09-01;Normandie;PM10;2782;10412;4232
2021-09-01;Normandie;NO;1432;8597;2855
2021-09-01;Normandie;NO2;1431;8597;4274
2021-09-01;Normandie;O3;0;15627;0
2021-09-01;Normandie;NOX as NO2;1432;8597;2855
2021-09-01;Normandie;PM2.5;0;3588;2801
2021-09-01;Normandie;C6H6;0;140;0
2021-09-01;Normandie;SO2;4978;6391;0
2021-09-01;Normandie;CO;1439;0;715
2021-09-01;Hauts-de-France;PM10;2063;17996;3107
2021-09-01;Hauts-de-France;NO;1422;17078;2873
2021-09-01;Hauts-de-France;NO2;1422;17075;2873
2021-09-01;Hauts-de-France;O3;0;18999;0
2021-09-01;Hauts-de-France;NOX as NO2;0;4944;720
2021-09-01;Hauts-de-France;PM2.5;0;5877;3988
2021-09-01;Hauts-de-France;C6H6;604;0;656
2021-09-01;Hauts-de-France;SO2;2110;2090;0
2021-09-01;Hauts-de-France;CO;701;0;719
2021-09-01;Auvergne-Rhône-Alpes;PM10;3512;29265;10936
2021-09-01;Auvergne-Rhône-Alpes;NO;1434;33396;11861
2021-09-01;Auvergne-Rhône-Alpes;NO2;1434;33377;11861
2021-09-01;Auvergne-Rhône-Alpes;O3;0;36014;0
2021-09-01;Auvergne-Rhône-Alpes;NOX as NO2;0;1926;0
2021-09-01;Auvergne-Rhône-Alpes;PM2.5;0;17906;3388
2021-09-01;Auvergne-Rhône-Alpes;C6H6;1267;0;0
2021-09-01;Auvergne-Rhône-Alpes;SO2;2125;2057;0
2021-09-01;Auvergne-Rhône-Alpes;CO;0;0;710
2021-09-01;Occitanie;PM10;3540;9777;2763
2021-09-01;Occitanie;NO;1419;10396;2128
2021-09-01;Occitanie;NO2;1419;10393;3522
2021-09-01;Occitanie;O3;0;14933;0
2021-09-01;Occitanie;NOX as NO2;1419;4133;1418
2021-09-01;Occitanie;PM2.5;715;6376;2117
2021-09-01;Occitanie;SO2;1424;0;0
2021-09-01;Nouvelle-Aquitaine;PM10;2143;16671;7167
2021-09-01;Nouvelle-Aquitaine;NO;2840;16783;7165
2021-09-01;Nouvelle-Aquitaine;NO2;2840;16783;7165
2021-09-01;Nouvelle-Aquitaine;O3;0;18806;0
2021-09-01;Nouvelle-Aquitaine;NOX as NO2;2840;16783;7165
2021-09-01;Nouvelle-Aquitaine;PM2.5;711;8596;2148
2021-09-01;Nouvelle-Aquitaine;SO2;6607;717;0
2021-09-01;Nouvelle-Aquitaine;CO;0;717;0
2021-09-01;Bretagne;PM10;0;4928;2153
2021-09-01;Bretagne;NO;0;5581;2453
2021-09-01;Bretagne;NO2;0;5586;2454
2021-09-01;Bretagne;O3;0;7090;0
2021-09-01;Bretagne;NOX as NO2;0;720;0
2021-09-01;Bretagne;PM2.5;0;4214;720
2021-09-01;Pays de la Loire;PM10;2707;5782;0
2021-09-01;Pays de la Loire;NO;4303;9862;720
2021-09-01;Pays de la Loire;NO2;4303;9862;720
2021-09-01;Pays de la Loire;O3;0;9186;0
2021-09-01;Pays de la Loire;NOX as NO2;0;1258;0
2021-09-01;Pays de la Loire;PM2.5;1392;3333;0
2021-09-01;Pays de la Loire;SO2;5734;717;0
2021-09-01;Bourgogne-Franche-Comté;PM10;711;10551;2152
2021-09-01;Bourgogne-Franche-Comté;NO;1429;7677;3555
2021-09-01;Bourgogne-Franche-Comté;NO2;1429;7677;3555
2021-09-01;Bourgogne-Franche-Comté;O3;0;12029;0
2021-09-01;Bourgogne-Franche-Comté;NOX as NO2;1429;7677;3555
2021-09-01;Bourgogne-Franche-Comté;PM2.5;0;4998;2102
2021-09-01;Bourgogne-Franche-Comté;SO2;2070;0;0
2021-09-01;Centre-Val de Loire;PM10;0;6475;2638
2021-09-01;Centre-Val de Loire;NO;0;7137;5705
2021-09-01;Centre-Val de Loire;NO2;0;7144;5705
2021-09-01;Centre-Val de Loire;O3;0;10007;0
2021-09-01;Centre-Val de Loire;NOX as NO2;0;7144;5705
2021-09-01;Centre-Val de Loire;PM2.5;0;7189;3564
2021-09-01;Centre-Val de Loire;CO;0;0;720
2021-09-01;Guadeloupe;PM10;0;1868;0
2021-09-01;Guadeloupe;NO;0;1876;0
2021-09-01;Guadeloupe;NO2;0;1876;0
2021-09-01;Guadeloupe;O3;0;1873;0
2021-09-01;Guadeloupe;NOX as NO2;0;1876;0
2021-09-01;Guadeloupe;PM2.5;0;448;0
2021-09-01;Guadeloupe;SO2;0;692;0
2021-09-01;La Réunion;PM10;0;2140;1355
2021-09-01;La Réunion;NO;0;1425;2124
2021-09-01;La Réunion;NO2;0;1425;2124
2021-09-01;La Réunion;O3;0;1412;0
2021-09-01;La Réunion;NOX as NO2;0;713;2124
2021-09-01;La Réunion;PM2.5;0;1419;701
2021-09-01;La Réunion;SO2;680;2109;0
2021-09-01;La Réunion;CO;0;0;719
2021-09-01;Martinique;PM10;0;2889;711
2021-09-01;Martinique;NO;0;2337;337
2021-09-01;Martinique;NO2;0;2343;332
2021-09-01;Martinique;O3;0;2229;0
2021-09-01;Martinique;NOX as NO2;0;2343;337
2021-09-01;Martinique;PM2.5;0;2140;0
2021-09-01;Martinique;SO2;711;0;0
2021-09-01;Guyane;PM10;0;1826;0
2021-09-01;Guyane;NO;0;1551;717
2021-09-01;Guyane;NO2;0;1551;717
2021-09-01;Guyane;O3;0;2330;0
2021-09-01;Guyane;NOX as NO2;0;0;717
2021-09-01;Guyane;SO2;0;344;0
2021-09-01;Corse;PM10;1356;2142;1427
2021-09-01;Corse;NO;1348;3578;1432
2021-09-01;Corse;NO2;1349;3578;1431
2021-09-01;Corse;O3;1369;3025;0
2021-09-01;Corse;NOX as NO2;1349;3578;1432
2021-09-01;Corse;PM2.5;0;2856;0
2021-09-01;Corse;SO2;0;1433;1434
2021-09-01;Corse;CO;0;0;569
2021-09-01;Mayotte;PM10;0;0;718
2021-09-01;Mayotte;NO;0;0;338
2021-09-01;Mayotte;NO2;0;0;338
2021-09-01;Mayotte;O3;0;0;712
2021-09-01;Mayotte;NOX as NO2;0;0;338
2021-09-01;Mayotte;SO2;0;0;648
2021-10-01;Grand Est;PM10;4418;17861;4437
2021-10-01;Grand Est;NO;2895;21831;7313
2021-10-01;Grand Est;NO2;2895;21831;7312
2021-10-01;Grand Est;O3;0;19174;0
2021-10-01;Grand Est;NOX as NO2;2895;21831;6594
2021-10-01;Grand Est;PM2.5;0;9384;3701
2021-10-01;Grand Est;SO2;2905;2948;0
2021-10-01;Grand Est;CO;0;0;742
2021-10-01;Provence-Alpes-Côte d'Azur;PM10;2972;13209;4452
2021-10-01;Provence-Alpes-Côte d'Azur;NO;0;13187;4433
2021-10-01;Provence-Alpes-Côte d'Azur;NO2;0;13187;4433
2021-10-01;Provence-Alpes-Côte d'Azur;O3;0;20266;0
2021-10-01;Provence-Alpes-Côte d'Azur;NOX as NO2;0;13187;4433
2021-10-01;Provence-Alpes-Côte d'Azur;PM2.5;2971;9518;2224
2021-10-01;Provence-Alpes-Côte d'Azur;C6H6;2036;0;0
2021-10-01;Provence-Alpes-Côte d'Azur;SO2;6961;1416;0
2021-10-01;Provence-Alpes-Côte d'Azur;CO;0;742;0
2021-10-01;Île-de-France;PM10;0;12320;6237
2021-10-01;Île-de-France;NO;0;21039;10859
2021-10-01;Île-de-France;NO2;0;21039;10852
2021-10-01;Île-de-France;O3;0;19901;0
2021-10-01;Île-de-France;NOX as NO2;0;21040;10859
2021-10-01;Île-de-France;PM2.5;0;7286;2773
2021-10-01;Île-de-France;SO2;2102;2193;0
2021-10-01;Île-de-France;CO;0;0;742
2021-10-01;Normandie;PM10;2917;10482;4438
2021-10-01;Normandie;NO;1468;8838;2968
2021-10-01;Normandie;NO2;1468;8838;4450
2021-10-01;Normandie;O3;0;15727;0
2021-10-01;Normandie;NOX as NO2;1468;8835;2968
2021-10-01;Normandie;PM2.5;0;3587;2952
2021-10-01;Normandie;C6H6;0;645;0
2021-10-01;Normandie;SO2;5065;6623;0
2021-10-01;Normandie;CO;1472;0;715
2021-10-01;Hauts-de-France;PM10;2140;17658;3492
2021-10-01;Hauts-de-France;NO;1484;17139;2785
2021-10-01;Hauts-de-France;NO2;1484;17134;2785
2021-10-01;Hauts-de-France;O3;0;18911;0
2021-10-01;Hauts-de-France;NOX as NO2;0;4988;736
2021-10-01;Hauts-de-France;PM2.5;0;6410;3970
2021-10-01;Hauts-de-France;C6H6;740;0;509
2021-10-01;Hauts-de-France;SO2;2204;2054;0
2021-10-01;Hauts-de-France;CO;735;59;741
2021-10-01;Auvergne-Rhône-Alpes;PM10;3563;31146;10765
2021-10-01;Auvergne-Rhône-Alpes;NO;1482;34446;12028
2021-10-01;Auvergne-Rhône-Alpes;NO2;1482;34444;12027
2021-10-01;Auvergne-Rhône-Alpes;O3;0;37021;0
2021-10-01;Auvergne-Rhône-Alpes;NOX as NO2;0;2216;0
2021-10-01;Auvergne-Rhône-Alpes;PM2.5;0;18984;3556
2021-10-01;Auvergne-Rhône-Alpes;C6H6;1466;0;0
2021-10-01;Auvergne-Rhône-Alpes;SO2;2186;2114;0
2021-10-01;Auvergne-Rhône-Alpes;CO;0;0;740
2021-10-01;Occitanie;PM10;3596;10281;2765
2021-10-01;Occitanie;NO;1401;10575;2133
2021-10-01;Occitanie;NO2;1401;10575;3577
2021-10-01;Occitanie;O3;0;15538;0
2021-10-01;Occitanie;NOX as NO2;1401;3917;1475
2021-10-01;Occitanie;PM2.5;637;6555;2149
2021-10-01;Occitanie;SO2;1462;0;0
2021-10-01;Nouvelle-Aquitaine;PM10;2173;16755;6757
2021-10-01;Nouvelle-Aquitaine;NO;2931;17131;7408
2021-10-01;Nouvelle-Aquitaine;NO2;2931;17131;7408
2021-10-01;Nouvelle-Aquitaine;O3;0;18968;0
2021-10-01;Nouvelle-Aquitaine;NOX as NO2;2931;17131;7419
2021-10-01;Nouvelle-Aquitaine;PM2.5;738;8873;2224
2021-10-01;Nouvelle-Aquitaine;SO2;6534;735;0
2021-10-01;Nouvelle-Aquitaine;CO;0;743;0
2021-10-01;Bretagne;PM10;0;5143;2037
2021-10-01;Bretagne;NO;0;5779;2711
2021-10-01;Bretagne;NO2;0;5782;2711
2021-10-01;Bretagne;O3;0;7337;0
2021-10-01;Bretagne;NOX as NO2;0;718;0
2021-10-01;Bretagne;PM2.5;0;4408;740
2021-10-01;Pays de la Loire;PM10;4713;7300;0
2021-10-01;Pays de la Loire;NO;5705;9840;744
2021-10-01;Pays de la Loire;NO2;5705;9840;744
2021-10-01;Pays de la Loire;O3;0;9652;0
2021-10-01;Pays de la Loire;NOX as NO2;0;1486;0
2021-10-01;Pays de la Loire;PM2.5;3366;4372;0
2021-10-01;Pays de la Loire;SO2;6640;741;0
2021-10-01;Bourgogne-Franche-Comté;PM10;711;10867;2218
2021-10-01;Bourgogne-Franche-Comté;NO;1479;8092;3705
2021-10-01;Bourgogne-Franche-Comté;NO2;1479;8092;3705
2021-10-01;Bourgogne-Franche-Comté;O3;0;12416;0
2021-10-01;Bourgogne-Franche-Comté;NOX as NO2;1479;8092;3705
2021-10-01;Bourgogne-Franche-Comté;PM2.5;0;5090;2226
2021-10-01;Bourgogne-Franche-Comté;SO2;2045;0;0
2021-10-01;Centre-Val de Loire;PM10;0;6674;2961
2021-10-01;Centre-Val de Loire;NO;0;7316;5864
2021-10-01;Centre-Val de Loire;NO2;0;7317;5864
2021-10-01;Centre-Val de Loire;O3;0;10261;0
2021-10-01;Centre-Val de Loire;NOX as NO2;0;7319;5865
2021-10-01;Centre-Val de Loire;PM2.5;0;7409;3628
2021-10-01;Centre-Val de Loire;CO;0;0;730
2021-10-01;Guadeloupe;PM10;0;1889;0
2021-10-01;Guadeloupe;NO;0;1908;0
2021-10-01;Guadeloupe;NO2;0;1908;0
2021-10-01;Guadeloupe;O3;0;1898;0
2021-10-01;Guadeloupe;NOX as NO2;0;1908;0
2021-10-01;Guadeloupe;PM2.5;0;353;0
2021-10-01;Guadeloupe;SO2;0;724;0
2021-10-01;La Réunion;PM10;0;2214;1445
2021-10-01;La Réunion;NO;0;1442;2203
2021-10-01;La Réunion;NO2;0;1447;2203
2021-10-01;La Réunion;O3;0;1457;0
2021-10-01;La Réunion;NOX as NO2;0;714;2203
2021-10-01;La Réunion;PM2.5;0;1479;724
2021-10-01;La Réunion;SO2;702;2143;0
2021-10-01;La Réunion;CO;0;0;741
2021-10-01;Martinique;PM10;0;3134;723
2021-10-01;Martinique;NO;0;2230;742
2021-10-01;Martinique;NO2;0;2234;741
2021-10-01;Martinique;O3;0;2556;0
2021-10-01;Martinique;NOX as NO2;0;2239;741
2021-10-01;Martinique;PM2.5;0;2068;0
2021-10-01;Martinique;SO2;596;0;0
2021-10-01;Guyane;PM10;0;1868;0
2021-10-01;Guyane;NO;0;2154;302
2021-10-01;Guyane;NO2;0;2154;302
2021-10-01;Guyane;O3;0;2885;0
2021-10-01;Guyane;NOX as NO2;0;0;302
2021-10-01;Guyane;PM2.5;0;454;0
2021-10-01;Guyane;SO2;0;684;0
2021-10-01;Corse;PM10;1328;2217;1485
2021-10-01;Corse;NO;1339;3645;1488
2021-10-01;Corse;NO2;1339;3645;1487
2021-10-01;Corse;O3;1336;3658;0
2021-10-01;Corse;NOX as NO2;1339;3645;1488
2021-10-01;Corse;PM2.5;0;2946;0
2021-10-01;Corse;SO2;0;1487;1488
2021-10-01;Corse;CO;0;0;741
2021-10-01;Mayotte;PM10;0;0;716
2021-10-01;Mayotte;NO;0;0;337
2021-10-01;Mayotte;NO2;0;0;337
2021-10-01;Mayotte;O3;0;0;737
2021-10-01;Mayotte;NOX as NO2;0;0;337
2021-10-01;Mayotte;SO2;0;0;638
2021-11-01;Grand Est;PM10;4235;17405;4291
2021-11-01;Grand Est;NO;2828;20352;7152
2021-11-01;Grand Est;NO2;2828;20352;7151
2021-11-01;Grand Est;O3;0;19390;0
2021-11-01;Grand Est;NOX as NO2;2828;20352;6440
2021-11-01;Grand Est;PM2.5;0;8828;3580
2021-11-01;Grand Est;SO2;2820;2846;0
2021-11-01;Grand Est;CO;0;0;720
2021-11-01;Provence-Alpes-Côte d'Azur;PM10;2814;12715;4231
2021-11-01;Provence-Alpes-Côte d'Azur;NO;0;12783;4309
2021-11-01;Provence-Alpes-Côte d'Azur;NO2;0;12783;4309
2021-11-01;Provence-Alpes-Côte d'Azur;O3;0;19672;0
2021-11-01;Provence-Alpes-Côte d'Azur;NOX as NO2;0;12783;4309
2021-11-01;Provence-Alpes-Côte d'Azur;PM2.5;2645;9198;2149
2021-11-01;Provence-Alpes-Côte d'Azur;C6H6;2090;0;0
2021-11-01;Provence-Alpes-Côte d'Azur;SO2;6923;1177;0
2021-11-01;Provence-Alpes-Côte d'Azur;CO;0;716;0
2021-11-01;Île-de-France;PM10;0;11968;6191
2021-11-01;Île-de-France;NO;0;20645;10709
2021-11-01;Île-de-France;NO2;0;20645;10702
2021-11-01;Île-de-France;O3;0;19326;0
2021-11-01;Île-de-France;NOX as NO2;0;20645;10710
2021-11-01;Île-de-France;PM2.5;0;6887;2813
2021-11-01;Île-de-France;SO2;2039;2148;0
2021-11-01;Île-de-France;CO;0;0;720
2021-11-01;Normandie;PM10;2837;9966;4293
2021-11-01;Normandie;NO;1433;8424;2714
2021-11-01;Normandie;NO2;1433;8424;4150
2021-11-01;Normandie;O3;0;15017;0
2021-11-01;Normandie;NOX as NO2;1433;8423;2714
2021-11-01;Normandie;PM2.5;0;3490;2860
2021-11-01;Normandie;C6H6;0;385;0
2021-11-01;Normandie;SO2;5030;6466;0
2021-11-01;Normandie;CO;1437;0;718
2021-11-01;Hauts-de-France;PM10;2056;17491;3467
2021-11-01;Hauts-de-France;NO;1371;16739;2853
2021-11-01;Hauts-de-France;NO2;1371;16738;2853
2021-11-01;Hauts-de-France;O3;0;17769;0
2021-11-01;Hauts-de-France;NOX as NO2;0;4746;717
2021-11-01;Hauts-de-France;PM2.5;0;6006;4043
2021-11-01;Hauts-de-France;C6H6;629;0;518
2021-11-01;Hauts-de-France;SO2;1989;2128;0
2021-11-01;Hauts-de-France;CO;712;697;714
2021-11-01;Auvergne-Rhône-Alpes;PM10;3553;29701;11206
2021-11-01;Auvergne-Rhône-Alpes;NO;1434;32907;11568
2021-11-01;Auvergne-Rhône-Alpes;NO2;1434;32921;11568
2021-11-01;Auvergne-Rhône-Alpes;O3;0;34297;0
2021-11-01;Auvergne-Rhône-Alpes;NOX as NO2;0;2115;0
2021-11-01;Auvergne-Rhône-Alpes;PM2.5;0;18754;3330
2021-11-01;Auvergne-Rhône-Alpes;C6H6;1336;0;0
2021-11-01;Auvergne-Rhône-Alpes;SO2;2084;2045;0
2021-11-01;Auvergne-Rhône-Alpes;CO;0;0;716
2021-11-01;Occitanie;PM10;3451;9882;2858
2021-11-01;Occitanie;NO;1440;10502;2138
2021-11-01;Occitanie;NO2;1440;10495;3563
2021-11-01;Occitanie;O3;0;14993;0
2021-11-01;Occitanie;NOX as NO2;1440;4172;1427
2021-11-01;Occitanie;PM2.5;698;6349;2044
2021-11-01;Occitanie;SO2;1433;0;0
2021-11-01;Nouvelle-Aquitaine;PM10;2149;16184;6409
2021-11-01;Nouvelle-Aquitaine;NO;2873;16342;6910
2021-11-01;Nouvelle-Aquitaine;NO2;2873;16342;6910
2021-11-01;Nouvelle-Aquitaine;O3;0;18201;0
2021-11-01;Nouvelle-Aquitaine;NOX as NO2;2873;16339;6910
2021-11-01;Nouvelle-Aquitaine;PM2.5;713;8518;2066
2021-11-01;Nouvelle-Aquitaine;SO2;6290;661;0
2021-11-01;Nouvelle-Aquitaine;CO;0;704;0
2021-11-01;Bretagne;PM10;0;4977;2030
2021-11-01;Bretagne;NO;0;5595;2737
2021-11-01;Bretagne;NO2;0;5595;2737
2021-11-01;Bretagne;O3;0;7036;0
2021-11-01;Bretagne;NOX as NO2;0;716;0
2021-11-01;Bretagne;PM2.5;0;4289;667
2021-11-01;Pays de la Loire;PM10;4933;7117;0
2021-11-01;Pays de la Loire;NO;5752;9285;717
2021-11-01;Pays de la Loire;NO2;5752;9285;717
2021-11-01;Pays de la Loire;O3;0;9157;0
2021-11-01;Pays de la Loire;NOX as NO2;0;1439;0
2021-11-01;Pays de la Loire;PM2.5;3593;4256;0
2021-11-01;Pays de la Loire;SO2;6403;715;0
2021-11-01;Bourgogne-Franche-Comté;PM10;720;10586;2138
2021-11-01;Bourgogne-Franche-Comté;NO;1440;7853;3581
2021-11-01;Bourgogne-Franche-Comté;NO2;1440;7853;3581
2021-11-01;Bourgogne-Franche-Comté;O3;0;12196;0
2021-11-01;Bourgogne-Franche-Comté;NOX as NO2;1440;7853;3581
2021-11-01;Bourgogne-Franche-Comté;PM2.5;0;4756;2086
2021-11-01;Bourgogne-Franche-Comté;SO2;1967;0;0
2021-11-01;Centre-Val de Loire;PM10;0;6065;2822
2021-11-01;Centre-Val de Loire;NO;0;6907;5612
2021-11-01;Centre-Val de Loire;NO2;0;6906;5598
2021-11-01;Centre-Val de Loire;O3;0;9701;0
2021-11-01;Centre-Val de Loire;NOX as NO2;0;6908;5612
2021-11-01;Centre-Val de Loire;PM2.5;0;6785;3589
2021-11-01;Centre-Val de Loire;CO;0;0;685
2021-11-01;Guadeloupe;PM10;0;2095;0
2021-11-01;Guadeloupe;NO;0;2084;0
2021-11-01;Guadeloupe;NO2;0;2084;0
2021-11-01;Guadeloupe;O3;0;2093;0
2021-11-01;Guadeloupe;NOX as NO2;0;2084;0
2021-11-01;Guadeloupe;SO2;0;371;0
2021-11-01;La Réunion;PM10;0;2111;1367
2021-11-01;La Réunion;NO;0;1401;2129
2021-11-01;La Réunion;NO2;0;1401;2129
2021-11-01;La Réunion;O3;0;1401;0
2021-11-01;La Réunion;NOX as NO2;0;713;2129
2021-11-01;La Réunion;PM2.5;0;1427;713
2021-11-01;La Réunion;SO2;671;2058;0
2021-11-01;La Réunion;CO;0;0;717
2021-11-01;Martinique;PM10;0;3223;650
2021-11-01;Martinique;NO;0;2365;694
2021-11-01;Martinique;NO2;0;2384;694
2021-11-01;Martinique;O3;0;2584;0
2021-11-01;Martinique;NOX as NO2;0;2359;694
2021-11-01;Martinique;PM2.5;0;2624;0
2021-11-01;Martinique;SO2;600;0;0
2021-11-01;Guyane;PM10;0;1379;0
2021-11-01;Guyane;NO;0;1510;719
2021-11-01;Guyane;NO2;0;1510;719
2021-11-01;Guyane;O3;0;2397;0
2021-11-01;Guyane;NOX as NO2;0;0;719
2021-11-01;Guyane;PM2.5;0;717;0
2021-11-01;Guyane;SO2;0;626;0
2021-11-01;Corse;PM10;1343;2090;1388
2021-11-01;Corse;NO;1368;3544;1431
2021-11-01;Corse;NO2;1368;3544;1431
2021-11-01;Corse;O3;1368;3493;0
2021-11-01;Corse;NOX as NO2;1368;3544;1431
2021-11-01;Corse;PM2.5;0;2811;0
2021-11-01;Corse;SO2;0;1438;1429
2021-11-01;Corse;CO;0;0;708
2021-11-01;Mayotte;PM10;0;0;720
2021-11-01;Mayotte;NO;0;0;346
2021-11-01;Mayotte;NO2;0;0;346
2021-11-01;Mayotte;O3;0;0;378
2021-11-01;Mayotte;NOX as NO2;0;0;346
2021-11-01;Mayotte;SO2;0;0;589
2021-12-01;Grand Est;PM10;4375;18054;4372
2021-12-01;Grand Est;NO;2931;21939;7402
2021-12-01;Grand Est;NO2;2931;21940;7402
2021-12-01;Grand Est;O3;0;20437;0
2021-12-01;Grand Est;NOX as NO2;2931;21939;6666
2021-12-01;Grand Est;PM2.5;0;9306;3591
2021-12-01;Grand Est;SO2;2928;2892;0
2021-12-01;Grand Est;CO;0;0;744
2021-12-01;Provence-Alpes-Côte d'Azur;PM10;3333;12821;4369
2021-12-01;Provence-Alpes-Côte d'Azur;NO;0;13202;4432
2021-12-01;Provence-Alpes-Côte d'Azur;NO2;0;13202;4432
2021-12-01;Provence-Alpes-Côte d'Azur;O3;0;20628;0
2021-12-01;Provence-Alpes-Côte d'Azur;NOX as NO2;0;13202;4432
2021-12-01;Provence-Alpes-Côte d'Azur;PM2.5;3164;9402;2179
2021-12-01;Provence-Alpes-Côte d'Azur;C6H6;2166;0;0
2021-12-01;Provence-Alpes-Côte d'Azur;SO2;7052;1405;0
2021-12-01;Provence-Alpes-Côte d'Azur;CO;0;744;0
2021-12-01;Île-de-France;PM10;0;12187;6130
2021-12-01;Île-de-France;NO;0;21158;10898
2021-12-01;Île-de-France;NO2;0;21158;10890
2021-12-01;Île-de-France;O3;0;19753;0
2021-12-01;Île-de-France;NOX as NO2;0;21159;10903
2021-12-01;Île-de-France;PM2.5;0;7352;2795
2021-12-01;Île-de-France;SO2;2116;2224;0
2021-12-01;Île-de-France;CO;0;0;741
2021-12-01;Normandie;PM10;2885;9612;4410
2021-12-01;Normandie;NO;1484;8414;2921
2021-12-01;Normandie;NO2;1484;8414;4401
2021-12-01;Normandie;O3;0;15060;0
2021-12-01;Normandie;NOX as NO2;1484;8414;2921
2021-12-01;Normandie;PM2.5;0;3748;2950
2021-12-01;Normandie;SO2;5178;6535;0
2021-12-01;Normandie;CO;1488;0;735
2021-12-01;Hauts-de-France;PM10;2155;17521;3361
2021-12-01;Hauts-de-France;NO;1486;16859;2856
2021-12-01;Hauts-de-France;NO2;1486;16859;2857
2021-12-01;Hauts-de-France;O3;0;19655;0
2021-12-01;Hauts-de-France;NOX as NO2;0;5156;738
2021-12-01;Hauts-de-France;PM2.5;0;6439;4237
2021-12-01;Hauts-de-France;C6H6;652;0;620
2021-12-01;Hauts-de-France;SO2;2131;2133;0
2021-12-01;Hauts-de-France;CO;624;482;744
2021-12-01;Auvergne-Rhône-Alpes;PM10;3662;31666;11464
2021-12-01;Auvergne-Rhône-Alpes;NO;1482;34618;12557
2021-12-01;Auvergne-Rhône-Alpes;NO2;1482;34669;12557
2021-12-01;Auvergne-Rhône-Alpes;O3;0;36937;0
2021-12-01;Auvergne-Rhône-Alpes;NOX as NO2;0;2214;0
2021-12-01;Auvergne-Rhône-Alpes;PM2.5;0;20030;3684
2021-12-01;Auvergne-Rhône-Alpes;C6H6;1422;0;0
2021-12-01;Auvergne-Rhône-Alpes;SO2;2173;2140;0
2021-12-01;Auvergne-Rhône-Alpes;CO;0;0;733
2021-12-01;Occitanie;PM10;3629;10168;2933
2021-12-01;Occitanie;NO;1488;10854;2091
2021-12-01;Occitanie;NO2;1488;10854;3562
2021-12-01;Occitanie;O3;0;15261;0
2021-12-01;Occitanie;NOX as NO2;1488;4218;1369
2021-12-01;Occitanie;PM2.5;744;6521;2119
2021-12-01;Occitanie;SO2;1479;0;0
2021-12-01;Nouvelle-Aquitaine;PM10;2204;16992;7138
2021-12-01;Nouvelle-Aquitaine;NO;2846;16654;7371
2021-12-01;Nouvelle-Aquitaine;NO2;2846;16654;7371
2021-12-01;Nouvelle-Aquitaine;O3;0;18948;0
2021-12-01;Nouvelle-Aquitaine;NOX as NO2;2846;16654;7371
2021-12-01;Nouvelle-Aquitaine;PM2.5;715;8854;2192
2021-12-01;Nouvelle-Aquitaine;SO2;6417;741;0
2021-12-01;Nouvelle-Aquitaine;CO;0;741;0
2021-12-01;Bretagne;PM10;0;5196;2153
2021-12-01;Bretagne;NO;0;5903;2764
2021-12-01;Bretagne;NO2;0;5904;2764
2021-12-01;Bretagne;O3;0;7271;0
2021-12-01;Bretagne;NOX as NO2;0;742;0
2021-12-01;Bretagne;PM2.5;0;4811;743
2021-12-01;Pays de la Loire;PM10;5193;7320;0
2021-12-01;Pays de la Loire;NO;5841;9647;744
2021-12-01;Pays de la Loire;NO2;5841;9647;744
2021-12-01;Pays de la Loire;O3;0;9262;0
2021-12-01;Pays de la Loire;NOX as NO2;0;1482;0
2021-12-01;Pays de la Loire;PM2.5;3713;4202;0
2021-12-01;Pays de la Loire;SO2;6624;744;0
2021-12-01;Bourgogne-Franche-Comté;PM10;740;11061;2217
2021-12-01;Bourgogne-Franche-Comté;NO;1485;8160;3711
2021-12-01;Bourgogne-Franche-Comté;NO2;1485;8160;3711
2021-12-01;Bourgogne-Franche-Comté;O3;0;12454;0
2021-12-01;Bourgogne-Franche-Comté;NOX as NO2;1485;8160;3711
2021-12-01;Bourgogne-Franche-Comté;PM2.5;0;5166;2221
2021-12-01;Bourgogne-Franche-Comté;SO2;2224;0;0
2021-12-01;Centre-Val de Loire;PM10;0;6661;2968
2021-12-01;Centre-Val de Loire;NO;0;7395;5861
2021-12-01;Centre-Val de Loire;NO2;0;7386;5875
2021-12-01;Centre-Val de Loire;O3;0;10239;0
2021-12-01;Centre-Val de Loire;NOX as NO2;0;7395;5876
2021-12-01;Centre-Val de Loire;PM2.5;0;7401;3643
2021-12-01;Centre-Val de Loire;CO;0;0;673
2021-12-01;Guadeloupe;PM10;0;2223;0
2021-12-01;Guadeloupe;NO;0;2224;0
2021-12-01;Guadeloupe;NO2;0;2224;0
2021-12-01;Guadeloupe;O3;0;2160;0
2021-12-01;Guadeloupe;NOX as NO2;0;2224;0
2021-12-01;Guadeloupe;SO2;0;744;0
2021-12-01;La Réunion;PM10;0;2218;1183
2021-12-01;La Réunion;NO;0;1473;2100
2021-12-01;La Réunion;NO2;0;1473;2100
2021-12-01;La Réunion;O3;0;1355;0
2021-12-01;La Réunion;NOX as NO2;0;736;2100
2021-12-01;La Réunion;PM2.5;0;1472;668
2021-12-01;La Réunion;SO2;699;2144;0
2021-12-01;La Réunion;CO;0;0;522
2021-12-01;Martinique;PM10;0;3598;570
2021-12-01;Martinique;NO;0;2416;679
2021-12-01;Martinique;NO2;0;2615;681
2021-12-01;Martinique;O3;0;2687;0
2021-12-01;Martinique;NOX as NO2;0;2454;681
2021-12-01;Martinique;PM2.5;0;2901;0
2021-12-01;Martinique;SO2;659;0;0
2021-12-01;Guyane;PM10;0;1435;0
2021-12-01;Guyane;NO;0;1443;737
2021-12-01;Guyane;NO2;0;1443;737
2021-12-01;Guyane;O3;0;2215;0
2021-12-01;Guyane;NOX as NO2;0;0;737
2021-12-01;Guyane;PM2.5;0;735;0
2021-12-01;Corse;PM10;1448;2191;1479
2021-12-01;Corse;NO;1473;3354;1480
2021-12-01;Corse;NO2;1473;3375;1478
2021-12-01;Corse;O3;1473;3453;0
2021-12-01;Corse;NOX as NO2;1473;3375;1480
2021-12-01;Corse;PM2.5;0;2913;0
2021-12-01;Corse;SO2;0;1458;1481
2021-12-01;Corse;CO;0;0;734
2021-12-01;Mayotte;PM10;0;0;739
2021-12-01;Mayotte;NO;0;0;137
2021-12-01;Mayotte;NO2;0;0;137
2021-12-01;Mayotte;NOX as NO2;0;0;137
2021-12-01;Mayotte;SO2;0;0;230
