Unnamed: 0,Rk,Squad,MP,W,D,L,GF,GA,GD,Pts,Attendance,Top Team Scorer,Goalkeeper,Notes,Market Value,xG,xGA,xGD,xGD/90,Years,Age
0,1,Chelsea FC FC,38,29,8,1,72,15,57,95,41870.0,Frank Lampard - 13,Petr ÄŒech,â†’ UEFA Champions League via league finish,331.48,,,,,2004-05,24.521739
1,2,Arsenal FC,38,25,8,5,87,36,51,83,37979.0,Thierry Henry - 25,Jens Lehmann,â†’ UEFA Champions League via league finish,247.0,,,,,2004-05,22.829268
2,3,Manchester United,38,22,11,5,58,26,32,77,67871.0,Wayne Rooney - 11,Roy Carroll,â†’ UEFA Champions League via league finish,293.23,,,,,2004-05,21.846154
3,4,Everton FC,38,18,7,13,45,46,-1,61,36834.0,Tim Cahill - 12,Nigel Martyn,â†’ UEFA Champions League via league finish,74.28,,,,,2004-05,25.0
4,5,Liverpool FC,38,17,7,14,52,41,11,58,42587.0,Milan BaroÅ¡ - 9,Jerzy Dudek,â†’ UEFA Champions League 1,222.13,,,,,2004-05,22.837209
5,6,Bolton Wanderers,38,16,10,12,49,44,5,58,26006.0,El Hadji Diouf - 9,Jussi JÃ¤Ã¤skelÃ¤inen,â†’ UEFA Cup via league finish 2,63.58,,,,,2004-05,25.66
6,7,Middlesbrough,38,14,13,11,53,46,7,55,32012.0,Jimmy Floyd Hasselbaink - 13,Mark Schwarzer,â†’ UEFA Cup via league finish 3,88.83,,,,,2004-05,24.069767
7,8,Manchester City,38,13,13,12,47,39,8,52,45192.0,"Robbie Fowler, Shaun Wright-Phillips - 10",David James,,94.3,,,,,2004-05,24.722222
8,9,Tottenham Hotspur,38,14,10,14,47,41,6,52,35873.0,Jermain Defoe - 13,Paul Robinson,,127.25,,,,,2004-05,23.485714
9,10,Aston Villa,38,12,11,15,45,52,-7,47,37354.0,Nolberto Solano - 8,Thomas SÃ¸rensen,,84.18,,,,,2004-05,22.290323
10,11,Charlton Athletic,38,12,10,16,42,58,-16,46,26401.0,Shaun Bartlett - 6,Dean Kiely,,57.8,,,,,2004-05,24.527778
11,12,Birmingham City,38,11,12,15,40,46,-6,45,28760.0,Emile Heskey - 10,Maik Taylor,,105.98,,,,,2004-05,24.42
12,13,Fulham FC,38,12,8,18,52,60,-8,44,19838.0,Andy Cole - 12,Edwin van der Sar,,65.23,,,,,2004-05,23.021277
13,14,Newcastle United,38,10,14,14,47,57,-10,44,51844.0,"Alan Shearer, Craig Bellamy - 7",Shay Given,â†’ UEFA Intertoto Cup via league finish,125.85,,,,,2004-05,23.722222
14,15,Blackburn Rovers,38,9,15,14,32,43,-11,42,22315.0,Paul Dickov - 9,Brad Friedel,,73.88,,,,,2004-05,25.285714
15,16,Portsmouth FC,38,10,9,19,43,59,-16,39,20072.0,Yakubu Aiyegbeni - 13,Shaka Hislop,,63.0,,,,,2004-05,24.47619
16,17,West Bromwich Albion,38,6,16,16,36,61,-25,34,25987.0,Robert Earnshaw - 11,Russell Hoult,,48.65,,,,,2004-05,24.829268
17,18,Crystal Palace,38,7,12,19,41,62,-21,33,24108.0,Andrew Johnson - 21,GÃ¡bor KirÃ¡ly,Relegated,38.53,,,,,2004-05,24.818182
18,19,Norwich City,38,7,12,19,42,77,-35,33,24326.0,"Dean Ashton, Leon McKenzie... - 7",Robert Green,Relegated,30.95,,,,,2004-05,25.424242
19,20,Southampton FC,38,6,14,18,45,66,-21,32,30610.0,Peter Crouch - 12,Antti Niemi,Relegated,85.48,,,,,2004-05,23.262295
0,1,Chelsea FC FC,38,29,4,5,72,22,50,91,41902.0,Frank Lampard - 16,Petr ÄŒech,â†’ UEFA Champions League via league finish,363.43,,,,,2005-06,23.333333
1,2,Manchester United,38,25,8,5,72,34,38,83,68765.0,Ruud van Nistelrooy - 21,Edwin van der Sar,â†’ UEFA Champions League via league finish,254.58,,,,,2005-06,21.882353
2,3,Liverpool FC,38,25,7,6,57,25,32,82,44236.0,Steven Gerrard - 10,Pepe Reina,â†’ UEFA Champions League via league finish,216.35,,,,,2005-06,22.711538
3,4,Arsenal FC,38,20,7,11,68,31,37,67,38184.0,Thierry Henry - 27,Jens Lehmann,â†’ UEFA Champions League via league finish,232.33,,,,,2005-06,21.108108
4,5,Tottenham Hotspur,38,18,11,9,53,38,15,65,36074.0,Robbie Keane - 16,Paul Robinson,â†’ UEFA Cup via league finish,154.33,,,,,2005-06,22.215686
5,6,Blackburn Rovers,38,19,6,13,51,42,9,63,21015.0,Craig Bellamy - 13,Brad Friedel,â†’ UEFA Cup via league finish 1,71.2,,,,,2005-06,21.416667
6,7,Newcastle United,38,17,7,14,47,42,5,58,52032.0,Alan Shearer - 10,Shay Given,â†’ UEFA Intertoto Cup via league finish,290.9,,,,,2005-06,24.28125
7,8,Bolton Wanderers,38,15,11,12,49,41,8,56,25455.0,"Stelios Giannakopoulos, Kevin Nolan - 9",Jussi JÃ¤Ã¤skelÃ¤inen,,61.85,,,,,2005-06,27.586207
8,9,West Ham United,38,16,7,15,52,55,-3,55,33743.0,Marlon Harewood - 14,Roy Carroll,â†’ UEFA Cup via cup loss 2,62.55,,,,,2005-06,23.032258
9,10,Wigan Athletic,38,15,6,17,45,52,-7,51,20610.0,Henri Camara - 12,Mike Pollitt,,51.92,,,,,2005-06,26.542857
10,11,Everton FC,38,14,8,16,34,49,-15,50,36860.0,James Beattie - 10,Nigel Martyn,,92.17,,,,,2005-06,23.827586
11,12,Fulham FC,38,14,6,18,48,58,-10,48,20654.0,Collins John - 11,Tony Warner,,70.88,,,,,2005-06,24.5625
12,13,Charlton Athletic,38,13,8,17,41,55,-14,47,26196.0,Darren Bent - 18,Thomas Myhre,,82.43,,,,,2005-06,23.188679
13,14,Middlesbrough,38,12,9,17,48,58,-10,45,28463.0,Yakubu Aiyegbeni - 13,Mark Schwarzer,,93.98,,,,,2005-06,22.066667
14,15,Manchester City,38,13,4,21,43,48,-5,43,42056.0,Andy Cole - 9,David James,,91.9,,,,,2005-06,23.44
15,16,Aston Villa,38,10,12,16,42,55,-13,42,34112.0,"Luke Moore, Milan BaroÅ¡ - 8",Thomas SÃ¸rensen,,89.0,,,,,2005-06,22.645161
16,17,Portsmouth FC,38,10,8,20,37,62,-25,38,19840.0,Lomana LuaLua - 7,Dean Kiely,,86.13,,,,,2005-06,24.378378
17,18,Birmingham City,38,8,10,20,28,50,-22,34,27392.0,JiÅ™Ã­ JaroÅ¡Ã­k - 5,Maik Taylor,Relegated,81.83,,,,,2005-06,22.241379
18,19,West Bromwich Albion,38,7,9,22,31,58,-27,30,25404.0,"Nwankwo Kanu, Nathan Ellington - 5",Tomasz Kuszczak,Relegated,65.55,,,,,2005-06,25.181818
19,20,Sunderland AFC,38,3,6,29,26,69,-43,15,33904.0,"Tommy Miller, Anthony Le Tallec... - 3",Kelvin Davis,Relegated,31.5,,,,,2005-06,23.55102
0,1,Manchester United,38,28,5,5,83,27,56,89,75826.0,Cristiano Ronaldo - 17,Edwin van der Sar,â†’ UEFA Champions League via league finish,259.15,,,,,2006-07,21.244898
1,2,Chelsea FC FC,38,24,11,3,64,24,40,83,41542.0,Didier Drogba - 20,Petr ÄŒech,â†’ UEFA Champions League via league finish,416.81,,,,,2006-07,23.714286
2,3,Liverpool FC,38,20,8,10,57,27,30,68,43561.0,Dirk Kuyt - 12,Pepe Reina,â†’ UEFA Champions League via league finish,239.77,,,,,2006-07,22.055556
3,4,Arsenal FC,38,19,11,8,63,35,28,68,60140.0,Robin van Persie - 11,Jens Lehmann,â†’ UEFA Champions League via league finish,277.08,,,,,2006-07,22.085714
4,5,Tottenham Hotspur,38,17,9,12,57,54,3,60,35739.0,Dimitar Berbatov - 12,Paul Robinson,â†’ UEFA Cup via league finish,165.73,,,,,2006-07,23.27907
5,6,Everton FC,38,15,13,10,52,36,16,58,36739.0,Andrew Johnson - 11,Tim Howard,â†’ UEFA Cup via league finish 1,109.45,,,,,2006-07,23.464286
6,7,Bolton Wanderers,38,16,8,14,47,52,-5,56,23606.0,Nicolas Anelka - 11,Jussi JÃ¤Ã¤skelÃ¤inen,â†’ UEFA Cup via league finish 2,72.38,,,,,2006-07,24.555556
7,8,Reading FC,38,16,7,15,52,47,5,55,23829.0,Kevin Doyle - 13,Marcus Hahnemann,,32.88,,,,,2006-07,21.0
8,9,Portsmouth FC,38,14,12,12,45,42,3,54,19862.0,Nwankwo Kanu - 10,David James,,97.08,,,,,2006-07,24.762712
9,10,Blackburn Rovers,38,15,7,16,52,54,-2,52,21271.0,Benni McCarthy - 18,Brad Friedel,â†’ UEFA Intertoto Cup via league finish,78.9,,,,,2006-07,23.627451
10,11,Aston Villa,38,11,17,10,43,41,2,50,36214.0,Gabby Agbonlahor - 9,Thomas SÃ¸rensen,,109.5,,,,,2006-07,25.888889
11,12,Middlesbrough,38,12,10,16,44,49,-5,46,27730.0,Mark Viduka - 14,Mark Schwarzer,,96.22,,,,,2006-07,24.522727
12,13,Newcastle United,38,11,10,17,38,47,-9,43,50686.0,Obafemi Martins - 11,Shay Given,,152.05,,,,,2006-07,25.208333
13,14,Manchester City,38,11,9,18,29,44,-15,42,39997.0,Joey Barton - 6,Nicky Weaver,,89.0,,,,,2006-07,24.97619
14,15,West Ham United,38,12,5,21,35,59,-24,41,34722.0,Bobby Zamora - 11,Robert Green,,105.85,,,,,2006-07,24.136364
15,16,Fulham FC,38,8,15,15,38,60,-22,39,22279.0,Brian McBride - 9,Antti Niemi,,147.0,,,,,2006-07,25.214286
16,17,Wigan Athletic,38,10,8,20,37,59,-22,38,18159.0,Emile Heskey - 9,Chris Kirkland,,74.93,,,,,2006-07,26.510638
17,18,Sheffield United,38,10,8,20,32,55,-23,38,30684.0,Rob Hulse - 8,Paddy Kenny,Relegated,43.36,,,,,2006-07,24.434211
18,19,Charlton Athletic,38,8,10,20,34,60,-26,34,26195.0,Darren Bent - 13,Scott Carson,Relegated,71.47,,,,,2006-07,22.764706
19,20,Watford FC,38,5,13,20,29,59,-30,28,18750.0,Hameur Bouazza - 5,Ben Foster,Relegated,32.84,,,,,2006-07,21.636364
0,1,Manchester United,38,27,6,5,80,22,58,87,75691.0,Cristiano Ronaldo - 31,Edwin van der Sar,â†’ UEFA Champions League via Champions League win,354.55,,,,,2007-08,21.553191
1,2,Chelsea FC FC,38,25,10,3,65,26,39,85,41397.0,Frank Lampard - 10,Petr ÄŒech,â†’ UEFA Champions League via league finish,434.35,,,,,2007-08,21.388889
2,3,Arsenal FC,38,24,11,3,74,31,43,83,60070.0,Emmanuel Adebayor - 24,Manuel Almunia,â†’ UEFA Champions League via league finish,262.4,,,,,2007-08,20.828571
3,4,Liverpool FC,38,21,13,4,67,28,39,76,43532.0,Fernando Torres - 24,Pepe Reina,â†’ UEFA Champions League via league finish,305.65,,,,,2007-08,21.563636
4,5,Everton FC,38,19,8,11,55,33,22,65,36955.0,Yakubu Aiyegbeni - 15,Tim Howard,â†’ UEFA Cup via league finish,154.05,,,,,2007-08,24.4375
5,6,Aston Villa,38,16,12,10,71,51,20,60,40345.0,John Carew - 13,Scott Carson,â†’ UEFA Intertoto Cup via league finish,112.1,,,,,2007-08,23.814815
6,7,Blackburn Rovers,38,15,13,10,50,48,2,58,23944.0,Roque Santa Cruz - 19,Brad Friedel,,47.8,,,,,2007-08,22.081081
7,8,Portsmouth FC,38,16,9,13,48,40,8,57,19914.0,Benjani Mwaruwari - 12,David James,â†’ UEFA Cup via cup win 1,141.3,,,,,2007-08,23.173077
8,9,Manchester City,38,15,10,13,45,53,-8,55,42126.0,Elano - 8,Joe Hart,â†’ UEFA Cup 2,150.1,,,,,2007-08,23.666667
9,10,West Ham United,38,13,10,15,42,50,-8,49,34601.0,Dean Ashton - 10,Robert Green,,120.0,,,,,2007-08,24.925
10,11,Tottenham Hotspur,38,11,13,14,66,61,5,46,35967.0,"Robbie Keane, Dimitar Berbatov - 15",Paul Robinson,â†’ UEFA Cup via cup win 3,220.45,,,,,2007-08,21.75
11,12,Newcastle United,38,11,10,17,45,65,-20,43,50488.0,Michael Owen - 11,Steve Harper,,135.2,,,,,2007-08,24.972222
12,13,Middlesbrough,38,10,12,16,43,53,-10,42,26708.0,Stewart Downing - 9,Mark Schwarzer,,120.9,,,,,2007-08,23.0
13,14,Wigan Athletic,38,10,10,18,34,51,-17,40,19046.0,Marcus Bent - 7,Chris Kirkland,,77.75,,,,,2007-08,25.891304
14,15,Sunderland AFC,38,11,6,21,36,59,-23,39,43344.0,Kenwyne Jones - 7,Craig Gordon,,81.13,,,,,2007-08,25.886792
15,16,Bolton Wanderers,38,9,10,19,36,54,-18,37,20746.0,Nicolas Anelka - 10,Jussi JÃ¤Ã¤skelÃ¤inen,,104.15,,,,,2007-08,24.208333
16,17,Fulham FC,38,8,12,18,38,60,-22,36,23773.0,Clint Dempsey - 6,Antti Niemi,,99.05,,,,,2007-08,25.878788
17,18,Reading FC,38,10,6,22,41,66,-25,36,23585.0,Dave Kitson - 10,Marcus Hahnemann,Relegated,65.93,,,,,2007-08,20.826667
18,19,Birmingham City,38,8,11,19,46,62,-16,35,26181.0,Mikael Forssell - 9,Maik Taylor,Relegated,82.0,,,,,2007-08,22.241379
19,20,Derby County,38,1,8,29,20,89,-69,11,32432.0,Kenny Miller - 4,Stephen Bywater,Relegated,50.4,,,,,2007-08,26.413793
0,1,Manchester United,38,28,6,4,68,24,44,90,75304.0,Cristiano Ronaldo - 18,Edwin van der Sar,â†’ UEFA Champions League via league finish,425.95,,,,,2008-09,21.289474
1,2,Liverpool FC,38,25,11,2,77,27,50,86,43611.0,Steven Gerrard - 16,Pepe Reina,â†’ UEFA Champions League via league finish,342.85,,,,,2008-09,21.561404
2,3,Chelsea FC FC,38,25,8,5,68,24,44,83,41588.0,Nicolas Anelka - 19,Petr ÄŒech,â†’ UEFA Champions League via league finish,448.6,,,,,2008-09,24.25
3,4,Arsenal FC,38,20,12,6,68,37,31,72,60040.0,Robin van Persie - 11,Manuel Almunia,â†’ UEFA Champions League via league finish,311.45,,,,,2008-09,21.285714
4,5,Everton FC,38,17,12,9,55,37,18,63,35667.0,"Marouane Fellaini, Tim Cahill - 8",Tim Howard,â†’ UEFA Europa League via league finish,190.33,,,,,2008-09,23.625
5,6,Aston Villa,38,17,11,10,54,48,6,62,39812.0,Gabby Agbonlahor - 12,Brad Friedel,â†’ UEFA Europa League via league finish 1,153.35,,,,,2008-09,24.676471
6,7,Fulham FC,38,14,11,13,39,34,5,53,24340.0,"Clint Dempsey, Andrew Johnson - 7",Mark Schwarzer,â†’ UEFA Europa League via league finish 2,83.85,,,,,2008-09,25.455882
7,8,Tottenham Hotspur,38,14,9,15,45,45,0,51,35929.0,Darren Bent - 12,Heurelho Gomes,,279.1,,,,,2008-09,22.458333
8,9,West Ham United,38,14,9,15,42,45,-3,51,34227.0,Carlton Cole - 10,Robert Green,,113.9,,,,,2008-09,24.25
9,10,Manchester City,38,15,5,18,58,50,8,50,43162.0,Robinho - 14,Joe Hart,,252.85,,,,,2008-09,23.454545
10,11,Wigan Athletic,38,12,9,17,34,45,-11,45,18350.0,Amr Zaki - 10,Chris Kirkland,,104.75,,,,,2008-09,24.163265
11,12,Stoke City,38,12,9,17,38,55,-17,45,26960.0,Ricardo Fuller - 11,Thomas SÃ¸rensen,,64.45,,,,,2008-09,23.647059
12,13,Bolton Wanderers,38,11,8,19,41,53,-12,41,22486.0,Kevin Davies - 11,Jussi JÃ¤Ã¤skelÃ¤inen,,81.65,,,,,2008-09,25.3
13,14,Portsmouth FC,38,10,11,17,38,57,-19,41,19830.0,Peter Crouch - 10,David James,,152.6,,,,,2008-09,22.886792
14,15,Blackburn Rovers,38,10,11,17,40,60,-20,41,23481.0,Benni McCarthy - 10,Paul Robinson,,91.2,,,,,2008-09,22.960784
15,16,Sunderland AFC,38,9,9,20,34,54,-20,36,40163.0,"Kenwyne Jones, Djibril CissÃ© - 10",MÃ¡rton FÃ¼lÃ¶p,,110.3,,,,,2008-09,24.544118
16,17,Hull City,38,8,11,19,39,64,-25,35,24816.0,Geovanni - 8,Boaz Myhill,,64.7,,,,,2008-09,27.75
17,18,Newcastle United,38,7,13,18,40,59,-19,34,48750.0,"Obafemi Martins, Michael Owen - 8",Shay Given,Relegated,134.55,,,,,2008-09,22.216216
18,19,Middlesbrough,38,7,11,20,28,57,-29,32,28429.0,Tuncay ÅžanlÄ± - 7,Ross Turnbull,Relegated,85.45,,,,,2008-09,22.416667
19,20,West Bromwich Albion,38,8,8,22,36,67,-31,32,25828.0,Chris Brunt - 9,Scott Carson,Relegated,66.1,,,,,2008-09,23.878049
0,1,Chelsea FC FC,38,27,5,6,103,32,71,86,41423.0,Didier Drogba - 29,Petr ÄŒech,â†’ UEFA Champions League via league finish,451.95,,,,,2009-10,22.178571
1,2,Manchester United,38,27,4,7,86,28,58,85,74864.0,Wayne Rooney - 26,Edwin van der Sar,â†’ UEFA Champions League via league finish,384.88,,,,,2009-10,21.219512
2,3,Arsenal FC,38,23,6,9,83,41,42,75,59927.0,Cesc FÃ bregas - 15,Manuel Almunia,â†’ UEFA Champions League via league finish,314.3,,,,,2009-10,21.074074
3,4,Tottenham Hotspur,38,21,7,10,67,41,26,70,35794.0,Jermain Defoe - 18,Heurelho Gomes,â†’ UEFA Champions League via league finish,263.53,,,,,2009-10,21.378788
4,5,Manchester City,38,18,13,7,73,45,28,67,45470.0,Carlos Tevez - 23,Shay Given,â†’ UEFA Europa League via league finish,312.5,,,,,2009-10,24.22
5,6,Aston Villa,38,17,13,8,52,39,13,64,38573.0,Gabby Agbonlahor - 13,Brad Friedel,â†’ UEFA Europa League via league finish 1,167.38,,,,,2009-10,24.081081
6,7,Liverpool FC,38,18,9,11,61,35,26,63,42864.0,Fernando Torres - 18,Pepe Reina,â†’ UEFA Europa League via league finish 2,331.55,,,,,2009-10,22.543478
7,8,Everton FC,38,16,13,9,60,49,11,61,36725.0,Louis Saha - 13,Tim Howard,,218.93,,,,,2009-10,23.935484
8,9,Birmingham City,38,13,11,14,38,47,-9,50,25246.0,Cameron Jerome - 10,Joe Hart,,69.65,,,,,2009-10,23.851852
9,10,Blackburn Rovers,38,13,11,14,41,55,-14,50,25428.0,David Dunn - 9,Paul Robinson,,91.63,,,,,2009-10,22.635135
10,11,Stoke City,38,11,14,13,34,48,-14,47,27162.0,Matthew Etherington - 5,Thomas SÃ¸rensen,,80.65,,,,,2009-10,23.916667
11,12,Fulham FC,38,12,10,16,39,46,-7,46,23909.0,Bobby Zamora - 8,Mark Schwarzer,,101.43,,,,,2009-10,24.215686
12,13,Sunderland AFC,38,11,11,16,48,56,-8,44,38337.0,Darren Bent - 24,Craig Gordon,,131.58,,,,,2009-10,25.25
13,14,Bolton Wanderers,38,10,9,19,42,67,-25,39,22200.0,"Ivan KlasniÄ‡, Matthew Taylor - 8",Jussi JÃ¤Ã¤skelÃ¤inen,,85.8,,,,,2009-10,22.205128
14,15,Wolverhampton Wanderers,38,9,11,18,32,56,-24,38,28366.0,Kevin Doyle - 9,Marcus Hahnemann,,65.48,,,,,2009-10,23.0
15,16,Wigan Athletic,38,9,9,20,37,79,-42,36,18006.0,Hugo Rodallega - 10,Chris Kirkland,,77.6,,,,,2009-10,24.75
16,17,West Ham United,38,8,11,19,47,66,-19,35,33683.0,Carlton Cole - 10,Robert Green,,121.75,,,,,2009-10,24.24
17,18,Burnley FC,38,8,6,24,42,82,-40,30,20654.0,Steven Fletcher - 8,Brian Jensen,Relegated,48.15,,,,,2009-10,22.115385
18,19,Hull City,38,6,12,20,34,75,-41,30,24390.0,Stephen Hunt - 6,Boaz Myhill,Relegated,73.2,,,,,2009-10,24.377778
19,20,Portsmouth FC,38,7,7,24,34,66,-32,19,18249.0,Aruna Dindane - 8,David James,"9-point deduction 3, Relegated",96.65,,,,,2009-10,24.268657
0,1,Manchester United,38,23,11,4,78,37,41,80,75109.0,Dimitar Berbatov - 20,Edwin van der Sar,â†’ UEFA Champions League via league finish,388.0,,,,,2010-11,21.045455
1,2,Chelsea FC FC,38,21,8,9,69,33,36,71,41435.0,Florent Malouda - 13,Petr ÄŒech,â†’ UEFA Champions League via league finish,424.1,,,,,2010-11,21.725
2,3,Manchester City,38,21,8,9,60,33,27,71,45905.0,Carlos Tevez - 20,Joe Hart,â†’ UEFA Champions League via league finish,404.18,,,,,2010-11,23.084746
3,4,Arsenal FC,38,19,11,8,72,43,29,68,60025.0,Robin van Persie - 18,Wojciech SzczÄ™sny,â†’ UEFA Champions League via league finish,324.0,,,,,2010-11,22.238095
4,5,Tottenham Hotspur,38,16,14,8,55,46,9,62,35704.0,Rafael van der Vaart - 13,Heurelho Gomes,â†’ UEFA Europa League via league finish,307.38,,,,,2010-11,21.422535
5,6,Liverpool FC,38,17,7,14,59,44,15,58,42820.0,Dirk Kuyt - 13,Pepe Reina,,339.2,,,,,2010-11,23.571429
6,7,Everton FC,38,13,15,10,51,45,6,54,36039.0,Tim Cahill - 9,Tim Howard,,184.48,,,,,2010-11,23.346154
7,8,Fulham FC,38,11,16,11,49,43,6,49,25043.0,Clint Dempsey - 12,Mark Schwarzer,â†’ UEFA Europa League 1,109.55,,,,,2010-11,24.842105
8,9,Aston Villa,38,12,12,14,48,59,-11,48,37194.0,Darren Bent - 9,Brad Friedel,,202.8,,,,,2010-11,23.9
9,10,Sunderland AFC,38,12,11,15,45,56,-11,47,40011.0,Asamoah Gyan - 10,Simon Mignolet,,149.33,,,,,2010-11,24.096774
10,11,West Bromwich Albion,38,12,11,15,56,71,-15,47,24683.0,Peter Odemwingie - 15,Scott Carson,,86.88,,,,,2010-11,24.0
11,12,Newcastle United,38,11,13,14,56,57,-1,46,47718.0,Kevin Nolan - 12,Tim Krul,,119.48,,,,,2010-11,23.142857
12,13,Stoke City,38,13,7,18,46,48,-2,46,26858.0,Kenwyne Jones - 9,Asmir BegoviÄ‡,â†’ UEFA Europa League via cup loss 2,94.45,,,,,2010-11,25.595745
13,14,Bolton Wanderers,38,12,10,16,52,56,-4,46,22870.0,Johan Elmander - 10,Jussi JÃ¤Ã¤skelÃ¤inen,,100.15,,,,,2010-11,24.027778
14,15,Blackburn Rovers,38,11,10,17,46,59,-13,43,25000.0,"Junior Hoilett, Jason Roberts... - 5",Paul Robinson,,91.53,,,,,2010-11,23.017241
15,16,Wigan Athletic,38,9,15,14,40,61,-21,42,16812.0,"Charles N'Zogbia, Hugo Rodallega - 9",Ali Al-Habsi,,80.5,,,,,2010-11,24.636364
16,17,Wolverhampton Wanderers,38,11,7,20,46,66,-20,40,27925.0,Steven Fletcher - 10,Wayne Hennessey,,83.55,,,,,2010-11,22.928571
17,18,Birmingham City,38,8,15,15,37,58,-21,39,25462.0,Craig Gardner - 8,Ben Foster,"Relegated, â†’ UEFA Europa League via cup win",95.38,,,,,2010-11,24.466667
18,19,Blackpool,38,10,9,19,55,78,-23,39,15775.0,DJ Campbell - 13,Richard Kingson,Relegated,50.03,,,,,2010-11,24.62
19,20,West Ham United,38,7,12,19,43,70,-27,33,33492.0,Demba Ba - 7,Robert Green,Relegated,138.75,,,,,2010-11,24.459459
0,1,Manchester City,38,28,5,5,93,29,64,89,47045.0,Sergio Aguero - 23,Joe Hart,â†’ UEFA Champions League via league finish,498.6,,,,,2011-12,23.171875
1,2,Manchester United,38,28,5,5,89,33,56,89,75387.0,Wayne Rooney - 27,David de Gea,â†’ UEFA Champions League via league finish,404.1,,,,,2011-12,22.914286
2,3,Arsenal FC,38,21,7,10,74,49,25,70,60000.0,Robin van Persie - 30,Wojciech Szczesny,â†’ UEFA Champions League via league finish,362.43,,,,,2011-12,23.118644
3,4,Tottenham Hotspur,38,20,9,9,66,41,25,69,36036.0,Emmanuel Adebayor - 17,Brad Friedel,â†’ UEFA Europa League via league finish,323.5,,,,,2011-12,23.479452
4,5,Newcastle United,38,19,8,11,56,51,5,65,49951.0,Demba Ba - 16,Tim Krul,â†’ UEFA Europa League via league finish,161.7,,,,,2011-12,22.381818
5,6,Chelsea FC FC,38,18,10,10,65,46,19,64,41484.0,"Daniel Sturridge, Frank Lampard - 11",Petr Cech,â†’ UEFA Champions League via Champions League win,375.5,,,,,2011-12,21.522727
6,7,Everton FC,38,15,11,12,50,40,10,56,33228.0,Nikica Jelavia - 9,Tim Howard,,169.95,,,,,2011-12,23.972222
7,8,Liverpool FC,38,14,10,14,47,40,7,52,44253.0,Luis Suarez - 11,Pepe Reina,â†’ UEFA Europa League via cup win 1,236.9,,,,,2011-12,23.675
8,9,Fulham FC,38,14,10,14,48,51,-3,52,25399.0,Clint Dempsey - 17,Mark Schwarzer,,100.0,,,,,2011-12,25.5
9,10,West Bromwich Albion,38,13,8,17,45,52,-7,47,24770.0,Peter Odemwingie - 10,Ben Foster,,69.55,,,,,2011-12,24.254902
10,11,Swansea City,38,12,11,15,44,51,-7,47,19946.0,Danny Graham - 12,Michel Vorm,,75.6,,,,,2011-12,24.813953
11,12,Norwich City,38,12,11,15,52,66,-14,47,26606.0,Grant Holt - 15,John Ruddy,,58.75,,,,,2011-12,22.315789
12,13,Sunderland AFC,38,11,12,15,45,46,-1,45,39047.0,Nicklas Bendtner - 8,Simon Mignolet,,126.5,,,,,2011-12,23.462687
13,14,Stoke City,38,11,12,15,36,53,-17,45,27226.0,Peter Crouch - 10,Asmir Begovic,,81.65,,,,,2011-12,24.615385
14,15,Wigan Athletic,38,11,10,17,42,62,-20,43,18634.0,Franco Di Santo - 7,Ali Al-Habsi,,74.25,,,,,2011-12,22.973684
15,16,Aston Villa,38,7,17,14,37,53,-16,38,33883.0,Darren Bent - 9,Shay Given,,123.5,,,,,2011-12,24.73913
16,17,Queens Park Rangers,38,10,7,21,43,66,-23,37,17295.0,Heiar Helguson - 8,Paddy Kenny,,81.38,,,,,2011-12,25.057471
17,18,Bolton Wanderers,38,10,6,22,46,77,-31,36,23670.0,Ivan Klasnia- 8,Adam Bogdan,Relegated,90.05,,,,,2011-12,23.326087
18,19,Blackburn Rovers,38,8,7,23,48,78,-30,31,22551.0,Yakubu Aiyegbeni - 17,Paul Robinson,Relegated,80.0,,,,,2011-12,23.181818
19,20,Wolverhampton Wanderers,38,5,10,23,40,82,-42,25,25677.0,Steven Fletcher - 12,Wayne Hennessey,Relegated,78.05,,,,,2011-12,22.854839
0,1,Manchester United,38,28,5,5,86,43,43,89,75530.0,Robin van Persie - 26,David de Gea,â†’ UEFA Champions League via league finish,457.5,,,,,2012-13,22.424242
1,2,Manchester City,38,23,9,6,66,34,32,78,46974.0,Edin DÅ¾eko - 14,Joe Hart,â†’ UEFA Champions League via league finish,502.1,,,,,2012-13,22.98
2,3,Chelsea FC FC,38,22,9,7,75,39,36,75,41462.0,Frank Lampard - 15,Petr ÄŒech,â†’ UEFA Champions League via league finish,454.25,,,,,2012-13,21.105263
3,4,Arsenal FC,38,21,10,7,72,37,35,73,60079.0,Theo Walcott - 14,Wojciech SzczÄ™sny,â†’ UEFA Champions League via league finish,296.8,,,,,2012-13,22.972973
4,5,Tottenham Hotspur,38,21,9,8,66,46,20,72,36066.0,Gareth Bale - 21,Hugo Lloris,â†’ UEFA Europa League via league finish,296.8,,,,,2012-13,24.0
5,6,Everton FC,38,16,15,7,55,40,15,63,36356.0,Marouane Fellaini - 11,Tim Howard,,139.75,,,,,2012-13,23.461538
6,7,Liverpool FC,38,16,13,9,71,43,28,61,44749.0,Luis SuÃ¡rez - 23,Pepe Reina,,276.1,,,,,2012-13,23.108108
7,8,West Bromwich Albion,38,14,7,17,53,57,-4,49,25202.0,Romelu Lukaku - 17,Ben Foster,,93.0,,,,,2012-13,23.647059
8,9,Swansea City,38,11,13,14,47,51,-4,46,20476.0,Michu - 18,Michel Vorm,â†’ UEFA Europa League via cup win 1,102.25,,,,,2012-13,24.738095
9,10,West Ham United,38,12,10,16,45,53,-8,46,34717.0,Kevin Nolan - 10,Jussi JÃ¤Ã¤skelÃ¤inen,,103.0,,,,,2012-13,25.115385
10,11,Norwich City,38,10,14,14,41,58,-17,44,26672.0,Grant Holt - 8,Mark Bunn,,73.25,,,,,2012-13,24.272727
11,12,Fulham FC,38,11,10,17,50,60,-10,43,25423.0,Dimitar Berbatov - 15,Mark Schwarzer,,110.85,,,,,2012-13,24.517857
12,13,Stoke City,38,9,15,14,34,45,-11,42,26722.0,Jonathan Walters - 8,Asmir BegoviÄ‡,,104.05,,,,,2012-13,26.531915
13,14,Southampton FC,38,9,14,15,49,60,-11,41,30855.0,Rickie Lambert - 15,Artur Boruc,,83.05,,,,,2012-13,25.0
14,15,Aston Villa,38,10,11,17,47,69,-22,41,35060.0,Christian Benteke - 19,Brad Guzan,,110.5,,,,,2012-13,24.419355
15,16,Newcastle United,38,11,8,19,45,68,-23,41,50517.0,Demba Ba - 13,Tim Krul,,201.75,,,,,2012-13,22.095238
16,17,Sunderland AFC,38,9,12,17,41,54,-13,39,40563.0,Steven Fletcher - 11,Simon Mignolet,,133.9,,,,,2012-13,23.75
17,18,Wigan Athletic,38,9,9,20,47,73,-26,36,19359.0,Arouna KonÃ© - 11,Ali Al-Habsi,"Relegated, â†’ UEFA Europa League via cup win 2",13.75,,,,,2012-13,22.613636
18,19,Reading FC,38,6,10,22,43,73,-30,28,23862.0,Adam le Fondre - 12,Adam Federici,Relegated,46.25,,,,,2012-13,22.816667
19,20,Queens Park Rangers,38,4,13,21,30,60,-30,25,17779.0,LoÃ¯c RÃ©my - 6,JÃºlio CÃ©sar,Relegated,120.05,,,,,2012-13,25.364706
0,1,Manchester City,38,27,5,6,102,37,65,86,47.075,Yaya TourÃ© - 20,Joe Hart,â†’ UEFA Champions League via league finish,458.3,,,,,2013-14,24.5
1,2,Liverpool FC,38,26,6,6,101,50,51,84,44.671,Luis SuÃ¡rez - 31,Simon Mignolet,â†’ UEFA Champions League via league finish,315.75,,,,,2013-14,22.146341
2,3,Chelsea FC FC,38,25,7,6,71,27,44,82,41.482,Eden Hazard - 14,Petr ÄŒech,â†’ UEFA Champions League via league finish,557.25,,,,,2013-14,21.918919
3,4,Arsenal FC,38,24,7,7,68,41,27,79,60.013,Olivier Giroud - 16,Wojciech SzczÄ™sny,â†’ UEFA Champions League via league finish,385.75,,,,,2013-14,23.454545
4,5,Everton FC,38,21,9,8,61,39,22,72,37.732,Romelu Lukaku - 15,Tim Howard,â†’ UEFA Europa League via league finish 1,210.0,,,,,2013-14,23.526316
5,6,Tottenham Hotspur,38,21,6,11,55,51,4,69,35.808,Emmanuel Adebayor - 11,Hugo Lloris,â†’ UEFA Europa League via league finish,288.95,,,,,2013-14,23.719298
6,7,Manchester United,38,19,7,12,64,43,21,64,75.207,Wayne Rooney - 17,David de Gea,,402.55,,,,,2013-14,21.736842
7,8,Southampton FC,38,15,11,12,54,46,8,56,30.212,Jay Rodriguez - 15,Artur Boruc,,131.5,,,,,2013-14,24.512195
8,9,Stoke City,38,13,11,14,45,52,-7,50,26.137,"Peter Crouch, Charlie Adam - 8",Asmir BegoviÄ‡,,104.7,,,,,2013-14,25.525
9,10,Newcastle United,38,15,4,19,43,59,-16,49,50.395,LoÃ¯c RÃ©my - 14,Tim Krul,,172.3,,,,,2013-14,22.30303
10,11,Crystal Palace,38,13,6,19,33,48,-15,45,24.375,"Dwight Gayle, Jason Puncheon - 7",JuliÃ¡n Speroni,,68.7,,,,,2013-14,24.037975
11,12,Swansea City,38,11,9,18,54,54,0,42,20.407,Wilfried Bony - 16,Michel Vorm,,128.93,,,,,2013-14,24.073171
12,13,West Ham United,38,11,7,20,40,51,-11,40,34.197,Kevin Nolan - 7,AdriÃ¡n,,109.5,,,,,2013-14,25.0
13,14,Sunderland AFC,38,10,8,20,41,60,-19,38,41.09,Adam Johnson - 8,Vito Mannone,,122.0,,,,,2013-14,23.072464
14,15,Aston Villa,38,10,8,20,39,61,-22,38,36.081,Christian Benteke - 10,Brad Guzan,,109.5,,,,,2013-14,24.016129
15,16,Hull City,38,10,7,21,38,53,-15,37,24.117,Nikica JelaviÄ‡ - 5,Allan McGregor,â†’ UEFA Europa League via cup loss 2,68.15,,,,,2013-14,24.723077
16,17,West Bromwich Albion,38,7,15,16,43,59,-16,36,25.194,"Saido Berahino, StÃ©phane SessÃ¨gnon - 5",Ben Foster,,90.8,,,,,2013-14,26.032258
17,18,Norwich City,38,8,9,21,28,62,-34,33,26.805,"Robert Snodgrass, Gary Hooper - 6",John Ruddy,Relegated,89.3,,,,,2013-14,24.232558
18,19,Fulham FC,38,9,5,24,40,85,-45,32,24.977,Steve Sidwell - 7,David Stockdale,Relegated,112.65,,,,,2013-14,24.796875
19,20,Cardiff City,38,7,9,22,32,74,-42,30,27.43,Jordon Mutch - 7,David Marshall,Relegated,87.9,,,,,2013-14,23.564516
0,1,Chelsea FC FC,38,26,9,3,73,32,41,87,41.546,Diego Costa - 20,Thibaut Courtois,â†’ UEFA Champions League via league finish,557.25,,,,,2014-15,22.977778
1,2,Manchester City,38,24,7,7,83,38,45,79,45.365,Sergio AgÃ¼ero - 26,Joe Hart,â†’ UEFA Champions League via league finish,499.35,,,,,2014-15,24.275862
2,3,Arsenal FC,38,22,9,7,71,36,35,75,59.992,Alexis SÃ¡nchez - 16,David Ospina,â†’ UEFA Champions League via league finish,457.85,,,,,2014-15,23.35
3,4,Manchester United,38,20,10,8,62,37,25,70,75.335,Wayne Rooney - 12,David de Gea,â†’ UEFA Champions League via league finish,439.85,,,,,2014-15,23.660377
4,5,Tottenham Hotspur,38,19,7,12,58,53,5,64,35.728,Harry Kane - 21,Hugo Lloris,â†’ UEFA Europa League via league finish,371.85,,,,,2014-15,23.25
5,6,Liverpool FC,38,18,8,12,52,48,4,62,44.659,Steven Gerrard - 9,Simon Mignolet,â†’ UEFA Europa League via league finish 1,375.25,,,,,2014-15,22.456522
6,7,Southampton FC,38,18,6,14,54,33,21,60,30.741,Graziano PellÃ¨ - 12,Fraser Forster,â†’ UEFA Europa League via league finish 2,225.5,,,,,2014-15,25.326531
7,8,Swansea City,38,16,8,14,46,49,-3,56,20.555,Wilfried Bony - 9,Åukasz FabiaÅ„ski,,145.8,,,,,2014-15,24.313725
8,9,Stoke City,38,15,9,14,48,45,3,54,27.081,Mame Biram Diouf - 11,Asmir BegoviÄ‡,,110.5,,,,,2014-15,24.225
9,10,Crystal Palace,38,13,9,16,47,51,-4,48,24.421,Glenn Murray - 7,JuliÃ¡n Speroni,,97.25,,,,,2014-15,25.345238
10,11,Everton FC,38,12,11,15,48,50,-2,47,37.406,Romelu Lukaku - 10,Tim Howard,,182.85,,,,,2014-15,22.46875
11,12,West Ham United,38,12,11,15,44,47,-3,47,34.846,Diafra Sakho - 10,AdriÃ¡n,â†’ UEFA Europa League 3,135.9,,,,,2014-15,23.339286
12,13,West Bromwich Albion,38,11,11,16,38,51,-13,44,25.064,Saido Berahino - 14,Ben Foster,,95.95,,,,,2014-15,26.342857
13,14,Leicester City,38,11,8,19,46,55,-9,41,31.693,Leonardo Ulloa - 11,Kasper Schmeichel,,66.7,,,,,2014-15,25.232143
14,15,Newcastle United,38,10,9,19,40,63,-23,39,50.359,Papiss CissÃ© - 11,Tim Krul,,140.0,,,,,2014-15,22.653061
15,16,Sunderland AFC,38,7,17,14,31,53,-22,38,43.157,"Steven Fletcher, Connor Wickham - 5",Costel Pantilimon,,91.0,,,,,2014-15,24.519231
16,17,Aston Villa,38,10,8,20,31,57,-26,38,34.133,Christian Benteke - 13,Brad Guzan,,114.25,,,,,2014-15,23.459016
17,18,Hull City,38,8,11,19,33,51,-18,35,23.557,Nikica JelaviÄ‡ - 8,Allan McGregor,Relegated,117.1,,,,,2014-15,23.3
18,19,Burnley FC,38,7,12,19,28,53,-25,33,19.131,Danny Ings - 11,Tom Heaton,Relegated,52.55,,,,,2014-15,23.553191
19,20,Queens Park Rangers,38,8,6,24,42,73,-31,30,17.809,Charlie Austin - 18,Robert Green,Relegated,112.25,,,,,2014-15,23.929577
0,1,Leicester City,38,23,12,3,68,36,32,81,31.998,Jamie Vardy - 24,Kasper Schmeichel,â†’ UEFA Champions League via league finish,161.1,,,,,2015-16,25.068966
1,2,Arsenal FC,38,20,11,7,65,36,29,71,59.944,Olivier Giroud - 16,Petr ÄŒech,â†’ UEFA Champions League via league finish,457.85,,,,,2015-16,23.296296
2,3,Tottenham Hotspur,38,19,13,6,69,35,34,70,35.776,Harry Kane - 25,Hugo Lloris,â†’ UEFA Champions League via league finish,371.85,,,,,2015-16,24.625
3,4,Manchester City,38,19,9,10,71,41,30,66,54.041,Sergio AgÃ¼ero - 24,Joe Hart,â†’ UEFA Champions League via league finish,499.35,,,,,2015-16,23.0
4,5,Manchester United,38,19,9,10,49,35,14,66,75.286,Anthony Martial - 11,David de Gea,â†’ UEFA Europa League via cup win 1,439.85,,,,,2015-16,23.642857
5,6,Southampton FC,38,18,9,11,59,41,18,63,30.751,"Graziano PellÃ¨, Sadio ManÃ© - 11",Fraser Forster,â†’ UEFA Europa League via league finish 2,225.5,,,,,2015-16,24.5
6,7,West Ham United,38,16,14,8,65,51,14,62,34.91,"Dimitri Payet, Andy Carroll - 9",AdriÃ¡n,â†’ UEFA Europa League via league finish 3,201.33,,,,,2015-16,24.218182
7,8,Liverpool FC,38,16,12,10,63,50,13,60,43.91,Roberto Firmino - 10,Simon Mignolet,,375.25,,,,,2015-16,22.895833
8,9,Stoke City,38,14,9,15,41,55,-14,51,27.534,Marko ArnautoviÄ‡ - 11,Jack Butland,,147.0,,,,,2015-16,26.096774
9,10,Chelsea FC FC,38,12,14,12,59,53,6,50,41.5,Diego Costa - 12,Thibaut Courtois,,553.5,,,,,2015-16,22.973684
10,11,Everton FC,38,11,14,13,59,55,4,47,38.124,Romelu Lukaku - 18,Tim Howard,,249.85,,,,,2015-16,24.028571
11,12,Swansea City,38,12,11,15,42,52,-10,47,20.711,AndrÃ© Ayew - 12,Åukasz FabiaÅ„ski,,145.8,,,,,2015-16,23.659091
12,13,Watford FC,38,12,9,17,40,50,-10,45,20.594,Odion Ighalo - 15,Heurelho Gomes,,137.0,,,,,2015-16,25.444444
13,14,West Bromwich Albion,38,10,13,15,34,48,-14,43,24.631,SalomÃ³n RondÃ³n - 9,Boaz Myhill,,113.1,,,,,2015-16,27.08
14,15,Crystal Palace,38,11,9,18,39,51,-12,42,24.825,"Connor Wickham, Scott Dann... - 5",Wayne Hennessey,,135.7,,,,,2015-16,24.522727
15,16,AFC Bournemouth,38,11,9,18,45,67,-22,42,11.189,Joshua King - 6,Artur Boruc,,99.9,,,,,2015-16,24.318841
16,17,Sunderland AFC,38,9,12,17,48,62,-14,39,43.071,Jermain Defoe - 15,Vito Mannone,,111.25,,,,,2015-16,25.666667
17,18,Newcastle United,38,9,10,19,44,65,-21,37,49.754,Georginio Wijnaldum - 11,Rob Elliot,Relegated,198.0,,,,,2015-16,23.163265
18,19,Norwich City,38,9,7,22,39,67,-28,34,26.972,Dieumerci Mbokani - 7,John Ruddy,Relegated,116.9,,,,,2015-16,24.619048
19,20,Aston Villa,38,3,8,27,27,76,-49,17,33.69,Jordan Ayew - 7,Brad Guzan,Relegated,117.95,,,,,2015-16,25.032787
0,1,Chelsea FC FC,38,30,3,5,85,33,52,93,41.508,Diego Costa - 20,Thibaut Courtois,â†’ UEFA Champions League via league finish,686.7,,,,,2016-17,23.912281
1,2,Tottenham Hotspur,38,26,8,4,86,26,60,86,31.639,Harry Kane - 29,Hugo Lloris,â†’ UEFA Champions League via league finish,543.65,,,,,2016-17,23.625
2,3,Manchester City,38,23,9,6,80,39,41,78,54.019,Sergio AgÃ¼ero - 20,Claudio Bravo,â†’ UEFA Champions League via league finish,606.7,,,,,2016-17,23.666667
3,4,Liverpool FC,38,22,10,6,78,42,36,76,53.016,"Philippe Coutinho, Sadio ManÃ© - 13",Simon Mignolet,â†’ UEFA Champions League via league finish,425.65,,,,,2016-17,23.9
4,5,Arsenal FC,38,23,6,9,77,44,33,75,59.957,Alexis SÃ¡nchez - 24,Petr ÄŒech,â†’ UEFA Europa League via cup win 1,542.0,,,,,2016-17,23.791667
5,6,Manchester United,38,18,15,5,54,29,25,69,75.29,Zlatan IbrahimoviÄ‡ - 17,David de Gea,â†’ UEFA Champions League via Europa League win,531.45,,,,,2016-17,23.478261
6,7,Everton FC,38,17,10,11,62,44,18,61,39.047,Romelu Lukaku - 25,Joel Robles,â†’ UEFA Europa League via league finish,311.25,,,,,2016-17,25.675676
7,8,Southampton FC,38,12,10,16,41,48,-7,46,30.936,Nathan Redmond - 7,Fraser Forster,,263.75,,,,,2016-17,25.285714
8,9,AFC Bournemouth,38,12,10,16,55,67,-12,46,11.182,Joshua King - 16,Artur Boruc,,131.6,,,,,2016-17,23.836735
9,10,West Bromwich Albion,38,12,9,17,43,51,-8,45,23.876,SalomÃ³n RondÃ³n - 8,Ben Foster,,123.2,,,,,2016-17,26.074074
10,11,West Ham United,38,12,9,17,47,64,-17,45,56.972,Michail Antonio - 9,Darren Randolph,,273.05,,,,,2016-17,23.789474
11,12,Leicester City,38,12,8,18,48,63,-15,44,31.893,Jamie Vardy - 13,Kasper Schmeichel,,514.8,,,,,2016-17,25.028571
12,13,Stoke City,38,11,11,16,41,56,-15,44,27.433,Peter Crouch - 7,Lee Grant,,186.0,,,,,2016-17,25.538462
13,14,Crystal Palace,38,12,5,21,50,63,-13,41,25.161,Christian Benteke - 15,Wayne Hennessey,,228.43,,,,,2016-17,24.934783
14,15,Swansea City,38,12,5,21,45,70,-25,41,20.619,Fernando Llorente - 15,Åukasz FabiaÅ„ski,,157.1,,,,,2016-17,25.473684
15,16,Burnley FC,38,11,7,20,39,55,-16,40,20.558,Sam Vokes - 10,Tom Heaton,,107.18,,,,,2016-17,24.339623
16,17,Watford FC,38,11,7,20,40,68,-28,40,20.571,Troy Deeney - 10,Heurelho Gomes,,175.65,,,,,2016-17,24.672131
17,18,Hull City,38,9,7,22,37,80,-43,34,20.761,Robert Snodgrass - 7,Eldin JakupoviÄ‡,Relegated,135.85,,,,,2016-17,25.121951
18,19,Middlesbrough,38,5,13,20,27,53,-26,28,30.449,Ãlvaro Negredo - 9,VÃ­ctor ValdÃ©s,Relegated,128.8,,,,,2016-17,25.842105
19,20,Sunderland AFC,38,6,6,26,29,69,-40,24,41.287,Jermain Defoe - 15,Jordan Pickford,Relegated,132.0,,,,,2016-17,26.229167
0,1,Manchester City,38,32,4,2,106,27,79,100,54.07,Sergio AgÃ¼ero - 21,Ederson,â†’ UEFA Champions League via league finish,1010.0,86.4,22.8,63.6,1.67,2017-18,23.828125
1,2,Manchester United,38,25,6,7,68,28,40,81,74.976,Romelu Lukaku - 16,David de Gea,â†’ UEFA Champions League via league finish,797.6,60.7,41.7,18.9,0.5,2017-18,23.5
2,3,Tottenham Hotspur,38,23,8,7,74,36,38,77,67.953,Harry Kane - 30,Hugo Lloris,â†’ UEFA Champions League via league finish,898.6,67.3,35.0,32.3,0.85,2017-18,23.08
3,4,Liverpool FC,38,21,12,5,84,38,46,75,53.049,Mohamed Salah - 32,"Loris Karius, Simon Mignolet",â†’ UEFA Champions League via league finish,857.5,72.8,34.0,38.8,1.02,2017-18,23.551724
4,5,Chelsea FC FC,38,21,7,10,62,38,24,70,41.282,Eden Hazard - 12,Thibaut Courtois,â†’ UEFA Europa League via cup win 1,884.25,57.9,35.3,22.7,0.6,2017-18,23.267606
5,6,Arsenal FC,38,19,6,13,74,51,23,63,59.323,Alexandre Lacazette - 14,Petr ÄŒech,â†’ UEFA Europa League via league finish,694.0,68.4,50.5,17.9,0.47,2017-18,25.178571
6,7,Burnley FC,38,14,12,12,36,39,-3,54,20.688,Chris Wood - 10,Nick Pope,â†’ UEFA Europa League via league finish 2,169.3,34.5,51.8,-17.2,-0.45,2017-18,25.410256
7,8,Everton FC,38,13,10,15,44,58,-14,49,38.797,Wayne Rooney - 10,Jordan Pickford,,381.25,41.5,52.3,-10.9,-0.29,2017-18,24.302326
8,9,Leicester City,38,12,11,15,56,60,-4,47,31.583,Jamie Vardy - 20,Kasper Schmeichel,,304.25,48.1,49.9,-1.8,-0.05,2017-18,25.851852
9,10,Newcastle United,38,12,8,18,39,47,-8,44,51.992,Ayoze PÃ©rez - 8,Rob Elliot,,208.28,45.3,53.4,-8.1,-0.21,2017-18,24.410714
10,11,Crystal Palace,38,11,11,16,45,55,-10,44,25.063,Luka MilivojeviÄ‡ - 10,Wayne Hennessey,,220.73,56.1,50.6,5.5,0.14,2017-18,23.787879
11,12,AFC Bournemouth,38,11,11,16,45,61,-16,44,10.641,"Joshua King, Callum Wilson - 8",Asmir BegoviÄ‡,,144.5,44.8,61.4,-16.6,-0.44,2017-18,25.275862
12,13,West Ham United,38,10,12,16,48,68,-20,42,56.885,Marko ArnautoviÄ‡ - 11,"Joe Hart, AdriÃ¡n",,260.6,39.8,59.3,-19.4,-0.51,2017-18,24.658537
13,14,Watford FC,38,11,8,19,44,64,-20,41,20.231,Abdoulaye DoucourÃ© - 7,Heurelho Gomes,,196.0,47.4,57.9,-10.6,-0.28,2017-18,25.33871
14,15,Brighton & Hove Albion,38,9,13,16,34,54,-20,40,30.403,Glenn Murray - 12,Mathew Ryan,,148.2,37.2,52.6,-15.5,-0.41,2017-18,25.133333
15,16,Huddersfield Town,38,9,10,19,28,58,-30,37,24.04,Steve MouniÃ© - 7,Jonas LÃ¶ssl,,106.05,31.7,55.2,-23.5,-0.62,2017-18,24.512195
16,17,Southampton FC,38,7,15,16,37,56,-19,36,30.794,Charlie Austin - 7,Fraser Forster,,297.0,42.1,48.8,-6.7,-0.18,2017-18,23.615385
17,18,Swansea City,38,8,9,21,28,56,-28,33,20.623,Jordan Ayew - 7,Åukasz FabiaÅ„ski,Relegated,165.49,30.5,59.5,-29.0,-0.76,2017-18,24.555556
18,19,Stoke City,38,7,12,19,35,68,-33,33,29.28,Xherdan Shaqiri - 8,Jack Butland,Relegated,192.45,37.5,63.8,-26.2,-0.69,2017-18,24.888889
19,20,West Bromwich Albion,38,6,13,19,31,56,-25,31,24.52,"Jay Rodriguez, SalomÃ³n RondÃ³n - 7",Ben Foster,Relegated,165.95,34.4,48.5,-14.1,-0.37,2017-18,24.535714
0,1,Manchester City,38,32,2,4,95,23,72,98,54.13,Sergio AgÃ¼ero - 21,Ederson,â†’ UEFA Champions League via league finish,1200.0,84.5,25.3,59.1,1.56,2018-19,22.0
1,2,Liverpool FC,38,30,7,1,89,22,67,97,52.983,"Sadio ManÃ©, Mohamed Salah - 22",Alisson,â†’ UEFA Champions League via league finish,1170.0,75.3,30.8,44.4,1.17,2018-19,23.184211
2,3,Chelsea FC FC,38,21,9,8,63,39,24,72,40.437,Eden Hazard - 16,Kepa Arrizabalaga,â†’ UEFA Champions League via league finish,1170.0,59.3,35.4,23.9,0.63,2018-19,23.885246
3,4,Tottenham Hotspur,38,23,2,13,67,39,28,71,54.216,Harry Kane - 17,Hugo Lloris,â†’ UEFA Champions League via league finish,898.6,58.3,45.4,12.8,0.34,2018-19,22.375
4,5,Arsenal FC,38,21,7,10,73,51,22,70,59.899,Pierre-Emerick Aubameyang - 22,Bernd Leno,â†’ UEFA Europa League via league finish,659.05,59.1,53.8,5.3,0.14,2018-19,25.206897
5,6,Manchester United,38,19,9,10,65,54,11,66,74.498,Paul Pogba - 13,David de Gea,â†’ UEFA Europa League via league finish 1,797.6,58.4,46.6,11.8,0.31,2018-19,24.052632
6,7,Wolverhampton Wanderers,38,16,9,13,47,46,1,57,31.03,RaÃºl JimÃ©nez - 13,Rui PatrÃ­cio,â†’ UEFA Europa League via league finish,302.9,48.7,39.2,9.5,0.25,2018-19,24.024691
7,8,Everton FC,38,15,9,14,54,46,8,54,39.043,"Gylfi SigurÃ°sson, Richarlison - 13",Jordan Pickford,,529.1,48.2,47.4,0.8,0.02,2018-19,25.119048
8,9,Leicester City,38,15,7,16,51,48,3,52,31.851,Jamie Vardy - 18,Kasper Schmeichel,,434.1,49.6,45.5,4.1,0.11,2018-19,24.911765
9,10,West Ham United,38,15,7,16,52,55,-3,52,58.336,Marko ArnautoviÄ‡ - 10,Åukasz FabiaÅ„ski,,359.0,46.9,61.3,-14.4,-0.38,2018-19,24.6875
10,11,Watford FC,38,14,8,16,52,59,-7,50,20.016,Gerard Deulofeu - 10,Ben Foster,,239.1,47.6,54.9,-7.3,-0.19,2018-19,23.830189
11,12,Crystal Palace,38,14,7,17,51,53,-2,49,25.455,Luka MilivojeviÄ‡ - 12,Vicente Guaita,,289.0,50.7,49.0,1.7,0.05,2018-19,26.333333
12,13,Newcastle United,38,12,9,17,42,48,-6,45,51.121,Ayoze PÃ©rez - 12,Martin DÃºbravka,,244.65,39.1,53.2,-14.1,-0.37,2018-19,25.0
13,14,AFC Bournemouth,38,13,6,19,56,70,-14,45,10.532,Callum Wilson - 14,Asmir BegoviÄ‡,,310.0,54.4,55.9,-1.5,-0.04,2018-19,25.866667
14,15,Burnley FC,38,11,7,20,45,68,-23,40,20.534,Ashley Barnes - 12,"Tom Heaton, Joe Hart",,197.25,41.1,63.7,-22.6,-0.59,2018-19,27.473684
15,16,Southampton FC,38,9,12,17,45,65,-20,39,30.139,"Danny Ings, James Ward-Prowse - 7",Alex McCarthy,,305.4,47.2,55.4,-8.2,-0.22,2018-19,25.117647
16,17,Brighton & Hove Albion,38,9,9,20,35,60,-25,36,30.426,Glenn Murray - 13,Mathew Ryan,,194.35,34.5,56.5,-22.0,-0.58,2018-19,24.666667
17,18,Cardiff City,38,10,4,24,34,69,-35,34,31.408,"Bobby Reid, VÃ­ctor Camarasa - 5",Neil Etheridge,Relegated,113.0,39.5,62.0,-22.4,-0.59,2018-19,26.114286
18,19,Fulham FC,38,7,5,26,34,81,-47,26,24.371,Aleksandar MitroviÄ‡ - 11,Sergio Rico,Relegated,254.25,38.8,65.3,-26.5,-0.7,2018-19,25.068966
19,20,Huddersfield Town,38,3,7,28,22,76,-54,16,23.203,"Mathias JÃ¸rgensen, Aaron Mooy... - 3",Jonas LÃ¶ssl,Relegated,137.45,28.9,63.4,-34.5,-0.91,2018-19,25.125
0,1,Liverpool FC,38,32,3,3,85,33,52,99,41.955,Mohamed Salah - 19,Alisson,â†’ UEFA Champions League via league finish,1000.0,71.5,40.0,31.5,0.83,2019-20,23.827586
1,2,Manchester City,38,26,3,9,102,35,67,81,37.097,Raheem Sterling - 20,Ederson,â†’ UEFA Champions League via league finish,1050.0,93.0,34.7,58.3,1.53,2019-20,22.914894
2,3,Manchester United,38,18,12,8,66,36,30,66,57.415,"Anthony Martial, Marcus Rashford - 17",David de Gea,â†’ UEFA Champions League via league finish,670.45,59.4,37.4,22.0,0.58,2019-20,24.875
3,4,Chelsea FC FC,38,20,6,12,69,54,15,66,32.023,Tammy Abraham - 15,Kepa Arrizabalaga,â†’ UEFA Champions League via league finish,705.85,66.6,37.9,28.6,0.75,2019-20,25.55102
4,5,Leicester City,38,18,8,12,67,41,26,62,25.312,Jamie Vardy - 23,Kasper Schmeichel,â†’ UEFA Europa League via league finish,411.1,61.6,44.5,17.1,0.45,2019-20,25.72
5,6,Tottenham Hotspur,38,16,11,11,61,47,14,59,43.757,Harry Kane - 18,Hugo Lloris,â†’ UEFA Europa League via league finish 1,806.8,46.1,52.0,-6.0,-0.16,2019-20,23.807692
6,7,Wolverhampton Wanderers,38,15,14,9,51,40,11,59,24.758,RaÃºl JimÃ©nez - 17,Rui PatrÃ­cio,,320.33,47.1,34.8,12.3,0.32,2019-20,23.306122
7,8,Arsenal FC,38,14,14,10,56,48,8,56,47.589,Pierre-Emerick Aubameyang - 22,Bernd Leno,â†’ UEFA Europa League via cup win 2,607.65,49.2,56.6,-7.3,-0.19,2019-20,24.916667
8,9,Sheffield United,38,14,12,12,39,39,0,54,24.37,"Oliver McBurnie, Lys Mousset - 6",Dean Henderson,,138.6,41.5,47.9,-6.4,-0.17,2019-20,26.295455
9,10,Burnley FC,38,15,9,14,43,50,-7,54,15.995,Chris Wood - 14,Nick Pope,,163.88,43.9,48.3,-4.4,-0.12,2019-20,27.578947
10,11,Southampton FC,38,15,7,16,51,60,-9,52,23.428,Danny Ings - 22,Alex McCarthy,,210.75,54.0,53.1,0.9,0.02,2019-20,25.433333
11,12,Everton FC,38,13,10,15,44,56,-12,49,28.848,"Dominic Calvert-Lewin, Richarlison - 13",Jordan Pickford,,420.3,49.3,48.4,0.9,0.02,2019-20,25.522727
12,13,Newcastle United,38,11,11,16,38,58,-20,44,35.551,Jonjo Shelvey - 6,Martin DÃºbravka,,252.48,33.1,58.3,-25.2,-0.66,2019-20,24.88
13,14,Crystal Palace,38,11,10,17,31,50,-19,43,19.784,Jordan Ayew - 9,Vicente Guaita,,189.33,34.0,51.3,-17.3,-0.46,2019-20,26.214286
14,15,Brighton & Hove Albion,38,9,14,15,39,54,-15,41,22.369,Neal Maupay - 10,Mathew Ryan,,200.78,41.2,54.5,-13.3,-0.35,2019-20,24.357143
15,16,West Ham United,38,10,9,19,49,62,-13,39,44.155,Michail Antonio - 10,Åukasz FabiaÅ„ski,,303.6,46.2,61.1,-14.8,-0.39,2019-20,26.555556
16,17,Aston Villa,38,9,8,21,41,67,-26,35,28.505,Jack Grealish - 8,Tom Heaton,,231.7,40.1,65.9,-25.8,-0.68,2019-20,26.52
17,18,AFC Bournemouth,38,9,7,22,40,65,-25,34,7.745,Callum Wilson - 8,Aaron Ramsdale,Relegated,272.78,42.7,57.5,-14.8,-0.39,2019-20,24.576923
18,19,Watford FC,38,8,10,20,36,64,-28,34,15.353,Troy Deeney - 10,Ben Foster,Relegated,199.6,45.1,57.3,-12.2,-0.32,2019-20,22.97561
19,20,Norwich City,38,5,6,27,26,75,-49,21,19.913,Teemu Pukki - 11,Tim Krul,Relegated,145.33,38.0,61.9,-23.9,-0.63,2019-20,23.862745
0,1,Manchester City,38,27,5,6,83,32,51,86,526.0,Ä°lkay GÃ¼ndoÄŸan - 13,Ederson,â†’ UEFA Champions League via league finish,1040.0,73.3,31.4,42.0,1.1,2020-21,22.64
1,2,Manchester United,38,21,11,6,73,44,29,74,526.0,Bruno Fernandes - 18,David de Gea,â†’ UEFA Champions League via league finish,770.05,60.2,42.2,18.0,0.47,2020-21,25.24
2,3,Liverpool FC,38,20,9,9,68,42,26,69,837.0,Mohamed Salah - 22,Alisson,â†’ UEFA Champions League via league finish,969.65,72.6,45.3,27.3,0.72,2020-21,24.034483
3,4,Chelsea FC FC,38,19,10,9,58,36,22,67,526.0,Jorginho - 7,Edouard Mendy,â†’ UEFA Champions League via league finish,889.2,64.0,32.8,31.2,0.82,2020-21,25.333333
4,5,Leicester City,38,20,6,12,68,50,18,66,421.0,Jamie Vardy - 15,Kasper Schmeichel,â†’ UEFA Europa League via cup win,510.7,56.0,47.7,8.3,0.22,2020-21,25.9
5,6,West Ham United,38,19,8,11,62,47,15,65,632.0,"TomÃ¡Å¡ SouÄek, Michail Antonio - 10",Åukasz FabiaÅ„ski,â†’ UEFA Europa League via league finish,334.9,53.9,48.3,5.6,0.15,2020-21,27.28125
6,7,Tottenham Hotspur,38,18,8,12,68,45,23,62,632.0,Harry Kane - 23,Hugo Lloris,â†’ UEFA Europa Conference League via league finish 1,703.5,54.5,49.5,5.0,0.13,2020-21,24.538462
7,8,Arsenal FC,38,18,7,13,55,39,16,61,632.0,Alexandre Lacazette - 13,Bernd Leno,,619.25,53.5,44.3,9.2,0.24,2020-21,25.46875
8,9,Leeds United,38,18,5,15,62,54,8,59,421.0,Patrick Bamford - 17,Illan Meslier,,238.1,57.5,62.9,-5.4,-0.14,2020-21,23.322581
9,10,Everton FC,38,17,8,13,47,48,-1,59,368.0,Dominic Calvert-Lewin - 16,Jordan Pickford,,511.2,47.1,52.0,-4.9,-0.13,2020-21,26.15
10,11,Aston Villa,38,16,7,15,55,46,9,55,526.0,Ollie Watkins - 14,Emiliano MartÃ­nez,,430.75,52.9,52.9,0.1,0.0,2020-21,26.655172
11,12,Newcastle United,38,12,9,17,46,62,-16,45,526.0,Callum Wilson - 12,Karl Darlow,,255.35,41.0,54.0,-13.0,-0.34,2020-21,25.5
12,13,Wolverhampton Wanderers,38,12,9,17,36,52,-16,45,237.0,"RÃºben Neves, Pedro Neto - 5",Rui PatrÃ­cio,,450.3,39.9,45.8,-6.0,-0.16,2020-21,23.625
13,14,Crystal Palace,38,12,8,18,41,66,-25,44,447.0,Wilfried Zaha - 11,Vicente Guaita,,193.85,32.4,57.5,-25.0,-0.66,2020-21,24.45
14,15,Southampton FC,38,12,7,19,47,68,-21,43,526.0,Danny Ings - 12,Alex McCarthy,,282.8,42.4,54.2,-11.8,-0.31,2020-21,25.707317
15,16,Brighton & Hove Albion,38,9,14,15,40,46,-6,41,523.0,Neal Maupay - 8,Robert SÃ¡nchez,,290.4,51.6,37.7,13.9,0.37,2020-21,24.823529
16,17,Burnley FC,38,10,9,19,33,55,-22,39,178.0,Chris Wood - 12,Nick Pope,,132.3,39.9,57.6,-17.7,-0.47,2020-21,26.0
17,18,Fulham FC,38,5,13,20,27,53,-26,28,211.0,Bobby Reid - 5,Alphonse Areola,Relegated,239.75,41.3,52.9,-11.7,-0.31,2020-21,26.046512
18,19,West Bromwich Albion,38,5,11,22,35,76,-41,26,283.0,Matheus Pereira - 11,Sam Johnstone,Relegated,141.15,33.8,67.7,-34.0,-0.89,2020-21,25.952381
19,20,Sheffield United,38,7,2,29,20,63,-43,23,263.0,David McGoldrick - 8,Aaron Ramsdale,Relegated,149.85,31.4,62.4,-31.0,-0.82,2020-21,24.6
