Identifiant station;Nom station;Station en fonctionnement;Capacité de la station;Nombre bornettes libres;Nombre total vélos disponibles;Vélos mécaniques disponibles;Vélos électriques disponibles;Borne de paiement disponible;Retour vélib possible;Actualisation de la donnée;Coordonnées géographiques;Nom communes équipées;Code INSEE communes équipées
;;OUI;;18;3;;;OUI;OUI;2022-03-10T17:56:27+01:00;;;
;;OUI;;24;11;;;OUI;OUI;2022-03-10T17:52:39+01:00;;;
;;OUI;;12;18;;;OUI;OUI;2022-03-10T17:58:48+01:00;;;
;;OUI;;14;6;;;OUI;OUI;2022-03-10T17:57:13+01:00;;;
;;OUI;;29;16;;;OUI;OUI;2022-03-10T17:57:03+01:00;;;
;;OUI;;44;16;;;OUI;OUI;2022-03-10T17:58:33+01:00;;;
;;OUI;;58;2;;;OUI;OUI;2022-03-10T17:58:11+01:00;;;
;;OUI;;43;5;;;OUI;OUI;2022-03-10T17:58:41+01:00;;;
;;OUI;;11;1;;;OUI;OUI;2022-03-10T17:54:21+01:00;;;
;;OUI;;20;3;;;OUI;OUI;2022-03-10T17:58:44+01:00;;;
;;OUI;;23;2;;;OUI;OUI;2022-03-10T17:58:46+01:00;;;
;;OUI;;12;5;;;OUI;OUI;2022-03-10T17:52:54+01:00;;;
;;OUI;;10;11;;;OUI;OUI;2022-03-10T17:56:35+01:00;;;
;;OUI;;17;14;;;OUI;OUI;2022-03-10T17:58:19+01:00;;;
;;OUI;;21;6;;;OUI;OUI;2022-03-10T17:57:53+01:00;;;
;;OUI;;6;14;;;OUI;OUI;2022-03-10T17:58:43+01:00;;;
;;OUI;;46;4;;;OUI;OUI;2022-03-10T17:58:20+01:00;;;
;;OUI;;33;7;;;OUI;OUI;2022-03-10T17:58:23+01:00;;;
;;OUI;;16;6;;;OUI;OUI;2022-03-10T17:58:37+01:00;;;
;;OUI;;57;5;;;OUI;OUI;2022-03-10T17:57:47+01:00;;;
;;OUI;;21;15;;;OUI;OUI;2022-03-10T17:58:26+01:00;;;
;;OUI;;14;46;;;OUI;OUI;2022-03-10T17:58:42+01:00;;;
;;OUI;;51;1;;;OUI;OUI;2022-03-10T17:50:23+01:00;;;
;;OUI;;21;8;;;OUI;OUI;2022-03-10T17:54:38+01:00;;;
;;OUI;;27;3;;;OUI;OUI;2022-03-10T17:58:07+01:00;;;
;;OUI;;21;14;;;OUI;OUI;2022-03-10T17:58:34+01:00;;;
;;OUI;;33;2;;;OUI;OUI;2022-03-10T17:58:46+01:00;;;
;;OUI;;8;9;;;OUI;OUI;2022-03-10T17:54:11+01:00;;;
;;OUI;;18;3;;;OUI;OUI;2022-03-10T17:58:39+01:00;;;
;;OUI;;25;18;;;OUI;OUI;2022-03-10T17:58:17+01:00;;;
;;OUI;;34;4;;;OUI;OUI;2022-03-10T17:58:33+01:00;;;
;;OUI;;30;4;;;OUI;OUI;2022-03-10T17:58:48+01:00;;;
;;OUI;;11;9;;;OUI;OUI;2022-03-10T17:54:20+01:00;;;
;;OUI;;38;6;;;OUI;OUI;2022-03-10T17:56:23+01:00;;;
;;OUI;;32;10;;;OUI;OUI;2022-03-10T17:56:17+01:00;;;
;;OUI;;12;21;;;OUI;OUI;2022-03-10T17:58:35+01:00;;;
;;OUI;;8;25;;;OUI;OUI;2022-03-10T17:57:39+01:00;;;
;;OUI;;43;0;;;OUI;OUI;2022-03-10T17:57:00+01:00;;;
;;OUI;;20;6;;;OUI;OUI;2022-03-10T17:58:44+01:00;;;
;;OUI;;26;0;;;NON;NON;2022-03-10T17:56:41+01:00;;;
;;OUI;;19;11;;;OUI;OUI;2022-03-10T17:58:09+01:00;;;
;;OUI;;11;5;;;OUI;OUI;2022-03-10T17:58:27+01:00;;;
;;OUI;;24;1;;;OUI;OUI;2022-03-10T17:56:11+01:00;;;
;;OUI;;16;6;;;OUI;OUI;2022-03-10T17:58:05+01:00;;;
;;OUI;;17;4;;;OUI;OUI;2022-03-10T17:55:52+01:00;;;
;;OUI;;4;14;;;OUI;OUI;2022-03-10T17:58:26+01:00;;;
;;OUI;;2;22;;;OUI;OUI;2022-03-10T17:56:03+01:00;;;
;;OUI;;23;3;;;OUI;OUI;2022-03-10T17:58:38+01:00;;;
;;OUI;;21;7;;;OUI;OUI;2022-03-10T17:55:08+01:00;;;
;;OUI;;15;3;;;OUI;OUI;2022-03-10T17:57:01+01:00;;;
;;OUI;;12;18;;;OUI;OUI;2022-03-10T17:58:31+01:00;;;
;;OUI;;2;38;;;OUI;OUI;2022-03-10T17:56:28+01:00;;;
;;OUI;;5;18;;;OUI;OUI;2022-03-10T17:52:56+01:00;;;
;;OUI;;14;3;;;OUI;OUI;2022-03-10T17:57:31+01:00;;;
;;OUI;;8;13;;;OUI;OUI;2022-03-10T17:57:41+01:00;;;
;;OUI;;6;16;;;OUI;OUI;2022-03-10T17:58:40+01:00;;;
;;OUI;;13;1;;;OUI;OUI;2022-03-10T17:55:13+01:00;;;
;;OUI;;25;0;;;OUI;OUI;2022-03-10T17:58:43+01:00;;;
;;OUI;;18;4;;;OUI;OUI;2022-03-10T17:58:26+01:00;;;
;;OUI;;21;0;;;OUI;OUI;2022-03-10T17:57:16+01:00;;;
;;OUI;;8;27;;;OUI;OUI;2022-03-10T17:57:43+01:00;;;
;;OUI;;22;3;;;OUI;OUI;2022-03-10T17:58:40+01:00;;;
;;OUI;;7;22;;;OUI;OUI;2022-03-10T17:58:37+01:00;;;
;;OUI;;44;2;;;OUI;OUI;2022-03-10T17:57:56+01:00;;;
;;OUI;;13;4;;;OUI;OUI;2022-03-10T17:58:10+01:00;;;
;;OUI;;36;14;;;OUI;OUI;2022-03-10T17:53:38+01:00;;;
;;OUI;;22;2;;;OUI;OUI;2022-03-10T17:57:14+01:00;;;
;;OUI;;17;4;;;OUI;OUI;2022-03-10T17:52:57+01:00;;;
;;OUI;;22;5;;;OUI;OUI;2022-03-10T17:57:24+01:00;;;
;;OUI;;5;24;;;OUI;OUI;2022-03-10T17:57:56+01:00;;;
;;OUI;;23;1;;;OUI;OUI;2022-03-10T17:57:23+01:00;;;
;;OUI;;22;2;;;OUI;OUI;2022-03-10T17:56:24+01:00;;;
;;OUI;;28;35;;;OUI;OUI;2022-03-10T17:58:45+01:00;;;
;;OUI;;23;9;;;OUI;OUI;2022-03-10T17:56:36+01:00;;;
;;OUI;;9;23;;;OUI;OUI;2022-03-10T17:51:22+01:00;;;
;;OUI;;1;35;;;OUI;OUI;2022-03-10T17:56:41+01:00;;;
;;OUI;;17;2;;;OUI;OUI;2022-03-10T17:57:10+01:00;;;
;;OUI;;1;13;;;OUI;OUI;2022-03-10T17:57:30+01:00;;;
;;OUI;;11;3;;;OUI;OUI;2022-03-10T17:58:39+01:00;;;
;;OUI;;25;2;;;OUI;OUI;2022-03-10T17:58:23+01:00;;;
;;OUI;;18;2;;;OUI;OUI;2022-03-10T17:58:15+01:00;;;
;;OUI;;1;26;;;OUI;OUI;2022-03-10T17:58:15+01:00;;;
;;OUI;;41;7;;;OUI;OUI;2022-03-10T17:58:20+01:00;;;
;;OUI;;6;11;;;OUI;OUI;2022-03-10T17:58:41+01:00;;;
;;OUI;;13;23;;;OUI;OUI;2022-03-10T17:56:10+01:00;;;
;;OUI;;16;1;;;OUI;OUI;2022-03-10T17:58:27+01:00;;;
;;OUI;;2;15;;;OUI;OUI;2022-03-10T17:57:30+01:00;;;
;;OUI;;0;33;;;OUI;OUI;2022-03-10T17:58:47+01:00;;;
;;OUI;;14;9;;;OUI;OUI;2022-03-10T17:58:33+01:00;;;
;;OUI;;22;4;;;OUI;OUI;2022-03-10T17:57:20+01:00;;;
;;OUI;;21;3;;;OUI;OUI;2022-03-10T17:58:48+01:00;;;
;;OUI;;12;3;;;OUI;OUI;2022-03-10T17:58:39+01:00;;;
;;OUI;;7;9;;;OUI;OUI;2022-03-10T17:53:39+01:00;;;
;;OUI;;17;7;;;OUI;OUI;2022-03-10T17:54:37+01:00;;;
;;OUI;;2;38;;;OUI;OUI;2022-03-10T17:58:25+01:00;;;
;;OUI;;12;21;;;OUI;OUI;2022-03-10T17:57:39+01:00;;;
;;OUI;;22;2;;;OUI;OUI;2022-03-10T17:53:49+01:00;;;
;;OUI;;11;11;;;OUI;OUI;2022-03-10T17:57:35+01:00;;;
;;OUI;;11;5;;;OUI;OUI;2022-03-10T17:51:28+01:00;;;
;;OUI;;18;5;;;OUI;OUI;2022-03-10T17:57:35+01:00;;;
;;OUI;;39;1;;;OUI;OUI;2022-03-10T17:58:28+01:00;;;
;;OUI;;48;1;;;OUI;OUI;2022-03-10T17:55:07+01:00;;;
;;OUI;;34;4;;;OUI;OUI;2022-03-10T17:58:49+01:00;;;
;;OUI;;0;0;;;OUI;OUI;2022-03-10T17:58:34+01:00;;;
;;OUI;;30;9;;;OUI;OUI;2022-03-10T17:58:00+01:00;;;
;;OUI;;34;0;;;OUI;OUI;2022-03-10T17:57:54+01:00;;;
;;OUI;;2;28;;;OUI;OUI;2022-03-10T17:58:23+01:00;;;
;;OUI;;1;59;;;OUI;OUI;2022-03-10T17:58:46+01:00;;;
;;OUI;;17;6;;;OUI;OUI;2022-03-10T17:58:34+01:00;;;
;;OUI;;4;29;;;OUI;OUI;2022-03-10T17:58:08+01:00;;;
;;OUI;;14;3;;;OUI;OUI;2022-03-10T17:53:05+01:00;;;
;;OUI;;12;23;;;OUI;OUI;2022-03-10T17:58:17+01:00;;;
;;OUI;;39;1;;;OUI;OUI;2022-03-10T17:58:45+01:00;;;
;;OUI;;50;3;;;OUI;OUI;2022-03-10T17:52:20+01:00;;;
;;OUI;;17;0;;;OUI;OUI;2022-03-10T17:58:39+01:00;;;
;;OUI;;2;10;;;OUI;OUI;2022-03-10T17:55:54+01:00;;;
;;OUI;;12;11;;;OUI;OUI;2022-03-10T17:58:11+01:00;;;
;;OUI;;22;12;;;OUI;OUI;2022-03-10T17:55:52+01:00;;;
;;OUI;;44;5;;;OUI;OUI;2022-03-10T17:58:36+01:00;;;
;;OUI;;22;2;;;OUI;OUI;2022-03-10T17:58:09+01:00;;;
;;OUI;;41;5;;;OUI;OUI;2022-03-10T17:57:52+01:00;;;
;;OUI;;24;11;;;OUI;OUI;2022-03-10T17:55:06+01:00;;;
;;OUI;;29;7;;;OUI;OUI;2022-03-10T17:54:09+01:00;;;
;;OUI;;14;3;;;OUI;OUI;2022-03-10T17:57:48+01:00;;;
;;OUI;;23;3;;;OUI;OUI;2022-03-10T17:56:37+01:00;;;
;;OUI;;46;3;;;OUI;OUI;2022-03-10T17:57:33+01:00;;;
;;OUI;;37;2;;;OUI;OUI;2022-03-10T17:54:40+01:00;;;
;;OUI;;19;3;;;OUI;OUI;2022-03-10T17:52:39+01:00;;;
;;OUI;;54;4;;;OUI;OUI;2022-03-10T17:58:08+01:00;;;
;;OUI;;4;12;;;OUI;OUI;2022-03-10T17:56:36+01:00;;;
;;OUI;;26;19;;;OUI;OUI;2022-03-10T17:58:08+01:00;;;
;;OUI;;13;45;;;OUI;OUI;2022-03-10T17:58:42+01:00;;;
;;OUI;;5;27;;;OUI;OUI;2022-03-10T17:56:44+01:00;;;
;;OUI;;30;0;;;OUI;OUI;2022-03-10T17:56:06+01:00;;;
;;OUI;;18;1;;;OUI;OUI;2022-03-10T17:52:30+01:00;;;
;;OUI;;26;38;;;OUI;OUI;2022-03-10T17:57:04+01:00;;;
;;OUI;;12;5;;;OUI;OUI;2022-03-10T17:58:24+01:00;;;
;;OUI;;26;9;;;OUI;OUI;2022-03-10T17:58:13+01:00;;;
;;OUI;;40;12;;;OUI;OUI;2022-03-10T17:57:22+01:00;;;
;;OUI;;24;3;;;OUI;OUI;2022-03-10T17:58:45+01:00;;;
;;OUI;;46;4;;;OUI;OUI;2022-03-10T17:56:23+01:00;;;
;;OUI;;26;2;;;OUI;OUI;2022-03-10T17:58:44+01:00;;;
;;OUI;;39;4;;;OUI;OUI;2022-03-10T17:55:10+01:00;;;
;;OUI;;29;3;;;OUI;OUI;2022-03-10T17:56:26+01:00;;;
;;OUI;;53;5;;;OUI;OUI;2022-03-10T17:56:23+01:00;;;
;;OUI;;14;11;;;OUI;OUI;2022-03-10T17:55:21+01:00;;;
;;OUI;;21;4;;;OUI;OUI;2022-03-10T17:56:00+01:00;;;
;;OUI;;8;7;;;OUI;OUI;2022-03-10T17:51:33+01:00;;;
;;OUI;;24;5;;;OUI;OUI;2022-03-10T17:58:17+01:00;;;
;;OUI;;15;4;;;OUI;OUI;2022-03-10T17:55:57+01:00;;;
;;OUI;;19;3;;;OUI;OUI;2022-03-10T17:57:17+01:00;;;
;;OUI;;4;21;;;OUI;OUI;2022-03-10T17:58:32+01:00;;;
;;OUI;;49;1;;;OUI;OUI;2022-03-10T17:58:31+01:00;;;
;;OUI;;9;23;;;OUI;OUI;2022-03-10T17:58:00+01:00;;;
;;OUI;;16;9;;;OUI;OUI;2022-03-10T17:53:58+01:00;;;
;;OUI;;23;1;;;OUI;OUI;2022-03-10T17:55:59+01:00;;;
;;OUI;;11;7;;;OUI;OUI;2022-03-10T17:55:49+01:00;;;
;;OUI;;29;36;;;OUI;OUI;2022-03-10T17:58:32+01:00;;;
;;OUI;;33;6;;;OUI;OUI;2022-03-10T17:58:47+01:00;;;
;;OUI;;12;7;;;OUI;OUI;2022-03-10T17:58:37+01:00;;;
;;OUI;;6;12;;;OUI;OUI;2022-03-10T17:58:31+01:00;;;
;;OUI;;23;1;;;OUI;OUI;2022-03-10T17:58:46+01:00;;;
;;OUI;;28;2;;;OUI;OUI;2022-03-10T17:57:18+01:00;;;
;;OUI;;21;0;;;OUI;OUI;2022-03-10T17:57:19+01:00;;;
;;OUI;;19;1;;;OUI;OUI;2022-03-10T17:58:27+01:00;;;
;;OUI;;24;1;;;OUI;OUI;2022-03-10T17:55:18+01:00;;;
;;OUI;;17;3;;;OUI;OUI;2022-03-10T17:53:37+01:00;;;
;;OUI;;22;0;;;OUI;OUI;2022-03-10T17:55:43+01:00;;;
;;OUI;;19;43;;;OUI;OUI;2022-03-10T17:57:11+01:00;;;
;;OUI;;28;9;;;OUI;OUI;2022-03-10T17:56:03+01:00;;;
;;OUI;;45;1;;;OUI;OUI;2022-03-10T17:52:28+01:00;;;
;;OUI;;16;0;;;NON;NON;2021-02-21T21:15:22+01:00;;;
;;OUI;;32;1;;;OUI;OUI;2022-03-10T17:56:40+01:00;;;
;;OUI;;51;2;;;OUI;OUI;2022-03-10T17:55:18+01:00;;;
;;OUI;;15;22;;;OUI;OUI;2022-03-10T17:57:41+01:00;;;
;;OUI;;19;7;;;OUI;OUI;2022-03-10T17:55:46+01:00;;;
;;OUI;;3;32;;;OUI;OUI;2022-03-10T17:58:01+01:00;;;
;;OUI;;24;4;;;OUI;OUI;2022-03-10T17:55:15+01:00;;;
;;OUI;;31;8;;;OUI;OUI;2022-03-10T17:58:06+01:00;;;
;;OUI;;14;2;;;OUI;OUI;2022-03-10T17:58:18+01:00;;;
;;OUI;;18;3;;;OUI;OUI;2022-03-10T17:56:51+01:00;;;
;;OUI;;57;4;;;OUI;OUI;2022-03-10T17:51:15+01:00;;;
;;OUI;;31;2;;;OUI;OUI;2022-03-10T17:57:19+01:00;;;
;;OUI;;18;2;;;OUI;OUI;2022-03-10T17:55:11+01:00;;;
;;OUI;;23;0;;;OUI;OUI;2022-03-10T17:52:23+01:00;;;
;;OUI;;26;4;;;OUI;OUI;2022-03-10T17:58:27+01:00;;;
;;OUI;;20;10;;;OUI;OUI;2022-03-10T17:49:37+01:00;;;
;;OUI;;13;11;;;OUI;OUI;2022-03-10T17:57:58+01:00;;;
;;OUI;;13;17;;;OUI;OUI;2022-03-10T17:58:34+01:00;;;
;;OUI;;23;11;;;OUI;OUI;2022-03-10T17:58:31+01:00;;;
;;OUI;;30;0;;;OUI;OUI;2022-03-10T17:58:33+01:00;;;
;;OUI;;7;19;;;OUI;OUI;2022-03-10T17:56:30+01:00;;;
;;OUI;;15;17;;;OUI;OUI;2022-03-10T17:58:42+01:00;;;
;;OUI;;22;1;;;OUI;OUI;2022-03-10T17:54:39+01:00;;;
;;OUI;;3;26;;;OUI;OUI;2022-03-10T17:57:27+01:00;;;
;;OUI;;13;6;;;OUI;OUI;2022-03-10T17:58:29+01:00;;;
;;OUI;;21;9;;;OUI;OUI;2022-03-10T17:57:22+01:00;;;
;;OUI;;17;7;;;OUI;OUI;2022-03-10T17:58:14+01:00;;;
;;OUI;;19;5;;;OUI;OUI;2022-03-10T17:52:59+01:00;;;
;;OUI;;49;1;;;OUI;OUI;2022-03-10T17:53:09+01:00;;;
;;OUI;;23;3;;;OUI;OUI;2022-03-10T17:55:29+01:00;;;
;;OUI;;34;30;;;OUI;OUI;2022-03-10T17:58:36+01:00;;;
;;OUI;;21;6;;;OUI;OUI;2022-03-10T17:56:31+01:00;;;
;;OUI;;15;1;;;OUI;OUI;2022-03-10T17:55:02+01:00;;;
;;OUI;;2;22;;;OUI;OUI;2022-03-10T17:58:42+01:00;;;
;;OUI;;18;2;;;OUI;OUI;2022-03-10T17:53:56+01:00;;;
;;OUI;;13;14;;;OUI;OUI;2022-03-10T17:57:03+01:00;;;
;;OUI;;3;48;;;OUI;OUI;2022-03-10T17:57:50+01:00;;;
;;OUI;;30;3;;;OUI;OUI;2022-03-10T17:56:29+01:00;;;
;;OUI;;23;2;;;OUI;OUI;2022-03-10T17:56:43+01:00;;;
;;OUI;;49;8;;;OUI;OUI;2022-03-10T17:58:41+01:00;;;
;;OUI;;16;14;;;OUI;OUI;2022-03-10T17:56:46+01:00;;;
;;OUI;;20;3;;;OUI;OUI;2022-03-10T17:55:54+01:00;;;
;;OUI;;25;1;;;OUI;OUI;2022-03-10T17:51:45+01:00;;;
;;OUI;;14;6;;;OUI;OUI;2022-03-10T17:58:14+01:00;;;
;;OUI;;18;2;;;OUI;OUI;2022-03-10T17:57:58+01:00;;;
;;OUI;;28;4;;;OUI;OUI;2022-03-10T17:56:51+01:00;;;
;;OUI;;44;11;;;OUI;OUI;2022-03-10T17:58:47+01:00;;;
;;OUI;;19;3;;;OUI;OUI;2022-03-10T17:56:31+01:00;;;
;;OUI;;3;28;;;OUI;OUI;2022-03-10T17:58:24+01:00;;;
;;OUI;;6;18;;;OUI;OUI;2022-03-10T17:57:39+01:00;;;
;;OUI;;6;13;;;OUI;OUI;2022-03-10T17:58:42+01:00;;;
;;OUI;;20;0;;;OUI;OUI;2022-03-10T17:50:19+01:00;;;
;;OUI;;18;10;;;OUI;OUI;2022-03-10T17:58:16+01:00;;;
;;OUI;;26;17;;;OUI;OUI;2022-03-10T17:58:26+01:00;;;
;;OUI;;31;6;;;OUI;OUI;2022-03-10T17:58:22+01:00;;;
;;OUI;;15;21;;;OUI;OUI;2022-03-10T17:58:28+01:00;;;
;;OUI;;19;3;;;OUI;OUI;2022-03-10T17:56:05+01:00;;;
;;OUI;;30;3;;;OUI;OUI;2022-03-10T17:56:41+01:00;;;
;;OUI;;35;0;;;NON;NON;2022-03-10T17:48:57+01:00;;;
;;OUI;;21;7;;;OUI;OUI;2022-03-10T17:57:02+01:00;;;
;;OUI;;12;37;;;OUI;OUI;2022-03-10T17:58:30+01:00;;;
;;OUI;;37;8;;;OUI;OUI;2022-03-10T17:57:14+01:00;;;
;;OUI;;7;21;;;OUI;OUI;2022-03-10T17:57:57+01:00;;;
;;OUI;;12;45;;;OUI;OUI;2022-03-10T17:52:55+01:00;;;
;;OUI;;15;12;;;OUI;OUI;2022-03-10T17:57:55+01:00;;;
;;OUI;;19;1;;;OUI;OUI;2022-03-10T17:56:14+01:00;;;
;;OUI;;21;10;;;OUI;OUI;2022-03-10T17:57:47+01:00;;;
;;OUI;;32;1;;;OUI;OUI;2022-03-10T17:56:22+01:00;;;
;;OUI;;30;4;;;OUI;OUI;2022-03-10T17:56:01+01:00;;;
;;OUI;;17;7;;;OUI;OUI;2022-03-10T17:58:42+01:00;;;
;;OUI;;19;15;;;OUI;OUI;2022-03-10T17:56:09+01:00;;;
;;OUI;;40;2;;;OUI;OUI;2022-03-10T17:57:45+01:00;;;
;;OUI;;22;4;;;OUI;OUI;2022-03-10T17:55:42+01:00;;;
;;OUI;;45;5;;;OUI;OUI;2022-03-10T17:57:23+01:00;;;
;;OUI;;18;1;;;OUI;OUI;2022-03-10T17:57:17+01:00;;;
;;OUI;;24;5;;;OUI;OUI;2022-03-10T17:56:55+01:00;;;
;;OUI;;23;3;;;OUI;OUI;2022-03-10T17:58:21+01:00;;;
;;OUI;;16;6;;;OUI;OUI;2022-03-10T17:55:10+01:00;;;
;;OUI;;30;8;;;OUI;OUI;2022-03-10T17:54:15+01:00;;;
;;OUI;;8;18;;;OUI;OUI;2022-03-10T17:56:24+01:00;;;
;;OUI;;5;33;;;OUI;OUI;2022-03-10T17:58:16+01:00;;;
;;OUI;;25;9;;;OUI;OUI;2022-03-10T17:56:07+01:00;;;
;;OUI;;12;6;;;OUI;OUI;2022-03-10T17:54:33+01:00;;;
;;OUI;;24;2;;;OUI;OUI;2022-03-10T17:58:12+01:00;;;
;;OUI;;17;35;;;OUI;OUI;2022-03-10T17:58:39+01:00;;;
;;OUI;;30;2;;;OUI;OUI;2022-03-10T17:57:14+01:00;;;
;;OUI;;35;23;;;OUI;OUI;2022-03-10T17:58:32+01:00;;;
;;OUI;;37;1;;;OUI;OUI;2022-03-10T17:58:12+01:00;;;
;;OUI;;26;7;;;OUI;OUI;2022-03-10T17:57:40+01:00;;;
;;OUI;;49;2;;;OUI;OUI;2022-03-10T17:57:26+01:00;;;
;;OUI;;48;15;;;OUI;OUI;2022-03-10T17:56:06+01:00;;;
;;OUI;;35;13;;;OUI;OUI;2022-03-10T17:58:32+01:00;;;
;;OUI;;18;18;;;OUI;OUI;2022-03-10T17:55:01+01:00;;;
;;OUI;;22;4;;;OUI;OUI;2022-03-10T17:58:20+01:00;;;
;;OUI;;9;16;;;OUI;OUI;2022-03-10T17:58:13+01:00;;;
;;OUI;;39;12;;;OUI;OUI;2022-03-10T17:57:32+01:00;;;
;;OUI;;8;18;;;OUI;OUI;2022-03-10T17:57:41+01:00;;;
;;OUI;;24;4;;;OUI;OUI;2022-03-10T17:58:13+01:00;;;
;;OUI;;17;3;;;OUI;OUI;2022-03-10T17:58:10+01:00;;;
;;OUI;;39;1;;;OUI;OUI;2022-03-10T17:56:59+01:00;;;
;;OUI;;20;8;;;OUI;OUI;2022-03-10T17:55:31+01:00;;;
;;OUI;;4;31;;;OUI;OUI;2022-03-10T17:57:33+01:00;;;
;;OUI;;18;3;;;OUI;OUI;2022-03-10T17:57:58+01:00;;;
;;OUI;;20;16;;;OUI;OUI;2022-03-10T17:58:22+01:00;;;
;;OUI;;19;5;;;OUI;OUI;2022-03-10T17:57:11+01:00;;;
;;OUI;;21;6;;;OUI;OUI;2022-03-10T17:57:28+01:00;;;
;;OUI;;11;36;;;OUI;OUI;2022-03-10T17:56:42+01:00;;;
;;OUI;;45;7;;;OUI;OUI;2022-03-10T17:57:48+01:00;;;
;;OUI;;16;3;;;OUI;OUI;2022-03-10T17:54:04+01:00;;;
;;OUI;;47;6;;;OUI;OUI;2022-03-10T17:57:23+01:00;;;
;;OUI;;28;28;;;OUI;OUI;2022-03-10T17:58:49+01:00;;;
;;OUI;;25;4;;;OUI;OUI;2022-03-10T17:52:22+01:00;;;
;;OUI;;12;18;;;OUI;OUI;2022-03-10T17:58:15+01:00;;;
;;OUI;;27;6;;;OUI;OUI;2022-03-10T17:58:09+01:00;;;
;;OUI;;11;22;;;OUI;OUI;2022-03-10T17:56:03+01:00;;;
;;OUI;;21;13;;;OUI;OUI;2022-03-10T17:57:01+01:00;;;
;;OUI;;14;5;;;OUI;OUI;2022-03-10T17:58:48+01:00;;;
;;OUI;;12;7;;;OUI;OUI;2022-03-10T17:56:38+01:00;;;
;;OUI;;9;13;;;OUI;OUI;2022-03-10T17:57:32+01:00;;;
;;OUI;;3;19;;;OUI;OUI;2022-03-10T17:58:04+01:00;;;
;;OUI;;50;9;;;OUI;OUI;2022-03-10T17:58:04+01:00;;;
;;OUI;;27;6;;;OUI;OUI;2022-03-10T17:57:34+01:00;;;
;;OUI;;14;25;;;OUI;OUI;2022-03-10T17:58:49+01:00;;;
;;OUI;;32;1;;;OUI;OUI;2022-03-10T17:57:44+01:00;;;
;;OUI;;16;6;;;OUI;OUI;2022-03-10T17:57:47+01:00;;;
;;OUI;;1;21;;;OUI;OUI;2022-03-10T17:56:27+01:00;;;
;;OUI;;7;42;;;OUI;OUI;2022-03-10T17:52:21+01:00;;;
;;OUI;;29;34;;;OUI;OUI;2022-03-10T17:57:53+01:00;;;
;;OUI;;24;1;;;OUI;OUI;2022-03-10T17:52:55+01:00;;;
;;OUI;;34;18;;;OUI;OUI;2022-03-10T17:58:46+01:00;;;
;;OUI;;20;0;;;OUI;OUI;2022-03-10T17:58:37+01:00;;;
;;OUI;;28;2;;;OUI;OUI;2022-03-10T17:58:28+01:00;;;
;;OUI;;34;6;;;OUI;OUI;2022-03-10T17:54:59+01:00;;;
;;OUI;;28;6;;;OUI;OUI;2022-03-10T17:57:27+01:00;;;
;;OUI;;16;7;;;OUI;OUI;2022-03-10T17:58:42+01:00;;;
;;OUI;;22;4;;;OUI;OUI;2022-03-10T17:58:29+01:00;;;
;;OUI;;37;5;;;OUI;OUI;2022-03-10T17:57:04+01:00;;;
;;OUI;;9;18;;;OUI;OUI;2022-03-10T17:57:43+01:00;;;
;;OUI;;16;3;;;OUI;OUI;2022-03-10T17:57:46+01:00;;;
;;OUI;;4;30;;;OUI;OUI;2022-03-10T17:58:10+01:00;;;
;;OUI;;14;21;;;OUI;OUI;2022-03-10T17:57:09+01:00;;;
;;OUI;;14;19;;;OUI;OUI;2022-03-10T17:57:08+01:00;;;
;;OUI;;10;15;;;OUI;OUI;2022-03-10T17:56:55+01:00;;;
;;OUI;;21;1;;;OUI;OUI;2022-03-10T17:53:04+01:00;;;
;;OUI;;21;5;;;OUI;OUI;2022-03-10T17:58:18+01:00;;;
;;OUI;;9;5;;;OUI;OUI;2022-03-10T17:58:35+01:00;;;
;;OUI;;31;5;;;OUI;OUI;2022-03-10T17:58:18+01:00;;;
;;OUI;;15;18;;;OUI;OUI;2022-03-10T17:58:16+01:00;;;
;;OUI;;18;12;;;OUI;OUI;2022-03-10T17:56:52+01:00;;;
;;OUI;;18;1;;;OUI;OUI;2022-03-10T17:58:38+01:00;;;
;;OUI;;43;2;;;OUI;OUI;2022-03-10T17:57:23+01:00;;;
;;OUI;;20;2;;;OUI;OUI;2022-03-10T17:54:45+01:00;;;
;;OUI;;38;12;;;OUI;OUI;2022-03-10T17:58:45+01:00;;;
;;OUI;;20;8;;;OUI;OUI;2022-03-10T17:56:23+01:00;;;
;;OUI;;21;3;;;OUI;OUI;2022-03-10T17:58:42+01:00;;;
;;OUI;;20;7;;;OUI;OUI;2022-03-10T17:57:51+01:00;;;
;;OUI;;23;7;;;OUI;OUI;2022-03-10T17:54:55+01:00;;;
;;OUI;;31;20;;;OUI;OUI;2022-03-10T17:58:27+01:00;;;
;;OUI;;25;3;;;OUI;OUI;2022-03-10T17:58:14+01:00;;;
;;OUI;;17;9;;;OUI;OUI;2022-03-10T17:57:33+01:00;;;
;;OUI;;2;26;;;OUI;OUI;2022-03-10T17:58:10+01:00;;;
;;OUI;;18;0;;;OUI;OUI;2022-03-10T17:53:12+01:00;;;
;;OUI;;11;19;;;OUI;OUI;2022-03-10T17:57:31+01:00;;;
;;OUI;;13;5;;;OUI;OUI;2022-03-10T17:57:17+01:00;;;
;;OUI;;29;4;;;OUI;OUI;2022-03-10T17:58:40+01:00;;;
;;OUI;;14;4;;;OUI;OUI;2022-03-10T17:57:08+01:00;;;
;;OUI;;22;25;;;OUI;OUI;2022-03-10T17:58:35+01:00;;;
;;OUI;;5;32;;;OUI;OUI;2022-03-10T17:57:57+01:00;;;
;;OUI;;59;0;;;OUI;OUI;2022-03-10T17:57:35+01:00;;;
;;OUI;;12;8;;;OUI;OUI;2022-03-10T17:55:05+01:00;;;
;;OUI;;17;6;;;OUI;OUI;2022-03-10T17:56:52+01:00;;;
;;OUI;;12;8;;;OUI;OUI;2022-03-10T17:58:33+01:00;;;
;;OUI;;45;2;;;OUI;OUI;2022-03-10T17:55:32+01:00;;;
;;OUI;;25;2;;;OUI;OUI;2022-03-10T17:58:02+01:00;;;
;;OUI;;29;4;;;OUI;OUI;2022-03-10T17:54:03+01:00;;;
;;OUI;;10;61;;;OUI;OUI;2022-03-10T17:58:32+01:00;;;
;;OUI;;19;0;;;OUI;OUI;2022-03-10T17:57:39+01:00;;;
;;OUI;;8;18;;;OUI;OUI;2022-03-10T17:58:32+01:00;;;
;;OUI;;37;9;;;OUI;OUI;2022-03-10T17:58:22+01:00;;;
;;OUI;;11;14;;;OUI;OUI;2022-03-10T17:57:47+01:00;;;
;;OUI;;15;25;;;OUI;OUI;2022-03-10T17:58:28+01:00;;;
;;OUI;;5;31;;;OUI;OUI;2022-03-10T17:58:19+01:00;;;
;;OUI;;14;2;;;OUI;OUI;2022-03-10T17:57:12+01:00;;;
;;OUI;;1;31;;;OUI;OUI;2022-03-10T17:58:40+01:00;;;
;;OUI;;33;10;;;OUI;OUI;2022-03-10T17:57:26+01:00;;;
;;OUI;;4;25;;;OUI;OUI;2022-03-10T17:58:17+01:00;;;
;;OUI;;0;16;;;OUI;OUI;2022-03-10T17:57:52+01:00;;;
;;OUI;;23;3;;;OUI;OUI;2022-03-10T17:58:47+01:00;;;
;;OUI;;21;15;;;OUI;OUI;2022-03-10T17:57:05+01:00;;;
;;OUI;;22;9;;;OUI;OUI;2022-03-10T17:57:50+01:00;;;
;;OUI;;27;12;;;OUI;OUI;2022-03-10T17:58:48+01:00;;;
;;OUI;;18;5;;;OUI;OUI;2022-03-10T17:57:20+01:00;;;
;;OUI;;3;36;;;OUI;OUI;2022-03-10T17:58:40+01:00;;;
;;OUI;;42;4;;;OUI;OUI;2022-03-10T17:58:13+01:00;;;
;;OUI;;39;4;;;OUI;OUI;2022-03-10T17:58:33+01:00;;;
;;OUI;;12;2;;;OUI;OUI;2022-03-10T17:57:57+01:00;;;
;;OUI;;12;4;;;OUI;OUI;2022-03-10T17:58:35+01:00;;;
;;OUI;;30;6;;;OUI;OUI;2022-03-10T17:58:23+01:00;;;
;;OUI;;10;56;;;OUI;OUI;2022-03-10T17:58:41+01:00;;;
;;OUI;;32;0;;;OUI;OUI;2022-03-10T17:57:21+01:00;;;
;;OUI;;45;3;;;OUI;OUI;2022-03-10T17:58:33+01:00;;;
;;OUI;;5;18;;;OUI;OUI;2022-03-10T17:57:01+01:00;;;
;;OUI;;26;1;;;OUI;OUI;2022-03-10T17:57:54+01:00;;;
;;OUI;;14;41;;;OUI;OUI;2022-03-10T17:58:34+01:00;;;
;;OUI;;26;7;;;OUI;OUI;2022-03-10T17:58:15+01:00;;;
;;OUI;;58;5;;;OUI;OUI;2022-03-10T17:56:51+01:00;;;
;;OUI;;18;7;;;OUI;OUI;2022-03-10T17:56:04+01:00;;;
;;OUI;;16;3;;;OUI;OUI;2022-03-10T17:52:58+01:00;;;
;;OUI;;34;2;;;OUI;OUI;2022-03-10T17:53:52+01:00;;;
;;OUI;;32;3;;;OUI;OUI;2022-03-10T17:53:17+01:00;;;
;;OUI;;20;7;;;OUI;OUI;2022-03-10T17:58:19+01:00;;;
;;OUI;;15;4;;;OUI;OUI;2022-03-10T17:50:27+01:00;;;
;;OUI;;15;8;;;OUI;OUI;2022-03-10T17:58:42+01:00;;;
;;OUI;;43;3;;;OUI;OUI;2022-03-10T17:56:35+01:00;;;
;;OUI;;18;22;;;OUI;OUI;2022-03-10T17:56:07+01:00;;;
;;OUI;;24;16;;;OUI;OUI;2022-03-10T17:58:05+01:00;;;
;;OUI;;17;1;;;OUI;OUI;2022-03-10T17:49:52+01:00;;;
;;OUI;;33;3;;;OUI;OUI;2022-03-10T17:58:42+01:00;;;
;;OUI;;3;56;;;OUI;OUI;2022-03-10T17:56:15+01:00;;;
;;OUI;;5;25;;;OUI;OUI;2022-03-10T17:57:04+01:00;;;
;;OUI;;50;5;;;OUI;OUI;2022-03-10T17:58:17+01:00;;;
;;OUI;;17;14;;;OUI;OUI;2022-03-10T17:58:48+01:00;;;
;;OUI;;25;1;;;OUI;OUI;2022-03-10T17:53:31+01:00;;;
;;OUI;;8;26;;;OUI;OUI;2022-03-10T17:58:21+01:00;;;
;;OUI;;12;5;;;OUI;OUI;2022-03-10T17:58:33+01:00;;;
;;OUI;;21;30;;;OUI;OUI;2022-03-10T17:58:26+01:00;;;
;;OUI;;23;2;;;OUI;OUI;2022-03-10T17:54:11+01:00;;;
;;OUI;;17;2;;;OUI;OUI;2022-03-10T17:53:43+01:00;;;
;;OUI;;20;2;;;OUI;OUI;2022-03-10T17:55:15+01:00;;;
;;OUI;;19;7;;;OUI;OUI;2022-03-10T17:57:37+01:00;;;
;;OUI;;32;5;;;OUI;OUI;2022-03-10T17:53:48+01:00;;;
;;OUI;;17;5;;;OUI;OUI;2022-03-10T17:55:29+01:00;;;
;;OUI;;21;4;;;OUI;OUI;2022-03-10T17:58:47+01:00;;;
;;OUI;;26;3;;;OUI;OUI;2022-03-10T17:58:43+01:00;;;
;;OUI;;20;5;;;OUI;OUI;2022-03-10T17:58:29+01:00;;;
;;OUI;;17;5;;;OUI;OUI;2022-03-10T17:57:55+01:00;;;
;;OUI;;23;17;;;OUI;OUI;2022-03-10T17:57:41+01:00;;;
;;OUI;;40;1;;;OUI;OUI;2022-03-10T17:55:15+01:00;;;
;;OUI;;48;2;;;OUI;OUI;2022-03-10T17:52:31+01:00;;;
;;OUI;;5;17;;;OUI;OUI;2022-03-10T17:57:58+01:00;;;
;;OUI;;30;1;;;OUI;OUI;2022-03-10T17:58:17+01:00;;;
;;OUI;;29;1;;;OUI;OUI;2022-03-10T17:57:23+01:00;;;
;;OUI;;1;13;;;OUI;OUI;2022-03-10T17:57:34+01:00;;;
;;OUI;;20;5;;;OUI;OUI;2022-03-10T17:57:10+01:00;;;
;;OUI;;12;18;;;OUI;OUI;2022-03-10T17:58:20+01:00;;;
;;OUI;;9;13;;;OUI;OUI;2022-03-10T17:58:18+01:00;;;
;;OUI;;29;1;;;OUI;OUI;2022-03-10T17:58:00+01:00;;;
;;OUI;;11;5;;;OUI;OUI;2022-03-10T17:54:28+01:00;;;
;;OUI;;16;8;;;OUI;OUI;2022-03-10T17:55:09+01:00;;;
;;OUI;;9;2;;;OUI;OUI;2022-03-10T17:58:45+01:00;;;
;;OUI;;33;3;;;OUI;OUI;2022-03-10T17:56:32+01:00;;;
;;OUI;;0;0;;;NON;NON;2021-02-11T10:14:41+01:00;;;
;;OUI;;18;8;;;OUI;OUI;2022-03-10T17:58:46+01:00;;;
;;OUI;;19;1;;;OUI;OUI;2022-03-10T17:57:22+01:00;;;
;;OUI;;20;5;;;OUI;OUI;2022-03-10T17:58:48+01:00;;;
;;OUI;;33;6;;;OUI;OUI;2022-03-10T17:55:58+01:00;;;
;;OUI;;35;7;;;OUI;OUI;2022-03-10T17:57:27+01:00;;;
;;OUI;;21;2;;;OUI;OUI;2022-03-10T17:58:13+01:00;;;
;;OUI;;13;15;;;OUI;OUI;2022-03-10T17:57:30+01:00;;;
;;OUI;;5;20;;;OUI;OUI;2022-03-10T17:58:25+01:00;;;
;;OUI;;19;4;;;OUI;OUI;2022-03-10T17:52:27+01:00;;;
;;OUI;;28;7;;;OUI;OUI;2022-03-10T17:58:39+01:00;;;
;;OUI;;19;2;;;OUI;OUI;2022-03-10T17:58:09+01:00;;;
;;OUI;;14;1;;;OUI;OUI;2022-03-10T17:58:18+01:00;;;
;;OUI;;7;28;;;OUI;OUI;2022-03-10T17:57:33+01:00;;;
;;OUI;;28;3;;;OUI;OUI;2022-03-10T17:54:35+01:00;;;
;;OUI;;22;9;;;OUI;OUI;2022-03-10T17:49:40+01:00;;;
;;OUI;;30;23;;;OUI;OUI;2022-03-10T17:54:08+01:00;;;
;;OUI;;17;1;;;OUI;OUI;2022-03-10T17:58:38+01:00;;;
;;OUI;;17;5;;;OUI;OUI;2022-03-10T17:58:31+01:00;;;
;;OUI;;22;1;;;OUI;OUI;2022-03-10T17:58:16+01:00;;;
;;OUI;;20;16;;;OUI;OUI;2022-03-10T17:57:27+01:00;;;
;;OUI;;13;38;;;OUI;OUI;2022-03-10T17:58:48+01:00;;;
;;OUI;;31;12;;;OUI;OUI;2022-03-10T17:58:47+01:00;;;
;;OUI;;5;29;;;OUI;OUI;2022-03-10T17:57:44+01:00;;;
;;OUI;;19;4;;;OUI;OUI;2022-03-10T17:56:55+01:00;;;
;;NON;;46;0;;;NON;NON;2022-02-22T07:22:51+01:00;;;
;;OUI;;2;13;;;OUI;OUI;2022-03-10T17:58:09+01:00;;;
;;OUI;;24;25;;;OUI;OUI;2022-03-10T17:58:03+01:00;;;
;;OUI;;16;20;;;OUI;OUI;2022-03-10T17:58:44+01:00;;;
;;OUI;;6;23;;;OUI;OUI;2022-03-10T17:58:35+01:00;;;
;;OUI;;19;2;;;OUI;OUI;2022-03-10T17:58:34+01:00;;;
;;OUI;;27;0;;;NON;NON;2022-01-18T22:07:57+01:00;;;
;;OUI;;5;16;;;OUI;OUI;2022-03-10T17:54:51+01:00;;;
;;OUI;;43;4;;;OUI;OUI;2022-03-10T17:58:19+01:00;;;
;;OUI;;15;2;;;OUI;OUI;2022-03-10T17:58:37+01:00;;;
;;OUI;;43;5;;;OUI;OUI;2022-03-10T17:58:34+01:00;;;
;;OUI;;32;2;;;OUI;OUI;2022-03-10T17:57:58+01:00;;;
;;OUI;;15;6;;;OUI;OUI;2022-03-10T17:58:01+01:00;;;
;;OUI;;14;8;;;OUI;OUI;2022-03-10T17:56:02+01:00;;;
;;OUI;;33;17;;;OUI;OUI;2022-03-10T17:57:34+01:00;;;
;;OUI;;6;21;;;OUI;OUI;2022-03-10T17:58:05+01:00;;;
;;OUI;;5;27;;;OUI;OUI;2022-03-10T17:57:26+01:00;;;
;;OUI;;16;3;;;OUI;OUI;2022-03-10T17:58:38+01:00;;;
;;OUI;;27;7;;;OUI;OUI;2022-03-10T17:54:05+01:00;;;
;;OUI;;22;11;;;OUI;OUI;2022-03-10T17:58:22+01:00;;;
;;OUI;;2;23;;;OUI;OUI;2022-03-10T17:58:36+01:00;;;
;;OUI;;57;5;;;OUI;OUI;2022-03-10T17:52:35+01:00;;;
;;OUI;;30;5;;;OUI;OUI;2022-03-10T17:58:11+01:00;;;
;;OUI;;5;21;;;OUI;OUI;2022-03-10T17:58:12+01:00;;;
;;OUI;;11;39;;;OUI;OUI;2022-03-10T17:58:40+01:00;;;
;;OUI;;5;22;;;OUI;OUI;2022-03-10T17:58:27+01:00;;;
;;OUI;;28;2;;;OUI;OUI;2022-03-10T17:58:48+01:00;;;
;;OUI;;14;26;;;OUI;OUI;2022-03-10T17:58:13+01:00;;;
;;OUI;;17;34;;;OUI;OUI;2022-03-10T17:57:37+01:00;;;
;;OUI;;18;29;;;OUI;OUI;2022-03-10T17:58:31+01:00;;;
;;OUI;;30;19;;;OUI;OUI;2022-03-10T17:57:44+01:00;;;
;;OUI;;25;4;;;OUI;OUI;2022-03-10T17:57:18+01:00;;;
;;OUI;;15;39;;;OUI;OUI;2022-03-10T17:58:26+01:00;;;
;;OUI;;4;26;;;OUI;OUI;2022-03-10T17:57:51+01:00;;;
;;OUI;;26;4;;;OUI;OUI;2022-03-10T17:58:38+01:00;;;
;;OUI;;4;12;;;OUI;OUI;2022-03-10T17:57:05+01:00;;;
;;OUI;;25;3;;;OUI;OUI;2022-03-10T17:53:56+01:00;;;
;;OUI;;15;29;;;OUI;OUI;2022-03-10T17:58:20+01:00;;;
;;OUI;;12;7;;;OUI;OUI;2022-03-10T17:57:33+01:00;;;
;;OUI;;21;3;;;OUI;OUI;2022-03-10T17:55:54+01:00;;;
;;OUI;;12;15;;;OUI;OUI;2022-03-10T17:58:11+01:00;;;
;;OUI;;1;33;;;OUI;OUI;2022-03-10T17:58:46+01:00;;;
;;OUI;;34;8;;;OUI;OUI;2022-03-10T17:56:30+01:00;;;
;;OUI;;41;15;;;OUI;OUI;2022-03-10T17:58:08+01:00;;;
;;OUI;;14;21;;;OUI;OUI;2022-03-10T17:57:08+01:00;;;
;;OUI;;5;21;;;OUI;OUI;2022-03-10T17:58:10+01:00;;;
;;OUI;;12;16;;;OUI;OUI;2022-03-10T17:58:30+01:00;;;
;;OUI;;14;29;;;OUI;OUI;2022-03-10T17:58:46+01:00;;;
;;OUI;;17;1;;;OUI;OUI;2022-03-10T17:55:52+01:00;;;
;;OUI;;10;23;;;OUI;OUI;2022-03-10T17:58:18+01:00;;;
;;OUI;;18;3;;;OUI;OUI;2022-03-10T17:54:46+01:00;;;
;;OUI;;17;28;;;OUI;OUI;2022-03-10T17:58:16+01:00;;;
;;OUI;;35;3;;;OUI;OUI;2022-03-10T17:58:45+01:00;;;
;;OUI;;24;1;;;NON;NON;2022-01-06T16:54:17+01:00;;;
;;OUI;;50;6;;;OUI;OUI;2022-03-10T17:56:02+01:00;;;
;;OUI;;38;4;;;OUI;OUI;2022-03-10T17:58:40+01:00;;;
;;OUI;;12;14;;;OUI;OUI;2022-03-10T17:56:47+01:00;;;
;;OUI;;40;7;;;OUI;OUI;2022-03-10T17:58:27+01:00;;;
;;OUI;;34;5;;;OUI;OUI;2022-03-10T17:57:14+01:00;;;
;;OUI;;24;6;;;OUI;OUI;2022-03-10T17:58:40+01:00;;;
;;OUI;;12;3;;;OUI;OUI;2022-03-10T17:57:24+01:00;;;
;;OUI;;2;20;;;OUI;OUI;2022-03-10T17:58:36+01:00;;;
;;OUI;;15;47;;;OUI;OUI;2022-03-10T17:58:39+01:00;;;
;;OUI;;23;1;;;OUI;OUI;2022-03-10T17:57:55+01:00;;;
;;OUI;;3;24;;;OUI;OUI;2022-03-10T17:56:52+01:00;;;
;;OUI;;19;3;;;OUI;OUI;2022-03-10T17:56:28+01:00;;;
;;OUI;;11;15;;;OUI;OUI;2022-03-10T17:57:48+01:00;;;
;;OUI;;30;2;;;OUI;OUI;2022-03-10T17:55:51+01:00;;;
;;OUI;;20;4;;;OUI;OUI;2022-03-10T17:58:07+01:00;;;
;;OUI;;29;13;;;OUI;OUI;2022-03-10T17:58:39+01:00;;;
;;OUI;;19;2;;;OUI;OUI;2022-03-10T17:58:45+01:00;;;
;;OUI;;13;4;;;OUI;OUI;2022-03-10T17:58:02+01:00;;;
;;OUI;;19;5;;;OUI;OUI;2022-03-10T17:58:45+01:00;;;
;;OUI;;2;53;;;OUI;OUI;2022-03-10T17:57:40+01:00;;;
;;OUI;;4;19;;;OUI;OUI;2022-03-10T17:58:26+01:00;;;
;;OUI;;4;61;;;OUI;OUI;2022-03-10T17:57:15+01:00;;;
;;OUI;;40;0;;;OUI;OUI;2022-03-10T17:53:57+01:00;;;
;;OUI;;28;1;;;OUI;OUI;2022-03-10T17:57:58+01:00;;;
;;OUI;;14;1;;;OUI;OUI;2022-03-10T17:53:31+01:00;;;
;;OUI;;8;12;;;OUI;OUI;2022-03-10T17:58:07+01:00;;;
;;OUI;;8;25;;;OUI;OUI;2022-03-10T17:57:21+01:00;;;
;;OUI;;8;13;;;OUI;OUI;2022-03-10T17:58:08+01:00;;;
;;OUI;;37;1;;;OUI;OUI;2022-03-10T17:58:10+01:00;;;
;;OUI;;23;0;;;OUI;OUI;2022-03-10T17:57:24+01:00;;;
;;OUI;;7;17;;;OUI;OUI;2022-03-10T17:58:37+01:00;;;
;;OUI;;49;1;;;OUI;OUI;2022-03-10T17:58:20+01:00;;;
;;OUI;;20;6;;;OUI;OUI;2022-03-10T17:58:48+01:00;;;
;;OUI;;0;32;;;OUI;OUI;2022-03-10T17:58:27+01:00;;;
;;OUI;;2;34;;;OUI;OUI;2022-03-10T17:58:45+01:00;;;
;;OUI;;18;3;;;OUI;OUI;2022-03-10T17:49:44+01:00;;;
;;OUI;;15;5;;;OUI;OUI;2022-03-10T17:57:00+01:00;;;
;;OUI;;20;8;;;OUI;OUI;2022-03-10T17:54:36+01:00;;;
;;OUI;;18;2;;;OUI;OUI;2022-03-10T17:58:23+01:00;;;
;;OUI;;45;0;;;OUI;OUI;2022-03-10T17:58:43+01:00;;;
;;OUI;;20;4;;;OUI;OUI;2022-03-10T17:58:05+01:00;;;
;;OUI;;16;2;;;OUI;OUI;2022-03-10T17:55:08+01:00;;;
;;OUI;;38;9;;;OUI;OUI;2022-03-10T17:58:39+01:00;;;
;;OUI;;25;6;;;OUI;OUI;2022-03-10T17:54:53+01:00;;;
;;OUI;;19;4;;;OUI;OUI;2022-03-10T17:57:46+01:00;;;
;;OUI;;46;6;;;OUI;OUI;2022-03-10T17:58:27+01:00;;;
;;OUI;;46;3;;;OUI;OUI;2022-03-10T17:58:03+01:00;;;
;;OUI;;7;12;;;OUI;OUI;2022-03-10T17:58:43+01:00;;;
;;OUI;;21;3;;;OUI;OUI;2022-03-10T17:58:38+01:00;;;
;;OUI;;11;19;;;OUI;OUI;2022-03-10T17:57:58+01:00;;;
;;OUI;;34;9;;;OUI;OUI;2022-03-10T17:53:53+01:00;;;
;;OUI;;33;1;;;OUI;OUI;2022-03-10T17:57:34+01:00;;;
;;OUI;;43;12;;;OUI;OUI;2022-03-10T17:52:31+01:00;;;
;;OUI;;18;5;;;OUI;OUI;2022-03-10T17:57:53+01:00;;;
;;OUI;;3;4;;;OUI;OUI;2022-03-10T17:51:41+01:00;;;
;;OUI;;30;2;;;OUI;OUI;2022-03-10T17:53:58+01:00;;;
;;OUI;;23;4;;;OUI;OUI;2022-03-10T17:57:34+01:00;;;
;;OUI;;5;21;;;OUI;OUI;2022-03-10T17:56:41+01:00;;;
;;OUI;;22;3;;;OUI;OUI;2022-03-10T17:57:16+01:00;;;
;;OUI;;1;24;;;OUI;OUI;2022-03-10T17:56:05+01:00;;;
;;OUI;;21;5;;;OUI;OUI;2022-03-10T17:56:04+01:00;;;
;;OUI;;4;33;;;OUI;OUI;2022-03-10T17:57:41+01:00;;;
;;OUI;;20;17;;;OUI;OUI;2022-03-10T17:58:24+01:00;;;
;;OUI;;24;10;;;OUI;OUI;2022-03-10T17:58:02+01:00;;;
;;OUI;;15;1;;;OUI;OUI;2022-03-10T17:58:44+01:00;;;
;;OUI;;2;23;;;OUI;OUI;2022-03-10T17:58:10+01:00;;;
;;OUI;;29;4;;;OUI;OUI;2022-03-10T17:54:02+01:00;;;
;;OUI;;41;2;;;OUI;OUI;2022-03-10T17:55:13+01:00;;;
;;OUI;;14;7;;;OUI;OUI;2022-03-10T17:54:51+01:00;;;
;;OUI;;37;13;;;OUI;OUI;2022-03-10T17:57:43+01:00;;;
;;OUI;;6;22;;;OUI;OUI;2022-03-10T17:58:43+01:00;;;
;;OUI;;11;6;;;OUI;OUI;2022-03-10T17:58:22+01:00;;;
;;OUI;;7;30;;;OUI;OUI;2022-03-10T17:58:43+01:00;;;
;;OUI;;4;20;;;OUI;OUI;2022-03-10T17:58:20+01:00;;;
;;OUI;;18;18;;;OUI;OUI;2022-03-10T17:58:33+01:00;;;
;;OUI;;20;20;;;OUI;OUI;2022-03-10T17:58:37+01:00;;;
;;OUI;;8;23;;;OUI;OUI;2022-03-10T17:58:23+01:00;;;
;;OUI;;1;33;;;OUI;OUI;2022-03-10T17:58:38+01:00;;;
;;OUI;;3;12;;;OUI;OUI;2022-03-10T17:58:08+01:00;;;
;;OUI;;10;5;;;OUI;OUI;2022-03-10T17:53:55+01:00;;;
;;OUI;;22;13;;;OUI;OUI;2022-03-10T17:58:07+01:00;;;
;;OUI;;17;3;;;OUI;OUI;2022-03-10T17:55:41+01:00;;;
;;OUI;;29;4;;;OUI;OUI;2022-03-10T17:58:32+01:00;;;
;;OUI;;0;21;;;OUI;OUI;2022-03-10T17:58:45+01:00;;;
;;OUI;;21;12;;;OUI;OUI;2022-03-10T17:58:17+01:00;;;
;;OUI;;40;4;;;OUI;OUI;2022-03-10T17:58:15+01:00;;;
;;OUI;;3;19;;;OUI;OUI;2022-03-10T17:58:31+01:00;;;
;;OUI;;20;6;;;OUI;OUI;2022-03-10T17:57:20+01:00;;;
;;OUI;;20;22;;;OUI;OUI;2022-03-10T17:56:02+01:00;;;
;;OUI;;29;4;;;OUI;OUI;2022-03-10T17:58:09+01:00;;;
;;OUI;;31;3;;;OUI;OUI;2022-03-10T17:55:35+01:00;;;
;;OUI;;49;1;;;OUI;OUI;2022-03-10T17:57:44+01:00;;;
;;OUI;;37;3;;;OUI;OUI;2022-03-10T17:55:44+01:00;;;
;;OUI;;42;3;;;OUI;OUI;2022-03-10T17:58:28+01:00;;;
;;OUI;;32;2;;;OUI;OUI;2022-03-10T17:53:17+01:00;;;
;;OUI;;17;3;;;OUI;OUI;2022-03-10T17:57:50+01:00;;;
;;OUI;;12;20;;;OUI;OUI;2022-03-10T17:58:47+01:00;;;
;;OUI;;36;1;;;OUI;OUI;2022-03-10T17:54:19+01:00;;;
;;OUI;;21;6;;;OUI;OUI;2022-03-10T17:58:31+01:00;;;
;;OUI;;46;20;;;OUI;OUI;2022-03-10T17:58:36+01:00;;;
;;OUI;;20;8;;;OUI;OUI;2022-03-10T17:58:43+01:00;;;
;;OUI;;12;8;;;OUI;OUI;2022-03-10T17:58:16+01:00;;;
;;OUI;;33;3;;;OUI;OUI;2022-03-10T17:52:34+01:00;;;
;;OUI;;31;7;;;OUI;OUI;2022-03-10T17:55:59+01:00;;;
;;OUI;;29;1;;;OUI;OUI;2022-03-10T17:52:47+01:00;;;
;;OUI;;30;2;;;OUI;OUI;2022-03-10T17:50:43+01:00;;;
;;OUI;;17;4;;;OUI;OUI;2022-03-10T17:58:14+01:00;;;
;;OUI;;46;0;;;OUI;OUI;2022-03-10T17:58:33+01:00;;;
;;OUI;;13;35;;;OUI;OUI;2022-03-10T17:58:26+01:00;;;
;;OUI;;4;37;;;OUI;OUI;2022-03-10T17:56:37+01:00;;;
;;OUI;;11;44;;;OUI;OUI;2022-03-10T17:56:56+01:00;;;
;;OUI;;24;20;;;OUI;OUI;2022-03-10T17:58:24+01:00;;;
;;OUI;;17;11;;;OUI;OUI;2022-03-10T17:57:50+01:00;;;
;;OUI;;56;4;;;OUI;OUI;2022-03-10T17:57:12+01:00;;;
;;OUI;;49;4;;;OUI;OUI;2022-03-10T17:56:06+01:00;;;
;;OUI;;23;5;;;OUI;OUI;2022-03-10T17:57:23+01:00;;;
;;OUI;;19;17;;;OUI;OUI;2022-03-10T17:57:58+01:00;;;
;;OUI;;23;2;;;OUI;OUI;2022-03-10T17:58:49+01:00;;;
;;OUI;;49;6;;;OUI;OUI;2022-03-10T17:58:15+01:00;;;
;;OUI;;28;1;;;OUI;OUI;2022-03-10T17:50:29+01:00;;;
;;OUI;;16;9;;;OUI;OUI;2022-03-10T17:58:40+01:00;;;
;;OUI;;23;3;;;OUI;OUI;2022-03-10T17:55:27+01:00;;;
;;OUI;;33;1;;;OUI;OUI;2022-03-10T17:57:13+01:00;;;
;;OUI;;51;9;;;OUI;OUI;2022-03-10T17:58:38+01:00;;;
;;OUI;;28;2;;;OUI;OUI;2022-03-10T17:54:05+01:00;;;
;;OUI;;12;17;;;OUI;OUI;2022-03-10T17:58:32+01:00;;;
;;OUI;;50;6;;;OUI;OUI;2022-03-10T17:57:56+01:00;;;
;;OUI;;13;45;;;OUI;OUI;2022-03-10T17:58:40+01:00;;;
;;OUI;;15;22;;;OUI;OUI;2022-03-10T17:57:23+01:00;;;
;;OUI;;7;29;;;OUI;OUI;2022-03-10T17:57:21+01:00;;;
;;OUI;;29;0;;;OUI;OUI;2022-03-10T17:54:35+01:00;;;
;;OUI;;34;2;;;OUI;OUI;2022-03-10T17:56:19+01:00;;;
;;OUI;;1;19;;;OUI;OUI;2022-03-10T17:58:41+01:00;;;
;;OUI;;13;16;;;OUI;OUI;2022-03-10T17:57:04+01:00;;;
;;OUI;;28;2;;;OUI;OUI;2022-03-10T17:52:53+01:00;;;
;;OUI;;26;4;;;OUI;OUI;2022-03-10T17:58:29+01:00;;;
;;OUI;;23;1;;;OUI;OUI;2022-03-10T17:57:06+01:00;;;
;;OUI;;29;5;;;OUI;OUI;2022-03-10T17:54:43+01:00;;;
;;OUI;;42;4;;;OUI;OUI;2022-03-10T17:57:37+01:00;;;
;;OUI;;31;0;;;OUI;OUI;2022-03-10T17:48:47+01:00;;;
;;OUI;;1;17;;;OUI;OUI;2022-03-10T17:58:32+01:00;;;
;;OUI;;3;46;;;OUI;OUI;2022-03-10T17:58:43+01:00;;;
;;OUI;;6;18;;;OUI;OUI;2022-03-10T17:57:46+01:00;;;
;;OUI;;25;1;;;OUI;OUI;2022-03-10T17:55:56+01:00;;;
;;OUI;;32;17;;;OUI;OUI;2022-03-10T17:57:38+01:00;;;
;;OUI;;20;6;;;OUI;OUI;2022-03-10T17:54:44+01:00;;;
;;OUI;;21;3;;;OUI;OUI;2022-03-10T17:54:51+01:00;;;
;;OUI;;0;25;;;OUI;OUI;2022-03-10T17:56:34+01:00;;;
;;NON;;30;0;;;NON;NON;2021-11-24T12:52:15+01:00;;;
;;OUI;;17;17;;;OUI;OUI;2022-03-10T17:58:23+01:00;;;
;;OUI;;1;30;;;OUI;OUI;2022-03-10T17:58:42+01:00;;;
;;OUI;;30;18;;;OUI;OUI;2022-03-10T17:58:34+01:00;;;
;;OUI;;49;4;;;OUI;OUI;2022-03-10T17:58:31+01:00;;;
;;OUI;;21;11;;;OUI;OUI;2022-03-10T17:58:10+01:00;;;
;;OUI;;22;6;;;OUI;OUI;2022-03-10T17:58:19+01:00;;;
;;OUI;;24;9;;;OUI;OUI;2022-03-10T17:55:23+01:00;;;
;;OUI;;22;3;;;OUI;OUI;2022-03-10T17:56:25+01:00;;;
;;OUI;;23;0;;;OUI;OUI;2022-03-10T17:57:28+01:00;;;
;;OUI;;52;8;;;OUI;OUI;2022-03-10T17:57:26+01:00;;;
;;OUI;;11;11;;;OUI;OUI;2022-03-10T17:57:01+01:00;;;
;;OUI;;26;4;;;OUI;OUI;2022-03-10T17:50:50+01:00;;;
;;OUI;;23;4;;;OUI;OUI;2022-03-10T17:57:16+01:00;;;
;;OUI;;27;1;;;OUI;OUI;2022-03-10T17:57:05+01:00;;;
;;OUI;;10;41;;;OUI;OUI;2022-03-10T17:57:53+01:00;;;
;;OUI;;28;3;;;OUI;OUI;2022-03-10T17:49:01+01:00;;;
;;OUI;;5;18;;;OUI;OUI;2022-03-10T17:58:36+01:00;;;
;;OUI;;16;2;;;OUI;OUI;2022-03-10T17:57:20+01:00;;;
;;OUI;;10;15;;;OUI;OUI;2022-03-10T17:57:42+01:00;;;
;;OUI;;35;3;;;OUI;OUI;2022-03-10T17:58:18+01:00;;;
;;OUI;;6;60;;;OUI;OUI;2022-03-10T17:58:39+01:00;;;
;;OUI;;8;11;;;OUI;OUI;2022-03-10T17:58:25+01:00;;;
;;OUI;;28;4;;;OUI;OUI;2022-03-10T17:58:17+01:00;;;
;;OUI;;38;2;;;OUI;OUI;2022-03-10T17:57:50+01:00;;;
;;OUI;;25;25;;;OUI;OUI;2022-03-10T17:58:40+01:00;;;
;;OUI;;29;1;;;OUI;OUI;2022-03-10T17:56:09+01:00;;;
;;OUI;;37;7;;;OUI;OUI;2022-03-10T17:53:42+01:00;;;
;;OUI;;11;9;;;OUI;OUI;2022-03-10T17:54:33+01:00;;;
;;OUI;;21;9;;;OUI;OUI;2022-03-10T17:57:19+01:00;;;
;;OUI;;49;0;;;NON;NON;2020-08-14T04:12:17+02:00;;;
;;OUI;;25;0;;;OUI;OUI;2022-03-10T17:53:54+01:00;;;
;;OUI;;7;20;;;OUI;OUI;2022-03-10T17:57:59+01:00;;;
;;OUI;;3;14;;;OUI;OUI;2022-03-10T17:58:29+01:00;;;
;;OUI;;4;48;;;OUI;OUI;2022-03-10T17:58:41+01:00;;;
;;OUI;;41;5;;;OUI;OUI;2022-03-10T17:53:04+01:00;;;
;;OUI;;17;8;;;OUI;OUI;2022-03-10T17:57:09+01:00;;;
;;OUI;;36;7;;;OUI;OUI;2022-03-10T17:56:57+01:00;;;
;;OUI;;55;5;;;OUI;OUI;2022-03-10T17:58:36+01:00;;;
;;OUI;;3;16;;;OUI;OUI;2022-03-10T17:58:42+01:00;;;
;;OUI;;18;8;;;OUI;OUI;2022-03-10T17:56:12+01:00;;;
;;OUI;;5;28;;;OUI;OUI;2022-03-10T17:58:20+01:00;;;
;;OUI;;28;10;;;OUI;OUI;2022-03-10T17:57:33+01:00;;;
;;OUI;;12;27;;;OUI;OUI;2022-03-10T17:55:56+01:00;;;
;;OUI;;8;12;;;OUI;OUI;2022-03-10T17:57:28+01:00;;;
;;OUI;;9;13;;;OUI;OUI;2022-03-10T17:57:20+01:00;;;
;;OUI;;36;33;;;OUI;OUI;2022-03-10T17:58:02+01:00;;;
;;OUI;;32;1;;;OUI;OUI;2022-03-10T17:52:15+01:00;;;
;;OUI;;18;13;;;OUI;OUI;2022-03-10T17:57:41+01:00;;;
;;OUI;;27;4;;;OUI;OUI;2022-03-10T17:58:39+01:00;;;
;;OUI;;20;13;;;OUI;OUI;2022-03-10T17:58:36+01:00;;;
;;OUI;;11;14;;;OUI;OUI;2022-03-10T17:57:31+01:00;;;
;;OUI;;3;30;;;OUI;OUI;2022-03-10T17:58:25+01:00;;;
;;OUI;;26;4;;;OUI;OUI;2022-03-10T17:55:24+01:00;;;
;;OUI;;25;5;;;OUI;OUI;2022-03-10T17:58:48+01:00;;;
;;OUI;;49;3;;;OUI;OUI;2022-03-10T17:58:36+01:00;;;
;;OUI;;6;9;;;OUI;OUI;2022-03-10T17:58:06+01:00;;;
;;OUI;;32;1;;;OUI;OUI;2022-03-10T17:57:51+01:00;;;
;;OUI;;42;8;;;OUI;OUI;2022-03-10T17:55:48+01:00;;;
;;OUI;;9;57;;;OUI;OUI;2022-03-10T17:57:37+01:00;;;
;;OUI;;18;5;;;OUI;OUI;2022-03-10T17:58:44+01:00;;;
;;OUI;;30;20;;;OUI;OUI;2022-03-10T17:56:55+01:00;;;
;;OUI;;34;14;;;OUI;OUI;2022-03-10T17:58:46+01:00;;;
;;OUI;;8;5;;;OUI;OUI;2022-03-10T17:58:35+01:00;;;
;;OUI;;24;5;;;OUI;OUI;2022-03-10T17:51:18+01:00;;;
;;OUI;;19;3;;;OUI;OUI;2022-03-10T17:58:46+01:00;;;
;;OUI;;8;18;;;OUI;OUI;2022-03-10T17:57:55+01:00;;;
;;OUI;;34;5;;;OUI;OUI;2022-03-10T17:57:30+01:00;;;
;;OUI;;33;9;;;OUI;OUI;2022-03-10T17:57:11+01:00;;;
;;OUI;;45;1;;;OUI;OUI;2022-03-10T17:56:37+01:00;;;
;;OUI;;0;31;;;OUI;OUI;2022-03-10T17:57:03+01:00;;;
;;OUI;;18;8;;;OUI;OUI;2022-03-10T17:58:02+01:00;;;
;;OUI;;14;34;;;OUI;OUI;2022-03-10T17:58:43+01:00;;;
;;OUI;;16;5;;;OUI;OUI;2022-03-10T17:54:00+01:00;;;
;;OUI;;12;28;;;OUI;OUI;2022-03-10T17:58:48+01:00;;;
;;OUI;;31;2;;;OUI;OUI;2022-03-10T17:57:34+01:00;;;
;;OUI;;9;2;;;OUI;OUI;2022-03-10T17:57:33+01:00;;;
;;OUI;;20;2;;;OUI;OUI;2022-03-10T17:58:02+01:00;;;
;;OUI;;22;12;;;OUI;OUI;2022-03-10T17:55:56+01:00;;;
;;OUI;;20;0;;;OUI;OUI;2022-03-10T17:49:13+01:00;;;
;;OUI;;19;1;;;OUI;OUI;2022-03-10T17:56:47+01:00;;;
;;OUI;;22;4;;;OUI;OUI;2022-03-10T17:57:15+01:00;;;
;;OUI;;30;0;;;NON;NON;2021-10-25T10:41:59+02:00;;;
;;OUI;;21;2;;;OUI;OUI;2022-03-10T17:58:36+01:00;;;
;;OUI;;49;2;;;OUI;OUI;2022-03-10T17:58:37+01:00;;;
;;OUI;;11;7;;;OUI;OUI;2022-03-10T17:54:51+01:00;;;
;;OUI;;46;1;;;OUI;OUI;2022-03-10T17:54:00+01:00;;;
;;OUI;;21;3;;;OUI;OUI;2022-03-10T17:58:10+01:00;;;
;;OUI;;19;10;;;OUI;OUI;2022-03-10T17:58:29+01:00;;;
;;OUI;;37;3;;;OUI;OUI;2022-03-10T17:58:04+01:00;;;
;;OUI;;11;8;;;OUI;OUI;2022-03-10T17:58:48+01:00;;;
;;OUI;;11;32;;;OUI;OUI;2022-03-10T17:57:46+01:00;;;
;;OUI;;34;6;;;OUI;OUI;2022-03-10T17:58:13+01:00;;;
;;OUI;;11;15;;;OUI;OUI;2022-03-10T17:58:19+01:00;;;
;;OUI;;19;1;;;OUI;OUI;2022-03-10T17:58:09+01:00;;;
;;OUI;;25;4;;;OUI;OUI;2022-03-10T17:57:40+01:00;;;
;;OUI;;36;0;;;OUI;OUI;2022-03-10T17:53:10+01:00;;;
;;OUI;;45;3;;;OUI;OUI;2022-03-10T17:56:20+01:00;;;
;;OUI;;28;7;;;OUI;OUI;2022-03-10T17:58:33+01:00;;;
;;OUI;;33;17;;;OUI;OUI;2022-03-10T17:58:45+01:00;;;
;;OUI;;14;2;;;OUI;OUI;2022-03-10T17:58:23+01:00;;;
;;OUI;;10;9;;;OUI;OUI;2022-03-10T17:57:48+01:00;;;
;;OUI;;12;1;;;OUI;OUI;2022-03-10T17:58:32+01:00;;;
;;OUI;;14;6;;;OUI;OUI;2022-03-10T17:58:34+01:00;;;
;;OUI;;20;3;;;OUI;OUI;2022-03-10T17:55:11+01:00;;;
;;OUI;;15;2;;;OUI;OUI;2022-03-10T17:56:51+01:00;;;
;;OUI;;31;5;;;OUI;OUI;2022-03-10T17:57:22+01:00;;;
;;OUI;;29;6;;;OUI;OUI;2022-03-10T17:57:36+01:00;;;
;;OUI;;12;6;;;OUI;OUI;2022-03-10T17:56:30+01:00;;;
;;OUI;;8;9;;;OUI;OUI;2022-03-10T17:56:37+01:00;;;
;;OUI;;27;3;;;OUI;OUI;2022-03-10T17:58:09+01:00;;;
;;OUI;;13;2;;;OUI;OUI;2022-03-10T17:57:50+01:00;;;
;;OUI;;4;41;;;OUI;OUI;2022-03-10T17:58:47+01:00;;;
;;OUI;;8;35;;;OUI;OUI;2022-03-10T17:58:09+01:00;;;
;;OUI;;42;2;;;OUI;OUI;2022-03-10T17:58:16+01:00;;;
;;OUI;;29;10;;;OUI;OUI;2022-03-10T17:58:32+01:00;;;
;;OUI;;9;15;;;OUI;OUI;2022-03-10T17:58:31+01:00;;;
;;OUI;;31;2;;;OUI;OUI;2022-03-10T17:57:09+01:00;;;
;;OUI;;6;22;;;OUI;OUI;2022-03-10T17:58:32+01:00;;;
;;OUI;;20;15;;;OUI;OUI;2022-03-10T17:57:41+01:00;;;
;;OUI;;22;1;;;OUI;OUI;2022-03-10T17:57:42+01:00;;;
;;OUI;;32;7;;;OUI;OUI;2022-03-10T17:58:15+01:00;;;
;;OUI;;12;13;;;OUI;OUI;2022-03-10T17:57:49+01:00;;;
;;OUI;;28;0;;;NON;NON;2022-03-08T02:14:23+01:00;;;
;;OUI;;14;6;;;OUI;OUI;2022-03-10T17:54:54+01:00;;;
;;OUI;;9;42;;;OUI;OUI;2022-03-10T17:58:27+01:00;;;
;;OUI;;18;3;;;OUI;OUI;2022-03-10T17:56:55+01:00;;;
;;OUI;;3;18;;;OUI;OUI;2022-03-10T17:58:42+01:00;;;
;;OUI;;30;1;;;OUI;OUI;2022-03-10T17:57:58+01:00;;;
;;OUI;;19;21;;;OUI;OUI;2022-03-10T17:58:40+01:00;;;
;;OUI;;8;9;;;OUI;OUI;2022-03-10T17:52:44+01:00;;;
;;OUI;;28;3;;;OUI;OUI;2022-03-10T17:57:03+01:00;;;
;;OUI;;14;8;;;OUI;OUI;2022-03-10T17:58:44+01:00;;;
;;OUI;;22;8;;;OUI;OUI;2022-03-10T17:57:42+01:00;;;
;;OUI;;1;44;;;OUI;OUI;2022-03-10T17:57:39+01:00;;;
;;OUI;;24;2;;;OUI;OUI;2022-03-10T17:57:26+01:00;;;
;;OUI;;14;60;;;OUI;OUI;2022-03-10T17:58:12+01:00;;;
;;OUI;;14;1;;;OUI;OUI;2022-03-10T17:58:47+01:00;;;
;;OUI;;29;1;;;OUI;OUI;2022-03-10T17:57:06+01:00;;;
;;OUI;;21;3;;;OUI;OUI;2022-03-10T17:58:45+01:00;;;
;;OUI;;1;44;;;OUI;OUI;2022-03-10T17:58:06+01:00;;;
;;OUI;;10;5;;;OUI;OUI;2022-03-10T17:56:38+01:00;;;
;;OUI;;44;5;;;OUI;OUI;2022-03-10T17:56:15+01:00;;;
;;OUI;;31;6;;;OUI;OUI;2022-03-10T17:58:46+01:00;;;
;;OUI;;25;1;;;OUI;OUI;2022-03-10T17:58:47+01:00;;;
;;OUI;;18;0;;;OUI;OUI;2022-03-10T17:57:24+01:00;;;
;;OUI;;10;14;;;OUI;OUI;2022-03-10T17:58:29+01:00;;;
;;OUI;;10;6;;;OUI;OUI;2022-03-10T17:56:12+01:00;;;
;;OUI;;5;23;;;OUI;OUI;2022-03-10T17:57:59+01:00;;;
;;OUI;;6;42;;;OUI;OUI;2022-03-10T17:58:08+01:00;;;
;;OUI;;16;11;;;OUI;OUI;2022-03-10T17:58:46+01:00;;;
;;OUI;;2;16;;;OUI;OUI;2022-03-10T17:58:31+01:00;;;
;;OUI;;43;6;;;OUI;OUI;2022-03-10T17:58:27+01:00;;;
;;OUI;;21;7;;;OUI;OUI;2022-03-10T17:53:54+01:00;;;
;;OUI;;17;3;;;OUI;OUI;2022-03-10T17:53:09+01:00;;;
;;OUI;;26;6;;;OUI;OUI;2022-03-10T17:58:34+01:00;;;
;;OUI;;15;10;;;OUI;OUI;2022-03-10T17:57:28+01:00;;;
;;OUI;;20;1;;;OUI;OUI;2022-03-10T17:50:49+01:00;;;
;;OUI;;31;6;;;OUI;OUI;2022-03-10T17:58:40+01:00;;;
;;OUI;;13;4;;;OUI;OUI;2022-03-10T17:52:25+01:00;;;
;;OUI;;34;4;;;OUI;OUI;2022-03-10T17:52:38+01:00;;;
;;OUI;;12;17;;;OUI;OUI;2022-03-10T17:57:47+01:00;;;
;;OUI;;17;4;;;OUI;OUI;2022-03-10T17:58:05+01:00;;;
;;OUI;;1;25;;;OUI;OUI;2022-03-10T17:58:41+01:00;;;
;;OUI;;10;17;;;OUI;OUI;2022-03-10T17:58:33+01:00;;;
;;OUI;;17;11;;;OUI;OUI;2022-03-10T17:56:07+01:00;;;
;;OUI;;13;26;;;OUI;OUI;2022-03-10T17:56:37+01:00;;;
;;OUI;;17;3;;;OUI;OUI;2022-03-10T17:58:30+01:00;;;
;;OUI;;14;6;;;OUI;OUI;2022-03-10T17:57:52+01:00;;;
;;OUI;;8;16;;;OUI;OUI;2022-03-10T17:58:13+01:00;;;
;;OUI;;28;5;;;OUI;OUI;2022-03-10T17:58:02+01:00;;;
;;OUI;;24;0;;;OUI;OUI;2022-03-10T17:58:12+01:00;;;
;;OUI;;25;0;;;OUI;OUI;2022-03-10T17:57:45+01:00;;;
;;OUI;;19;6;;;OUI;OUI;2022-03-10T17:58:36+01:00;;;
;;OUI;;19;1;;;OUI;OUI;2022-03-10T17:57:15+01:00;;;
;;OUI;;31;13;;;OUI;OUI;2022-03-10T17:58:11+01:00;;;
;;OUI;;1;41;;;OUI;OUI;2022-03-10T17:58:45+01:00;;;
;;OUI;;17;3;;;OUI;OUI;2022-03-10T17:56:26+01:00;;;
;;OUI;;13;13;;;OUI;OUI;2022-03-10T17:58:39+01:00;;;
;;OUI;;14;8;;;OUI;OUI;2022-03-10T17:58:19+01:00;;;
;;OUI;;6;24;;;OUI;OUI;2022-03-10T17:56:52+01:00;;;
;;OUI;;32;6;;;OUI;OUI;2022-03-10T17:57:59+01:00;;;
;;OUI;;0;20;;;OUI;OUI;2022-03-10T17:58:33+01:00;;;
;;OUI;;0;23;;;OUI;OUI;2022-03-10T17:58:26+01:00;;;
;;OUI;;34;0;;;OUI;OUI;2022-03-10T17:58:48+01:00;;;
;;OUI;;22;3;;;OUI;OUI;2022-03-10T17:56:31+01:00;;;
;;OUI;;14;14;;;OUI;OUI;2022-03-10T17:54:47+01:00;;;
;;OUI;;30;1;;;OUI;OUI;2022-03-10T17:55:12+01:00;;;
;;OUI;;19;3;;;OUI;OUI;2022-03-10T17:58:11+01:00;;;
;;OUI;;10;10;;;OUI;OUI;2022-03-10T17:53:54+01:00;;;
;;OUI;;17;3;;;OUI;OUI;2022-03-10T17:58:47+01:00;;;
;;OUI;;6;29;;;OUI;OUI;2022-03-10T17:57:33+01:00;;;
;;OUI;;3;20;;;OUI;OUI;2022-03-10T17:57:53+01:00;;;
;;OUI;;7;23;;;OUI;OUI;2022-03-10T17:57:30+01:00;;;
;;OUI;;21;0;;;OUI;OUI;2022-03-10T17:54:42+01:00;;;
;;OUI;;48;2;;;OUI;OUI;2022-03-10T17:57:03+01:00;;;
;;OUI;;5;21;;;OUI;OUI;2022-03-10T17:57:52+01:00;;;
;;OUI;;6;11;;;OUI;OUI;2022-03-10T17:55:30+01:00;;;
;;OUI;;39;0;;;OUI;OUI;2022-03-10T17:58:18+01:00;;;
;;OUI;;18;37;;;OUI;OUI;2022-03-10T17:58:43+01:00;;;
;;OUI;;6;18;;;OUI;OUI;2022-03-10T17:58:20+01:00;;;
;;OUI;;22;8;;;OUI;OUI;2022-03-10T17:57:28+01:00;;;
;;OUI;;6;45;;;OUI;OUI;2022-03-10T17:57:14+01:00;;;
;;OUI;;19;9;;;OUI;OUI;2022-03-10T17:58:21+01:00;;;
;;OUI;;4;16;;;OUI;OUI;2022-03-10T17:58:06+01:00;;;
;;OUI;;4;26;;;OUI;OUI;2022-03-10T17:58:48+01:00;;;
;;OUI;;13;5;;;OUI;OUI;2022-03-10T17:56:57+01:00;;;
;;OUI;;25;3;;;OUI;OUI;2022-03-10T17:58:03+01:00;;;
;;OUI;;15;1;;;OUI;OUI;2022-03-10T17:58:30+01:00;;;
;;OUI;;16;28;;;OUI;OUI;2022-03-10T17:57:15+01:00;;;
;;OUI;;6;23;;;OUI;OUI;2022-03-10T17:57:37+01:00;;;
;;OUI;;24;6;;;OUI;OUI;2022-03-10T17:54:09+01:00;;;
;;OUI;;43;2;;;OUI;OUI;2022-03-10T17:58:15+01:00;;;
;;OUI;;23;0;;;OUI;OUI;2022-03-10T17:57:03+01:00;;;
;;OUI;;38;2;;;OUI;OUI;2022-03-10T17:57:59+01:00;;;
;;OUI;;5;16;;;OUI;OUI;2022-03-10T17:58:05+01:00;;;
;;OUI;;29;1;;;OUI;OUI;2022-03-10T17:57:54+01:00;;;
;;OUI;;40;8;;;OUI;OUI;2022-03-10T17:54:26+01:00;;;
;;OUI;;7;31;;;OUI;OUI;2022-03-10T17:58:43+01:00;;;
;;OUI;;17;17;;;OUI;OUI;2022-03-10T17:56:16+01:00;;;
;;OUI;;15;12;;;OUI;OUI;2022-03-10T17:58:35+01:00;;;
;;OUI;;10;21;;;OUI;OUI;2022-03-10T17:58:22+01:00;;;
;;OUI;;4;18;;;OUI;OUI;2022-03-10T17:58:40+01:00;;;
;;OUI;;3;57;;;OUI;OUI;2022-03-10T17:58:28+01:00;;;
;;OUI;;23;10;;;OUI;OUI;2022-03-10T17:52:38+01:00;;;
;;OUI;;23;0;;;OUI;OUI;2022-03-10T17:55:35+01:00;;;
;;OUI;;3;27;;;OUI;OUI;2022-03-10T17:57:31+01:00;;;
;;OUI;;28;2;;;OUI;OUI;2022-03-10T17:58:40+01:00;;;
;;OUI;;11;4;;;OUI;OUI;2022-03-10T17:58:26+01:00;;;
;;OUI;;33;3;;;OUI;OUI;2022-03-10T17:57:42+01:00;;;
;;OUI;;29;5;;;OUI;OUI;2022-03-10T17:58:42+01:00;;;
;;OUI;;27;10;;;OUI;OUI;2022-03-10T17:57:57+01:00;;;
;;OUI;;10;16;;;OUI;OUI;2022-03-10T17:58:46+01:00;;;
;;OUI;;6;16;;;OUI;OUI;2022-03-10T17:58:32+01:00;;;
;;OUI;;32;8;;;OUI;OUI;2022-03-10T17:51:51+01:00;;;
;;OUI;;29;4;;;OUI;OUI;2022-03-10T17:58:36+01:00;;;
;;OUI;;17;23;;;OUI;OUI;2022-03-10T17:56:36+01:00;;;
;;OUI;;9;19;;;OUI;OUI;2022-03-10T17:56:52+01:00;;;
;;OUI;;13;4;;;OUI;OUI;2022-03-10T17:58:24+01:00;;;
;;OUI;;18;5;;;OUI;OUI;2022-03-10T17:58:22+01:00;;;
;;OUI;;3;18;;;OUI;OUI;2022-03-10T17:58:35+01:00;;;
;;OUI;;28;3;;;OUI;OUI;2022-03-10T17:58:21+01:00;;;
;;OUI;;34;4;;;OUI;OUI;2022-03-10T17:56:22+01:00;;;
;;OUI;;41;4;;;OUI;OUI;2022-03-10T17:53:38+01:00;;;
;;OUI;;19;8;;;OUI;OUI;2022-03-10T17:58:42+01:00;;;
;;OUI;;12;14;;;OUI;OUI;2022-03-10T17:57:27+01:00;;;
;;OUI;;17;3;;;OUI;OUI;2022-03-10T17:55:55+01:00;;;
;;OUI;;38;3;;;OUI;OUI;2022-03-10T17:57:32+01:00;;;
;;OUI;;16;4;;;OUI;OUI;2022-03-10T17:57:31+01:00;;;
;;OUI;;8;24;;;OUI;OUI;2022-03-10T17:58:14+01:00;;;
;;OUI;;23;9;;;OUI;OUI;2022-03-10T17:54:19+01:00;;;
;;OUI;;38;3;;;OUI;OUI;2022-03-10T17:58:13+01:00;;;
;;OUI;;8;24;;;OUI;OUI;2022-03-10T17:57:30+01:00;;;
;;OUI;;18;3;;;OUI;OUI;2022-03-10T17:51:37+01:00;;;
;;OUI;;19;1;;;OUI;OUI;2022-03-10T17:49:02+01:00;;;
;;OUI;;24;22;;;OUI;OUI;2022-03-10T17:55:56+01:00;;;
;;OUI;;6;38;;;OUI;OUI;2022-03-10T17:58:48+01:00;;;
;;OUI;;3;36;;;OUI;OUI;2022-03-10T17:58:33+01:00;;;
;;OUI;;18;5;;;OUI;OUI;2022-03-10T17:57:44+01:00;;;
;;OUI;;26;12;;;OUI;OUI;2022-03-10T17:58:14+01:00;;;
;;OUI;;24;23;;;OUI;OUI;2022-03-10T17:58:48+01:00;;;
;;OUI;;4;32;;;OUI;OUI;2022-03-10T17:57:24+01:00;;;
;;OUI;;55;1;;;OUI;OUI;2022-03-10T17:58:17+01:00;;;
;;OUI;;37;6;;;OUI;OUI;2022-03-10T17:58:34+01:00;;;
;;OUI;;19;7;;;OUI;OUI;2022-03-10T17:55:38+01:00;;;
;;OUI;;22;8;;;OUI;OUI;2022-03-10T17:58:44+01:00;;;
;;OUI;;23;1;;;OUI;OUI;2022-03-10T17:53:19+01:00;;;
;;OUI;;6;16;;;OUI;OUI;2022-03-10T14:30:30+01:00;;;
;;OUI;;15;12;;;OUI;OUI;2022-03-10T17:56:24+01:00;;;
;;OUI;;44;3;;;OUI;OUI;2022-03-10T17:48:49+01:00;;;
;;OUI;;6;17;;;OUI;OUI;2022-03-10T17:57:29+01:00;;;
;;OUI;;33;3;;;OUI;OUI;2022-03-10T17:58:25+01:00;;;
;;OUI;;15;7;;;OUI;OUI;2022-03-10T17:57:38+01:00;;;
;;OUI;;24;8;;;OUI;OUI;2022-03-10T17:57:12+01:00;;;
;;OUI;;26;2;;;OUI;OUI;2022-03-10T17:56:06+01:00;;;
;;OUI;;28;8;;;OUI;OUI;2022-03-10T17:56:47+01:00;;;
;;OUI;;30;6;;;OUI;OUI;2022-03-10T17:58:33+01:00;;;
;;OUI;;4;29;;;OUI;OUI;2022-03-10T17:58:31+01:00;;;
;;OUI;;23;7;;;OUI;OUI;2022-03-10T17:54:20+01:00;;;
;;OUI;;0;23;;;OUI;OUI;2022-03-10T17:55:16+01:00;;;
;;OUI;;12;19;;;OUI;OUI;2022-03-10T17:58:27+01:00;;;
;;OUI;;1;52;;;OUI;OUI;2022-03-10T17:58:48+01:00;;;
;;OUI;;25;7;;;OUI;OUI;2022-03-10T17:58:33+01:00;;;
;;OUI;;8;22;;;OUI;OUI;2022-03-10T17:54:48+01:00;;;
;;OUI;;21;3;;;OUI;OUI;2022-03-10T17:56:16+01:00;;;
;;OUI;;20;2;;;OUI;OUI;2022-03-10T17:57:38+01:00;;;
;;OUI;;14;39;;;OUI;OUI;2022-03-10T17:57:37+01:00;;;
;;OUI;;57;5;;;OUI;OUI;2022-03-10T17:58:33+01:00;;;
;;OUI;;56;6;;;OUI;OUI;2022-03-10T17:57:11+01:00;;;
;;OUI;;1;22;;;OUI;OUI;2022-03-10T17:58:34+01:00;;;
;;OUI;;32;1;;;OUI;OUI;2022-03-10T17:56:17+01:00;;;
;;OUI;;16;8;;;OUI;OUI;2022-03-10T17:57:26+01:00;;;
;;OUI;;10;26;;;OUI;OUI;2022-03-10T17:56:21+01:00;;;
;;OUI;;31;2;;;OUI;OUI;2022-03-10T17:57:38+01:00;;;
;;OUI;;4;14;;;OUI;OUI;2022-03-10T17:54:28+01:00;;;
;;OUI;;14;26;;;OUI;OUI;2022-03-10T17:55:38+01:00;;;
;;OUI;;52;8;;;OUI;OUI;2022-03-10T17:57:18+01:00;;;
;;OUI;;1;24;;;OUI;OUI;2022-03-10T17:58:38+01:00;;;
;;OUI;;13;17;;;OUI;OUI;2022-03-10T17:58:41+01:00;;;
;;OUI;;17;5;;;OUI;OUI;2022-03-10T17:57:28+01:00;;;
;;OUI;;2;24;;;OUI;OUI;2022-03-10T17:58:06+01:00;;;
;;OUI;;0;18;;;OUI;OUI;2022-03-10T17:53:40+01:00;;;
;;OUI;;0;0;;;NON;NON;2022-02-10T14:43:35+01:00;;;
;;OUI;;15;14;;;OUI;OUI;2022-03-10T17:57:50+01:00;;;
;;OUI;;1;21;;;OUI;OUI;2022-03-10T17:58:14+01:00;;;
;;OUI;;25;1;;;OUI;OUI;2022-03-10T17:56:35+01:00;;;
;;OUI;;23;5;;;OUI;OUI;2022-03-10T17:58:18+01:00;;;
;;OUI;;40;12;;;OUI;OUI;2022-03-10T17:58:42+01:00;;;
;;OUI;;8;32;;;OUI;OUI;2022-03-10T17:58:33+01:00;;;
;;OUI;;5;23;;;OUI;OUI;2022-03-10T17:58:02+01:00;;;
;;OUI;;13;2;;;OUI;OUI;2022-03-10T17:57:14+01:00;;;
;;OUI;;17;8;;;OUI;OUI;2022-03-10T17:58:42+01:00;;;
;;OUI;;17;3;;;OUI;OUI;2022-03-10T17:58:22+01:00;;;
;;OUI;;30;2;;;OUI;OUI;2022-03-10T17:58:20+01:00;;;
;;OUI;;28;10;;;OUI;OUI;2022-03-10T17:58:16+01:00;;;
;;OUI;;42;2;;;OUI;OUI;2022-03-10T17:56:19+01:00;;;
;;OUI;;31;5;;;OUI;OUI;2022-03-10T17:57:46+01:00;;;
;;OUI;;28;9;;;OUI;OUI;2022-03-10T17:57:03+01:00;;;
;;OUI;;7;13;;;OUI;OUI;2022-03-10T14:47:43+01:00;;;
;;OUI;;17;13;;;OUI;OUI;2022-03-10T17:58:32+01:00;;;
;;OUI;;27;5;;;OUI;OUI;2022-03-10T17:58:30+01:00;;;
;;OUI;;18;3;;;OUI;OUI;2022-03-10T17:58:45+01:00;;;
;;OUI;;25;3;;;OUI;OUI;2022-03-10T17:58:21+01:00;;;
;;OUI;;22;21;;;OUI;OUI;2022-03-10T17:58:33+01:00;;;
;;OUI;;22;5;;;OUI;OUI;2022-03-10T17:57:10+01:00;;;
;;OUI;;5;34;;;OUI;OUI;2022-03-10T17:58:44+01:00;;;
;;OUI;;18;4;;;OUI;OUI;2022-03-10T17:56:06+01:00;;;
;;OUI;;8;12;;;OUI;OUI;2022-03-10T17:57:58+01:00;;;
;;OUI;;26;15;;;OUI;OUI;2022-03-10T17:58:47+01:00;;;
;;OUI;;18;14;;;OUI;OUI;2022-03-10T17:58:27+01:00;;;
;;OUI;;26;3;;;OUI;OUI;2022-03-10T17:58:42+01:00;;;
;;OUI;;4;39;;;OUI;OUI;2022-03-10T17:58:03+01:00;;;
;;OUI;;21;3;;;OUI;OUI;2022-03-10T17:58:35+01:00;;;
;;OUI;;27;0;;;OUI;OUI;2022-03-10T17:52:28+01:00;;;
;;OUI;;34;8;;;OUI;OUI;2022-03-10T17:58:14+01:00;;;
;;OUI;;4;22;;;OUI;OUI;2022-03-10T17:58:45+01:00;;;
;;OUI;;18;3;;;OUI;OUI;2022-03-10T17:58:32+01:00;;;
;;OUI;;21;4;;;OUI;OUI;2022-03-10T17:58:32+01:00;;;
;;OUI;;1;16;;;OUI;OUI;2022-03-10T17:58:37+01:00;;;
;;OUI;;5;27;;;OUI;OUI;2022-03-10T17:58:45+01:00;;;
;;OUI;;25;7;;;OUI;OUI;2022-03-10T17:57:57+01:00;;;
;;OUI;;25;0;;;NON;NON;2021-02-21T20:09:18+01:00;;;
;;OUI;;21;2;;;OUI;OUI;2022-03-10T17:58:47+01:00;;;
;;OUI;;24;18;;;OUI;OUI;2022-03-10T17:56:46+01:00;;;
;;OUI;;19;3;;;OUI;OUI;2022-03-10T17:51:38+01:00;;;
;;OUI;;31;5;;;OUI;OUI;2022-03-10T17:57:52+01:00;;;
;;OUI;;21;0;;;OUI;OUI;2022-03-10T17:57:30+01:00;;;
;;OUI;;11;3;;;OUI;OUI;2022-03-10T17:57:37+01:00;;;
;;OUI;;8;16;;;OUI;OUI;2022-03-10T17:57:06+01:00;;;
;;OUI;;10;2;;;OUI;OUI;2022-03-10T17:58:29+01:00;;;
;;OUI;;5;28;;;OUI;OUI;2022-03-10T17:57:49+01:00;;;
;;OUI;;19;5;;;OUI;OUI;2022-03-10T17:53:40+01:00;;;
;;OUI;;9;15;;;OUI;OUI;2022-03-10T17:57:15+01:00;;;
;;OUI;;6;27;;;OUI;OUI;2022-03-10T17:58:39+01:00;;;
;;OUI;;11;9;;;OUI;OUI;2022-03-10T17:58:07+01:00;;;
;;OUI;;13;24;;;OUI;OUI;2022-03-10T17:56:20+01:00;;;
;;OUI;;20;8;;;OUI;OUI;2022-03-10T17:58:07+01:00;;;
;;OUI;;13;12;;;OUI;OUI;2022-03-10T17:55:30+01:00;;;
;;OUI;;2;49;;;OUI;OUI;2022-03-10T17:58:36+01:00;;;
;;OUI;;27;3;;;OUI;OUI;2022-03-10T17:58:12+01:00;;;
;;OUI;;21;1;;;OUI;OUI;2022-03-10T17:57:18+01:00;;;
;;OUI;;15;10;;;OUI;OUI;2022-03-10T17:58:45+01:00;;;
;;OUI;;0;31;;;OUI;OUI;2022-03-10T17:53:20+01:00;;;
;;OUI;;8;12;;;OUI;OUI;2022-03-10T17:58:09+01:00;;;
;;OUI;;20;0;;;OUI;OUI;2022-03-10T17:53:07+01:00;;;
;;OUI;;18;2;;;OUI;OUI;2022-03-10T17:57:29+01:00;;;
;;OUI;;21;1;;;OUI;OUI;2022-03-10T17:58:02+01:00;;;
;;OUI;;23;2;;;OUI;OUI;2022-03-10T17:58:36+01:00;;;
;;OUI;;7;18;;;OUI;OUI;2022-03-10T17:58:28+01:00;;;
;;OUI;;28;6;;;OUI;OUI;2022-03-10T17:58:24+01:00;;;
;;OUI;;23;0;;;OUI;OUI;2022-03-10T17:58:48+01:00;;;
;;OUI;;29;14;;;OUI;OUI;2022-03-10T17:55:37+01:00;;;
;;OUI;;4;28;;;OUI;OUI;2022-03-10T17:58:26+01:00;;;
;;OUI;;40;2;;;OUI;OUI;2022-03-10T17:58:05+01:00;;;
;;OUI;;1;36;;;OUI;OUI;2022-03-10T17:57:51+01:00;;;
;;OUI;;38;7;;;OUI;OUI;2022-03-10T17:54:09+01:00;;;
;;OUI;;1;27;;;OUI;OUI;2022-03-10T17:56:57+01:00;;;
;;OUI;;30;1;;;OUI;OUI;2022-03-10T17:53:29+01:00;;;
;;OUI;;24;1;;;OUI;OUI;2022-03-10T17:57:47+01:00;;;
;;OUI;;31;11;;;OUI;OUI;2022-03-10T17:58:40+01:00;;;
;;OUI;;1;15;;;OUI;OUI;2022-03-10T17:58:32+01:00;;;
;;OUI;;28;8;;;OUI;OUI;2022-03-10T17:55:15+01:00;;;
;;OUI;;27;2;;;OUI;OUI;2022-03-10T17:57:17+01:00;;;
;;OUI;;1;33;;;OUI;OUI;2022-03-10T17:58:36+01:00;;;
;;OUI;;5;39;;;OUI;OUI;2022-03-10T17:58:07+01:00;;;
;;OUI;;18;5;;;OUI;OUI;2022-03-10T17:58:18+01:00;;;
;;OUI;;36;4;;;OUI;OUI;2022-03-10T17:54:37+01:00;;;
;;OUI;;17;13;;;OUI;OUI;2022-03-10T17:57:37+01:00;;;
;;OUI;;4;15;;;OUI;OUI;2022-03-10T17:58:42+01:00;;;
;;OUI;;27;3;;;OUI;OUI;2022-03-10T17:57:29+01:00;;;
;;OUI;;25;3;;;OUI;OUI;2022-03-10T17:53:00+01:00;;;
;;OUI;;11;25;;;OUI;OUI;2022-03-10T17:58:09+01:00;;;
;;OUI;;16;4;;;OUI;OUI;2022-03-10T17:58:46+01:00;;;
;;OUI;;56;7;;;OUI;OUI;2022-03-10T17:58:18+01:00;;;
;;OUI;;49;3;;;OUI;OUI;2022-03-10T17:57:29+01:00;;;
;;OUI;;26;6;;;OUI;OUI;2022-03-10T17:57:40+01:00;;;
;;OUI;;11;9;;;OUI;OUI;2022-03-10T17:57:19+01:00;;;
;;OUI;;7;20;;;OUI;OUI;2022-03-10T17:58:09+01:00;;;
;;OUI;;8;24;;;OUI;OUI;2022-03-10T17:57:49+01:00;;;
;;OUI;;17;20;;;OUI;OUI;2022-03-10T17:58:41+01:00;;;
;;OUI;;14;22;;;OUI;OUI;2022-03-10T17:57:21+01:00;;;
;;OUI;;23;2;;;OUI;OUI;2022-03-10T17:50:07+01:00;;;
;;OUI;;14;21;;;OUI;OUI;2022-03-10T17:58:33+01:00;;;
;;OUI;;36;16;;;OUI;OUI;2022-03-10T17:52:47+01:00;;;
;;OUI;;3;21;;;OUI;OUI;2022-03-10T17:56:33+01:00;;;
;;OUI;;8;12;;;OUI;OUI;2022-03-10T17:57:33+01:00;;;
;;OUI;;35;0;;;OUI;OUI;2022-03-10T17:53:06+01:00;;;
;;OUI;;5;7;;;OUI;OUI;2022-03-10T17:58:33+01:00;;;
;;OUI;;20;6;;;OUI;OUI;2022-03-10T17:57:03+01:00;;;
;;OUI;;23;1;;;OUI;OUI;2022-03-10T17:54:39+01:00;;;
;;OUI;;27;6;;;OUI;OUI;2022-03-10T17:56:37+01:00;;;
;;OUI;;34;1;;;OUI;OUI;2022-03-10T17:50:07+01:00;;;
;;OUI;;20;2;;;OUI;OUI;2022-03-10T17:58:46+01:00;;;
;;OUI;;15;11;;;OUI;OUI;2022-03-10T17:53:57+01:00;;;
;;OUI;;2;12;;;OUI;OUI;2022-03-10T17:58:43+01:00;;;
;;OUI;;23;4;;;OUI;OUI;2022-03-10T17:56:42+01:00;;;
;;OUI;;38;2;;;OUI;OUI;2022-03-10T17:57:07+01:00;;;
;;OUI;;30;2;;;OUI;OUI;2022-03-10T17:55:08+01:00;;;
;;OUI;;10;34;;;OUI;OUI;2022-03-10T17:58:47+01:00;;;
;;OUI;;35;2;;;OUI;OUI;2022-03-10T17:58:07+01:00;;;
;;OUI;;2;28;;;OUI;OUI;2022-03-10T17:57:25+01:00;;;
;;OUI;;20;1;;;OUI;OUI;2022-03-10T17:57:38+01:00;;;
;;OUI;;36;6;;;OUI;OUI;2022-03-10T17:52:14+01:00;;;
;;OUI;;28;11;;;OUI;OUI;2022-03-10T17:58:44+01:00;;;
;;OUI;;34;6;;;OUI;OUI;2022-03-10T17:55:14+01:00;;;
;;OUI;;33;3;;;OUI;OUI;2022-03-10T17:57:17+01:00;;;
;;OUI;;7;11;;;OUI;OUI;2022-03-10T17:57:29+01:00;;;
;;OUI;;37;3;;;OUI;OUI;2022-03-10T17:58:03+01:00;;;
;;OUI;;0;17;;;OUI;OUI;2022-03-10T17:57:33+01:00;;;
;;OUI;;1;24;;;OUI;OUI;2022-03-10T17:58:44+01:00;;;
;;OUI;;25;1;;;OUI;OUI;2022-03-10T17:58:06+01:00;;;
;;OUI;;6;10;;;OUI;OUI;2022-03-10T17:56:56+01:00;;;
;;OUI;;19;6;;;OUI;OUI;2022-03-10T17:58:43+01:00;;;
;;OUI;;41;5;;;OUI;OUI;2022-03-10T17:58:18+01:00;;;
;;OUI;;38;3;;;OUI;OUI;2022-03-10T17:58:09+01:00;;;
;;OUI;;27;0;;;OUI;OUI;2022-03-10T17:57:33+01:00;;;
;;OUI;;11;10;;;OUI;OUI;2022-03-10T17:57:36+01:00;;;
;;OUI;;18;6;;;OUI;OUI;2022-03-10T17:58:48+01:00;;;
;;OUI;;14;17;;;OUI;OUI;2022-03-10T17:53:53+01:00;;;
;;OUI;;9;13;;;OUI;OUI;2022-03-10T17:58:29+01:00;;;
;;OUI;;5;15;;;OUI;OUI;2022-03-10T17:56:43+01:00;;;
;;OUI;;11;1;;;OUI;OUI;2022-03-10T17:58:02+01:00;;;
;;OUI;;18;35;;;OUI;OUI;2022-03-10T17:58:47+01:00;;;
;;OUI;;5;14;;;OUI;OUI;2022-03-10T17:58:22+01:00;;;
;;OUI;;8;11;;;OUI;OUI;2022-03-10T17:57:35+01:00;;;
;;OUI;;13;17;;;OUI;OUI;2022-03-10T17:57:08+01:00;;;
;;OUI;;11;19;;;OUI;OUI;2022-03-10T17:57:36+01:00;;;
;;OUI;;2;14;;;OUI;OUI;2022-03-10T17:57:38+01:00;;;
;;OUI;;23;1;;;OUI;OUI;2022-03-10T17:58:21+01:00;;;
;;OUI;;25;6;;;OUI;OUI;2022-03-10T17:58:21+01:00;;;
;;OUI;;16;42;;;OUI;OUI;2022-03-10T17:58:23+01:00;;;
;;OUI;;14;24;;;OUI;OUI;2022-03-10T17:58:48+01:00;;;
;;OUI;;65;3;;;OUI;OUI;2022-03-10T17:58:48+01:00;;;
;;OUI;;13;16;;;OUI;OUI;2022-03-10T17:58:44+01:00;;;
;;OUI;;13;13;;;OUI;OUI;2022-03-10T17:54:31+01:00;;;
;;OUI;;18;4;;;OUI;OUI;2022-03-10T17:50:33+01:00;;;
;;OUI;;3;63;;;OUI;OUI;2022-03-10T17:58:30+01:00;;;
;;OUI;;2;26;;;OUI;OUI;2022-03-10T17:56:53+01:00;;;
;;OUI;;30;0;;;OUI;OUI;2022-03-10T17:49:08+01:00;;;
;;OUI;;8;9;;;OUI;OUI;2022-03-10T17:58:20+01:00;;;
;;OUI;;13;15;;;OUI;OUI;2022-03-10T17:57:24+01:00;;;
;;OUI;;17;3;;;OUI;OUI;2022-03-10T17:56:55+01:00;;;
;;OUI;;31;4;;;OUI;OUI;2022-03-10T17:54:07+01:00;;;
;;OUI;;25;4;;;OUI;OUI;2022-03-10T17:57:20+01:00;;;
;;OUI;;24;6;;;OUI;OUI;2022-03-10T17:57:48+01:00;;;
;;OUI;;42;3;;;OUI;OUI;2022-03-10T17:58:32+01:00;;;
;;OUI;;16;10;;;OUI;OUI;2022-03-10T17:57:27+01:00;;;
;;OUI;;33;0;;;OUI;OUI;2022-03-10T17:56:58+01:00;;;
;;OUI;;27;1;;;OUI;OUI;2022-03-10T17:51:47+01:00;;;
;;OUI;;7;26;;;OUI;OUI;2022-03-10T17:58:08+01:00;;;
;;OUI;;26;9;;;OUI;OUI;2022-03-10T17:58:21+01:00;;;
;;OUI;;26;4;;;OUI;OUI;2022-03-10T17:57:44+01:00;;;
;;OUI;;38;8;;;OUI;OUI;2022-03-10T17:55:42+01:00;;;
;;OUI;;6;23;;;OUI;OUI;2022-03-10T17:58:24+01:00;;;
;;OUI;;19;0;;;NON;NON;2022-02-06T23:10:33+01:00;;;
;;OUI;;21;9;;;OUI;OUI;2022-03-10T17:56:02+01:00;;;
;;OUI;;7;36;;;OUI;OUI;2022-03-10T17:55:36+01:00;;;
;;OUI;;8;17;;;OUI;OUI;2022-03-10T17:57:44+01:00;;;
;;OUI;;8;12;;;OUI;OUI;2022-03-10T17:58:14+01:00;;;
;;OUI;;11;9;;;OUI;OUI;2022-03-10T17:57:21+01:00;;;
;;OUI;;2;30;;;OUI;OUI;2022-03-10T17:58:22+01:00;;;
;;OUI;;7;13;;;OUI;OUI;2022-03-10T17:54:23+01:00;;;
;;OUI;;7;21;;;OUI;OUI;2022-03-10T17:57:33+01:00;;;
;;OUI;;29;6;;;OUI;OUI;2022-03-10T17:57:46+01:00;;;
;;OUI;;18;5;;;OUI;OUI;2022-03-10T17:56:16+01:00;;;
;;OUI;;14;41;;;OUI;OUI;2022-03-10T17:58:19+01:00;;;
;;OUI;;32;3;;;OUI;OUI;2022-03-10T17:58:20+01:00;;;
;;OUI;;16;11;;;OUI;OUI;2022-03-10T17:58:34+01:00;;;
;;OUI;;19;8;;;OUI;OUI;2022-03-10T17:52:55+01:00;;;
;;OUI;;16;4;;;OUI;OUI;2022-03-10T17:57:07+01:00;;;
;;OUI;;19;14;;;OUI;OUI;2022-03-10T17:58:38+01:00;;;
;;OUI;;16;4;;;OUI;OUI;2022-03-10T17:54:49+01:00;;;
;;OUI;;19;3;;;OUI;OUI;2022-03-10T17:55:50+01:00;;;
;;OUI;;16;4;;;OUI;OUI;2022-03-10T17:54:15+01:00;;;
;;OUI;;25;1;;;OUI;OUI;2022-03-10T17:53:53+01:00;;;
;;OUI;;22;1;;;OUI;OUI;2022-03-10T17:55:05+01:00;;;
;;OUI;;14;21;;;OUI;OUI;2022-03-10T17:56:51+01:00;;;
;;OUI;;24;1;;;OUI;OUI;2022-03-10T17:56:44+01:00;;;
;;OUI;;26;1;;;OUI;OUI;2022-03-10T17:58:26+01:00;;;
;;OUI;;8;15;;;OUI;OUI;2022-03-10T17:58:38+01:00;;;
;;OUI;;6;31;;;OUI;OUI;2022-03-10T17:58:37+01:00;;;
;;OUI;;9;20;;;OUI;OUI;2022-03-10T17:57:48+01:00;;;
;;OUI;;10;12;;;OUI;OUI;2022-03-10T17:57:53+01:00;;;
;;OUI;;14;14;;;OUI;OUI;2022-03-10T17:58:41+01:00;;;
;;OUI;;5;18;;;OUI;OUI;2022-03-10T17:58:05+01:00;;;
;;OUI;;16;2;;;OUI;OUI;2022-03-10T17:58:24+01:00;;;
;;OUI;;17;3;;;OUI;OUI;2022-03-10T17:57:11+01:00;;;
;;OUI;;3;25;;;OUI;OUI;2022-03-10T17:57:26+01:00;;;
;;OUI;;19;9;;;OUI;OUI;2022-03-10T17:56:37+01:00;;;
;;OUI;;18;12;;;OUI;OUI;2022-03-10T17:54:14+01:00;;;
;;OUI;;12;15;;;OUI;OUI;2022-03-10T17:56:23+01:00;;;
;;OUI;;28;4;;;OUI;OUI;2022-03-10T17:58:47+01:00;;;
;;OUI;;5;23;;;OUI;OUI;2022-03-10T17:58:41+01:00;;;
;;OUI;;2;42;;;OUI;OUI;2022-03-10T17:56:26+01:00;;;
;;OUI;;48;4;;;OUI;OUI;2022-03-10T17:57:52+01:00;;;
;;OUI;;24;0;;;OUI;OUI;2022-03-10T17:53:50+01:00;;;
;;OUI;;20;0;;;OUI;OUI;2022-03-10T17:57:11+01:00;;;
;;OUI;;6;12;;;OUI;OUI;2022-03-10T17:57:18+01:00;;;
;;OUI;;21;14;;;OUI;OUI;2022-03-10T17:57:15+01:00;;;
;;OUI;;9;13;;;OUI;OUI;2022-03-10T17:57:07+01:00;;;
;;OUI;;23;10;;;OUI;OUI;2022-03-10T17:56:20+01:00;;;
;;OUI;;21;3;;;OUI;OUI;2022-03-10T17:55:39+01:00;;;
;;OUI;;17;8;;;OUI;OUI;2022-03-10T17:56:01+01:00;;;
;;OUI;;1;17;;;OUI;OUI;2022-03-10T17:58:23+01:00;;;
;;OUI;;47;3;;;OUI;OUI;2022-03-10T17:58:26+01:00;;;
;;OUI;;6;24;;;OUI;OUI;2022-03-10T17:58:14+01:00;;;
;;OUI;;5;25;;;OUI;OUI;2022-03-10T17:58:24+01:00;;;
;;OUI;;8;20;;;OUI;OUI;2022-03-10T17:58:48+01:00;;;
;;OUI;;44;6;;;OUI;OUI;2022-03-10T17:57:38+01:00;;;
;;OUI;;22;3;;;OUI;OUI;2022-03-10T17:53:32+01:00;;;
;;OUI;;62;5;;;OUI;OUI;2022-03-10T17:56:20+01:00;;;
;;OUI;;10;18;;;OUI;OUI;2022-03-10T17:58:43+01:00;;;
;;OUI;;27;3;;;OUI;OUI;2022-03-10T17:57:56+01:00;;;
;;OUI;;6;24;;;OUI;OUI;2022-03-10T17:55:58+01:00;;;
;;OUI;;9;39;;;OUI;OUI;2022-03-10T17:58:46+01:00;;;
;;OUI;;25;0;;;OUI;OUI;2022-03-10T17:54:32+01:00;;;
;;OUI;;35;11;;;OUI;OUI;2022-03-10T17:57:03+01:00;;;
;;OUI;;4;17;;;OUI;OUI;2022-03-10T17:58:23+01:00;;;
;;OUI;;6;11;;;OUI;OUI;2022-03-10T17:57:54+01:00;;;
;;OUI;;1;26;;;OUI;OUI;2022-03-10T17:56:16+01:00;;;
;;OUI;;15;8;;;OUI;OUI;2022-03-10T17:58:41+01:00;;;
;;OUI;;10;10;;;OUI;OUI;2022-03-10T17:56:02+01:00;;;
;;OUI;;13;13;;;OUI;OUI;2022-03-10T17:54:29+01:00;;;
;;OUI;;35;1;;;OUI;OUI;2022-03-10T17:57:50+01:00;;;
;;OUI;;26;3;;;OUI;OUI;2022-03-10T17:58:39+01:00;;;
;;OUI;;4;16;;;OUI;OUI;2022-03-10T17:52:29+01:00;;;
;;OUI;;5;11;;;OUI;OUI;2022-03-10T17:55:42+01:00;;;
;;OUI;;24;9;;;OUI;OUI;2022-03-10T17:57:28+01:00;;;
;;OUI;;22;3;;;OUI;OUI;2022-03-10T17:58:44+01:00;;;
;;OUI;;33;1;;;OUI;OUI;2022-03-10T17:54:45+01:00;;;
;;OUI;;32;1;;;OUI;OUI;2022-03-10T17:58:06+01:00;;;
;;OUI;;10;12;;;OUI;OUI;2022-03-10T17:57:02+01:00;;;
;;OUI;;16;33;;;OUI;OUI;2022-03-10T17:58:44+01:00;;;
;;OUI;;31;0;;;OUI;OUI;2022-03-10T17:57:48+01:00;;;
;;OUI;;30;6;;;OUI;OUI;2022-03-10T17:57:58+01:00;;;
;;OUI;;7;15;;;OUI;OUI;2022-03-10T17:56:33+01:00;;;
;;OUI;;20;0;;;OUI;OUI;2022-03-10T17:52:28+01:00;;;
;;OUI;;16;8;;;OUI;OUI;2022-03-10T17:57:37+01:00;;;
;;OUI;;4;30;;;OUI;OUI;2022-03-10T17:57:34+01:00;;;
;;OUI;;25;10;;;OUI;OUI;2022-03-10T17:58:00+01:00;;;
;;OUI;;17;0;;;OUI;OUI;2022-03-10T17:55:45+01:00;;;
;;OUI;;17;7;;;OUI;OUI;2022-03-10T17:57:27+01:00;;;
;;OUI;;25;2;;;OUI;OUI;2022-03-10T17:58:47+01:00;;;
;;OUI;;2;26;;;OUI;OUI;2022-03-10T17:58:24+01:00;;;
;;OUI;;8;11;;;OUI;OUI;2022-03-10T17:56:27+01:00;;;
;;OUI;;25;2;;;OUI;OUI;2022-03-10T17:55:23+01:00;;;
;;OUI;;19;1;;;OUI;OUI;2022-03-10T17:50:21+01:00;;;
;;OUI;;30;0;;;OUI;OUI;2022-03-10T17:57:19+01:00;;;
;;OUI;;22;1;;;OUI;OUI;2022-03-10T17:49:46+01:00;;;
;;OUI;;10;12;;;OUI;OUI;2022-03-10T17:54:51+01:00;;;
;;OUI;;47;21;;;OUI;OUI;2022-03-10T17:56:58+01:00;;;
;;OUI;;18;7;;;OUI;OUI;2022-03-10T17:56:36+01:00;;;
;;OUI;;15;1;;;OUI;OUI;2022-03-10T17:56:57+01:00;;;
;;OUI;;16;51;;;OUI;OUI;2022-03-10T17:58:44+01:00;;;
;;OUI;;16;13;;;OUI;OUI;2022-03-10T17:58:42+01:00;;;
;;OUI;;11;26;;;OUI;OUI;2022-03-10T17:58:10+01:00;;;
;;OUI;;7;33;;;OUI;OUI;2022-03-10T17:57:59+01:00;;;
;;OUI;;5;19;;;OUI;OUI;2022-03-10T17:58:38+01:00;;;
;;OUI;;15;3;;;OUI;OUI;2022-03-10T17:57:41+01:00;;;
;;OUI;;1;23;;;OUI;OUI;2022-03-10T17:57:37+01:00;;;
;;OUI;;25;0;;;OUI;OUI;2022-03-10T17:54:14+01:00;;;
;;OUI;;23;0;;;OUI;OUI;2022-03-10T17:57:30+01:00;;;
;;OUI;;10;22;;;OUI;OUI;2022-03-10T17:57:30+01:00;;;
;;OUI;;15;3;;;OUI;OUI;2022-03-10T17:54:33+01:00;;;
;;OUI;;31;4;;;OUI;OUI;2022-03-10T17:52:44+01:00;;;
;;OUI;;20;10;;;OUI;OUI;2022-03-10T17:55:56+01:00;;;
;;OUI;;35;30;;;OUI;OUI;2022-03-10T17:58:24+01:00;;;
;;OUI;;9;10;;;OUI;OUI;2022-03-10T17:56:09+01:00;;;
;;OUI;;1;29;;;OUI;OUI;2022-03-10T17:56:03+01:00;;;
;;OUI;;4;12;;;OUI;OUI;2022-03-10T17:58:28+01:00;;;
;;OUI;;27;9;;;OUI;OUI;2022-03-10T17:57:57+01:00;;;
;;OUI;;30;3;;;OUI;OUI;2022-03-10T17:57:23+01:00;;;
;;OUI;;15;7;;;OUI;OUI;2022-03-10T17:58:23+01:00;;;
;;OUI;;0;21;;;OUI;OUI;2022-03-10T17:58:22+01:00;;;
;;OUI;;31;9;;;OUI;OUI;2022-03-10T17:58:40+01:00;;;
;;OUI;;34;0;;;OUI;OUI;2022-03-10T17:54:30+01:00;;;
;;OUI;;16;3;;;OUI;OUI;2022-03-10T17:58:24+01:00;;;
;;OUI;;19;3;;;OUI;OUI;2022-03-10T17:55:48+01:00;;;
;;OUI;;29;22;;;OUI;OUI;2022-03-10T17:56:44+01:00;;;
;;OUI;;2;14;;;OUI;OUI;2022-03-10T17:57:57+01:00;;;
;;OUI;;15;11;;;OUI;OUI;2022-03-10T17:48:59+01:00;;;
;;OUI;;28;0;;;NON;NON;2021-02-28T15:26:50+01:00;;;
;;OUI;;5;16;;;OUI;OUI;2022-03-10T17:57:47+01:00;;;
;;OUI;;19;9;;;OUI;OUI;2022-03-10T17:57:46+01:00;;;
;;OUI;;31;1;;;OUI;OUI;2022-03-10T17:54:21+01:00;;;
;;OUI;;14;18;;;OUI;OUI;2022-03-10T17:53:46+01:00;;;
;;OUI;;5;32;;;OUI;OUI;2022-03-10T17:56:44+01:00;;;
;;OUI;;22;6;;;OUI;OUI;2022-03-10T17:58:38+01:00;;;
;;OUI;;22;5;;;OUI;OUI;2022-03-10T17:58:47+01:00;;;
;;OUI;;18;12;;;OUI;OUI;2022-03-10T17:57:31+01:00;;;
;;OUI;;12;13;;;OUI;OUI;2022-03-10T17:57:40+01:00;;;
;;OUI;;13;24;;;OUI;OUI;2022-03-10T17:56:51+01:00;;;
;;OUI;;8;12;;;OUI;OUI;2022-03-10T17:53:22+01:00;;;
;;OUI;;3;17;;;OUI;OUI;2022-03-10T17:58:46+01:00;;;
;;OUI;;22;3;;;OUI;OUI;2022-03-10T17:57:35+01:00;;;
;;OUI;;12;15;;;OUI;OUI;2022-03-10T09:49:29+01:00;;;
;;OUI;;31;2;;;OUI;OUI;2022-03-10T17:54:06+01:00;;;
;;OUI;;21;7;;;OUI;OUI;2022-03-10T17:58:48+01:00;;;
;;OUI;;53;3;;;OUI;OUI;2022-03-10T17:58:08+01:00;;;
;;OUI;;5;50;;;OUI;OUI;2022-03-10T17:57:31+01:00;;;
;;OUI;;44;5;;;OUI;OUI;2022-03-10T17:58:16+01:00;;;
;;OUI;;22;8;;;OUI;OUI;2022-03-10T17:54:45+01:00;;;
;;OUI;;50;2;;;OUI;OUI;2022-03-10T17:57:26+01:00;;;
;;OUI;;9;9;;;OUI;OUI;2022-03-10T17:54:38+01:00;;;
;;OUI;;14;6;;;OUI;OUI;2022-03-10T17:56:45+01:00;;;
;;OUI;;32;8;;;OUI;OUI;2022-03-10T17:58:48+01:00;;;
;;OUI;;29;9;;;OUI;OUI;2022-03-10T17:56:40+01:00;;;
;;OUI;;24;0;;;OUI;OUI;2022-03-10T17:52:26+01:00;;;
;;OUI;;26;27;;;OUI;OUI;2022-03-10T17:58:32+01:00;;;
;;OUI;;0;0;;;NON;NON;2021-09-24T20:54:27+02:00;;;
;;OUI;;15;15;;;OUI;OUI;2022-03-10T17:58:22+01:00;;;
;;OUI;;17;4;;;OUI;OUI;2022-03-10T17:58:18+01:00;;;
;;OUI;;15;6;;;OUI;OUI;2022-03-10T17:58:27+01:00;;;
;;OUI;;17;7;;;OUI;OUI;2022-03-10T17:58:27+01:00;;;
;;OUI;;25;8;;;OUI;OUI;2022-03-10T17:58:06+01:00;;;
;;OUI;;20;4;;;OUI;OUI;2022-03-10T17:57:20+01:00;;;
;;OUI;;19;4;;;OUI;OUI;2022-03-10T17:56:46+01:00;;;
;;NON;;0;0;;;NON;NON;2019-09-06T13:33:04+02:00;;;
;;OUI;;24;14;;;OUI;OUI;2022-03-10T17:55:26+01:00;;;
;;OUI;;19;1;;;OUI;OUI;2022-03-10T17:52:32+01:00;;;
;;OUI;;18;2;;;OUI;OUI;2022-03-10T17:52:49+01:00;;;
;;OUI;;10;21;;;OUI;OUI;2022-03-10T17:57:24+01:00;;;
;;OUI;;31;8;;;OUI;OUI;2022-03-10T17:57:52+01:00;;;
;;OUI;;9;26;;;OUI;OUI;2022-03-10T17:58:11+01:00;;;
;;OUI;;7;11;;;OUI;OUI;2022-03-10T17:56:37+01:00;;;
;;OUI;;12;20;;;OUI;OUI;2022-03-10T17:58:32+01:00;;;
;;OUI;;23;10;;;OUI;OUI;2022-03-10T17:57:57+01:00;;;
;;OUI;;45;10;;;OUI;OUI;2022-03-10T17:56:45+01:00;;;
;;OUI;;28;0;;;OUI;OUI;2022-03-10T17:52:16+01:00;;;
;;OUI;;19;2;;;OUI;OUI;2022-03-10T17:55:48+01:00;;;
;;OUI;;48;14;;;OUI;OUI;2022-03-10T16:50:09+01:00;;;
;;OUI;;3;41;;;OUI;OUI;2022-03-10T17:56:17+01:00;;;
;;OUI;;27;2;;;OUI;OUI;2022-03-10T17:58:39+01:00;;;
;;OUI;;12;7;;;OUI;OUI;2022-03-10T17:55:39+01:00;;;
;;NON;;49;0;;;NON;NON;2019-05-17T09:28:29+02:00;;;
;;OUI;;36;4;;;OUI;OUI;2022-03-10T17:58:10+01:00;;;
;;OUI;;57;3;;;OUI;OUI;2022-03-10T17:57:01+01:00;;;
;;OUI;;18;2;;;OUI;OUI;2022-03-10T17:58:46+01:00;;;
;;OUI;;22;6;;;OUI;OUI;2022-03-10T17:58:28+01:00;;;
;;OUI;;2;31;;;OUI;OUI;2022-03-10T17:55:13+01:00;;;
;;OUI;;12;27;;;OUI;OUI;2022-03-10T17:58:24+01:00;;;
;;OUI;;14;16;;;OUI;OUI;2022-03-10T17:55:34+01:00;;;
;;OUI;;17;8;;;OUI;OUI;2022-03-10T17:56:28+01:00;;;
;;OUI;;19;11;;;OUI;OUI;2022-03-10T17:52:12+01:00;;;
;;OUI;;36;1;;;OUI;OUI;2022-03-10T17:54:20+01:00;;;
;;OUI;;25;1;;;OUI;OUI;2022-03-10T17:55:36+01:00;;;
;;OUI;;29;3;;;OUI;OUI;2022-03-10T17:58:46+01:00;;;
;;OUI;;22;43;;;OUI;OUI;2022-03-10T17:58:48+01:00;;;
;;OUI;;42;5;;;OUI;OUI;2022-03-10T17:58:39+01:00;;;
;;OUI;;12;46;;;OUI;OUI;2022-03-10T17:58:28+01:00;;;
;;OUI;;26;10;;;OUI;OUI;2022-03-10T17:58:32+01:00;;;
;;OUI;;15;2;;;OUI;OUI;2022-03-10T17:57:54+01:00;;;
;;OUI;;8;12;;;OUI;OUI;2022-03-10T17:56:52+01:00;;;
;;OUI;;9;21;;;OUI;OUI;2022-03-10T17:58:22+01:00;;;
;;OUI;;34;3;;;OUI;OUI;2022-03-10T17:50:05+01:00;;;
;;OUI;;40;5;;;OUI;OUI;2022-03-10T17:56:18+01:00;;;
;;OUI;;19;3;;;OUI;OUI;2022-03-10T17:54:18+01:00;;;
;;OUI;;41;4;;;OUI;OUI;2022-03-10T17:57:44+01:00;;;
;;OUI;;26;3;;;OUI;OUI;2022-03-10T17:54:55+01:00;;;
;;OUI;;12;22;;;OUI;OUI;2022-03-10T17:55:54+01:00;;;
;;OUI;;20;34;;;OUI;OUI;2022-03-10T17:58:30+01:00;;;
;;NON;;0;0;;;NON;NON;2021-10-22T10:43:20+02:00;;;
;;OUI;;10;20;;;OUI;OUI;2022-03-10T17:57:01+01:00;;;
;;OUI;;20;10;;;OUI;OUI;2022-03-10T17:57:28+01:00;;;
;;OUI;;26;7;;;OUI;OUI;2022-03-10T17:58:10+01:00;;;
;;OUI;;30;5;;;OUI;OUI;2022-03-10T17:55:38+01:00;;;
;;OUI;;22;5;;;OUI;OUI;2022-03-10T17:58:32+01:00;;;
;;OUI;;2;59;;;OUI;OUI;2022-03-10T17:58:48+01:00;;;
;;OUI;;10;2;;;OUI;OUI;2022-03-10T17:58:20+01:00;;;
;;OUI;;12;65;;;OUI;OUI;2022-03-10T17:58:38+01:00;;;
;;OUI;;43;7;;;OUI;OUI;2022-03-10T17:55:36+01:00;;;
;;OUI;;16;6;;;OUI;OUI;2022-03-10T17:57:05+01:00;;;
;;OUI;;14;18;;;OUI;OUI;2022-03-10T17:58:14+01:00;;;
;;OUI;;29;7;;;OUI;OUI;2022-03-10T17:58:37+01:00;;;
;;OUI;;18;3;;;OUI;OUI;2022-03-10T17:58:30+01:00;;;
;;OUI;;36;9;;;OUI;OUI;2022-03-10T17:54:12+01:00;;;
;;OUI;;28;7;;;OUI;OUI;2022-03-10T17:57:16+01:00;;;
;;OUI;;8;16;;;OUI;OUI;2022-03-10T17:56:56+01:00;;;
;;OUI;;25;8;;;OUI;OUI;2022-03-10T17:57:41+01:00;;;
;;OUI;;29;7;;;OUI;OUI;2022-03-10T17:58:27+01:00;;;
;;OUI;;17;3;;;OUI;OUI;2022-03-10T17:57:05+01:00;;;
;;OUI;;16;9;;;OUI;OUI;2022-03-10T17:57:58+01:00;;;
;;OUI;;28;4;;;OUI;OUI;2022-03-10T17:58:12+01:00;;;
;;OUI;;32;3;;;OUI;OUI;2022-03-10T17:55:42+01:00;;;
;;OUI;;2;58;;;OUI;OUI;2022-03-10T17:58:33+01:00;;;
;;OUI;;26;4;;;OUI;OUI;2022-03-10T17:58:46+01:00;;;
;;OUI;;21;4;;;OUI;OUI;2022-03-10T17:58:17+01:00;;;
;;OUI;;22;6;;;OUI;OUI;2022-03-10T17:53:22+01:00;;;
;;OUI;;14;3;;;OUI;OUI;2022-03-10T17:57:13+01:00;;;
;;OUI;;10;20;;;OUI;OUI;2022-03-10T17:57:41+01:00;;;
;;OUI;;20;9;;;OUI;OUI;2022-03-10T17:56:57+01:00;;;
;;OUI;;33;4;;;OUI;OUI;2022-03-10T17:58:41+01:00;;;
;;OUI;;13;16;;;OUI;OUI;2022-03-10T17:57:29+01:00;;;
;;OUI;;32;6;;;OUI;OUI;2022-03-10T17:55:51+01:00;;;
;;OUI;;30;30;;;OUI;OUI;2022-03-10T17:58:48+01:00;;;
;;OUI;;17;2;;;OUI;OUI;2022-03-10T17:56:39+01:00;;;
;;OUI;;30;4;;;OUI;OUI;2022-03-10T17:57:50+01:00;;;
;;OUI;;28;5;;;OUI;OUI;2022-03-10T17:55:55+01:00;;;
;;OUI;;33;0;;;OUI;OUI;2022-03-10T17:58:40+01:00;;;
;;OUI;;42;4;;;OUI;OUI;2022-03-10T17:57:44+01:00;;;
;;OUI;;47;1;;;OUI;OUI;2022-03-10T17:58:17+01:00;;;
;;OUI;;7;18;;;OUI;OUI;2022-03-10T17:58:25+01:00;;;
;;OUI;;30;3;;;OUI;OUI;2022-03-10T17:57:56+01:00;;;
;;OUI;;63;4;;;OUI;OUI;2022-03-10T17:58:33+01:00;;;
;;OUI;;14;5;;;OUI;OUI;2022-03-10T17:58:02+01:00;;;
;;OUI;;17;2;;;OUI;OUI;2022-03-10T17:57:52+01:00;;;
;;OUI;;29;1;;;OUI;OUI;2022-03-10T17:57:09+01:00;;;
;;OUI;;6;20;;;OUI;OUI;2022-03-10T17:58:37+01:00;;;
;;OUI;;14;3;;;OUI;OUI;2022-03-10T17:58:34+01:00;;;
;;OUI;;6;31;;;OUI;OUI;2022-03-10T17:57:27+01:00;;;
;;OUI;;32;3;;;OUI;OUI;2022-03-10T17:58:24+01:00;;;
;;OUI;;35;19;;;OUI;OUI;2022-03-10T17:56:26+01:00;;;
;;OUI;;26;10;;;OUI;OUI;2022-03-10T17:55:51+01:00;;;
;;OUI;;24;4;;;OUI;OUI;2022-03-10T17:58:35+01:00;;;
;;OUI;;4;20;;;OUI;OUI;2022-03-10T17:58:16+01:00;;;
;;OUI;;32;4;;;OUI;OUI;2022-03-10T17:58:12+01:00;;;
;;OUI;;21;5;;;OUI;OUI;2022-03-10T17:58:44+01:00;;;
;;OUI;;22;2;;;OUI;OUI;2022-03-10T17:53:56+01:00;;;
;;OUI;;23;5;;;OUI;OUI;2022-03-10T17:56:30+01:00;;;
;;NON;;30;0;;;NON;NON;2022-02-22T06:06:34+01:00;;;
;;OUI;;12;44;;;OUI;OUI;2022-03-10T17:57:55+01:00;;;
;;OUI;;16;10;;;OUI;OUI;2022-03-10T17:56:19+01:00;;;
;;OUI;;67;0;;;NON;NON;2020-06-29T14:52:20+02:00;;;
;;OUI;;18;4;;;OUI;OUI;2022-03-10T17:58:23+01:00;;;
;;OUI;;4;17;;;OUI;OUI;2022-03-10T17:58:35+01:00;;;
;;NON;;0;0;;;NON;NON;2021-07-29T14:21:54+02:00;;;
;;OUI;;19;20;;;OUI;OUI;2022-03-10T17:58:27+01:00;;;
;;OUI;;26;6;;;OUI;OUI;2022-03-10T17:53:14+01:00;;;
;;OUI;;18;17;;;OUI;OUI;2022-03-10T17:57:13+01:00;;;
;;OUI;;9;7;;;OUI;OUI;2022-03-10T17:53:17+01:00;;;
;;OUI;;20;6;;;OUI;OUI;2022-03-10T17:58:35+01:00;;;
;;OUI;;4;16;;;OUI;OUI;2022-03-10T17:56:58+01:00;;;
;;OUI;;21;2;;;OUI;OUI;2022-03-10T17:52:04+01:00;;;
;;OUI;;17;8;;;OUI;OUI;2022-03-10T17:55:09+01:00;;;
;;OUI;;22;9;;;OUI;OUI;2022-03-10T17:57:41+01:00;;;
;;OUI;;23;7;;;OUI;OUI;2022-03-10T17:55:17+01:00;;;
;;OUI;;6;62;;;OUI;OUI;2022-03-10T17:57:55+01:00;;;
;;OUI;;14;8;;;OUI;OUI;2022-03-10T17:55:47+01:00;;;
;;OUI;;8;15;;;OUI;OUI;2022-03-10T17:55:55+01:00;;;
;;OUI;;27;17;;;OUI;OUI;2022-03-10T17:57:30+01:00;;;
;;OUI;;28;12;;;OUI;OUI;2022-03-10T17:52:43+01:00;;;
;;OUI;;19;9;;;OUI;OUI;2022-03-10T17:58:22+01:00;;;
;;NON;;26;0;;;NON;NON;2021-11-17T12:15:51+01:00;;;
;;OUI;;6;26;;;OUI;OUI;2022-03-10T17:57:34+01:00;;;
;;OUI;;22;8;;;OUI;OUI;2022-03-10T17:57:32+01:00;;;
;;OUI;;18;12;;;OUI;OUI;2022-03-10T17:57:36+01:00;;;
;;OUI;;23;1;;;OUI;OUI;2022-03-10T17:58:05+01:00;;;
;;OUI;;10;18;;;OUI;OUI;2022-03-10T17:54:51+01:00;;;
;;OUI;;29;11;;;OUI;OUI;2022-03-10T17:55:14+01:00;;;
;;OUI;;30;5;;;OUI;OUI;2022-03-10T17:58:20+01:00;;;
;;OUI;;34;1;;;OUI;OUI;2022-03-10T17:58:06+01:00;;;
;;OUI;;52;7;;;OUI;OUI;2022-03-10T17:58:31+01:00;;;
;;OUI;;2;32;;;OUI;OUI;2022-03-10T17:55:40+01:00;;;
;;OUI;;5;64;;;OUI;OUI;2022-03-10T17:58:29+01:00;;;
;;OUI;;4;38;;;OUI;OUI;2022-03-10T17:58:38+01:00;;;
;;OUI;;1;21;;;OUI;OUI;2022-03-10T17:58:18+01:00;;;
;;OUI;;15;12;;;OUI;OUI;2022-03-10T17:58:33+01:00;;;
